country,iso_code,year,is_asean,is_monsun,lat,lon,populasi,luc_pc,ch4_pc,n2o_pc,co2_pc,l_luc_pc,l_ch4_pc,l_n2o_pc,l_co2_pc
Afghanistan,AFG,1961,0,0,34.5553,69.2075,9214082.0,1.585,0.948,0.317,0.053,0.9497255079603925,0.6668032052203433,0.27535642276114397,0.05164323315183845
Afghanistan,AFG,1962,0,0,34.5553,69.2075,9404410.0,1.405,0.949,0.307,0.073,0.8775499035577246,0.6673164205254237,0.2677344346420849,0.07045846364856141
Afghanistan,AFG,1963,0,0,34.5553,69.2075,9604491.0,1.317,0.955,0.306,0.074,0.8402732454502392,0.6703901934373291,0.26696903085423934,0.07138999608667294
Afghanistan,AFG,1964,0,0,34.5553,69.2075,9814317.0,1.011,0.949,0.306,0.085,0.6986321107905149,0.6673164205254237,0.26696903085423934,0.08157998699242287
Afghanistan,AFG,1965,0,0,34.5553,69.2075,10036003.0,1.024,0.948,0.307,0.1,0.7050757514252192,0.6668032052203433,0.2677344346420849,0.09531017980432487
Afghanistan,AFG,1966,0,0,34.5553,69.2075,10266397.0,0.883,0.957,0.307,0.106,0.6328662496750154,0.6714126884139392,0.2677344346420849,0.10074990310014305
Afghanistan,AFG,1967,0,0,34.5553,69.2075,10505961.0,0.698,0.938,0.308,0.122,0.5294510878891555,0.6616565134685745,0.26849925303500694,0.11511280710050457
Afghanistan,AFG,1968,0,0,34.5553,69.2075,10756924.0,0.637,0.93,0.315,0.114,0.49286529838899784,0.6575200029167942,0.27383666562972786,0.10795714150509228
Afghanistan,AFG,1969,0,0,34.5553,69.2075,11017417.0,0.566,0.889,0.306,0.085,0.44852459756861135,0.6360475885193725,0.26696903085423934,0.08157998699242287
Afghanistan,AFG,1970,0,0,34.5553,69.2075,11290134.0,0.57,0.873,0.3,0.148,0.4510756193602167,0.6275414234619514,0.26236426446749106,0.13802129789737466
Afghanistan,AFG,1971,0,0,34.5553,69.2075,11567672.0,0.492,0.848,0.29,0.164,0.40011750178156913,0.6141039732194924,0.25464221837358075,0.15186234930924608
Afghanistan,AFG,1972,0,0,34.5553,69.2075,11853698.0,0.435,0.702,0.221,0.129,0.3611648492115844,0.5318040301511824,0.19967019512856762,0.12133228516752496
Afghanistan,AFG,1973,0,0,34.5553,69.2075,12158000.0,0.359,0.714,0.239,0.135,0.30674913516900665,0.538829820175588,0.21430460264700538,0.126632650933366
Afghanistan,AFG,1974,0,0,34.5553,69.2075,12469127.0,0.316,0.739,0.253,0.153,0.2745968329031255,0.553310235372146,0.22554067591393126,0.14236724128692196
Afghanistan,AFG,1975,0,0,34.5553,69.2075,12773966.0,0.281,0.766,0.268,0.166,0.24764102291459722,0.5687171021817683,0.2374408560150342,0.15357908792830063
Afghanistan,AFG,1976,0,0,34.5553,69.2075,13059861.0,0.252,0.762,0.27,0.152,0.22474227267790678,0.5664495275139878,0.23901690047049992,0.1414995622736995
Afghanistan,AFG,1977,0,0,34.5553,69.2075,13340758.0,0.225,0.732,0.259,0.179,0.20294084399669032,0.5492768101402434,0.2303177550622101,0.16466662155523387
Afghanistan,AFG,1978,0,0,34.5553,69.2075,13611444.0,0.193,0.718,0.25,0.158,0.17647114311577908,0.5411608235620636,0.22314355131420976,0.1466943791508035
Afghanistan,AFG,1979,0,0,34.5553,69.2075,13655575.0,0.202,0.702,0.242,0.164,0.18398683611301583,0.5318040301511824,0.21672298351128702,0.15186234930924608
Afghanistan,AFG,1980,0,0,34.5553,69.2075,13169313.0,0.196,0.729,0.254,0.133,0.17898265552844,0.5475432067011534,0.22633844221072896,0.12486898204586927
Afghanistan,AFG,1981,0,0,34.5553,69.2075,11937586.0,0.226,0.805,0.278,0.166,0.20375683751401966,0.5905605917848443,0.24529635595534308,0.15357908792830063
Afghanistan,AFG,1982,0,0,34.5553,69.2075,10991380.0,0.198,0.869,0.306,0.191,0.1806534996932576,0.6254035284734257,0.26696903085423934,0.17479329037316305
Afghanistan,AFG,1983,0,0,34.5553,69.2075,10917985.0,0.195,0.832,0.29,0.231,0.178146185383474,0.6054082662519386,0.25464221837358075,0.20782684720231648
Afghanistan,AFG,1984,0,0,34.5553,69.2075,11190222.0,0.166,0.727,0.268,0.252,0.15357908792830063,0.5463857991645416,0.2374408560150342,0.22474227267790678
Afghanistan,AFG,1985,0,0,34.5553,69.2075,11426855.0,0.138,0.646,0.244,0.306,0.12927233570413918,0.4983481022548781,0.2183319943169877,0.26696903085423934
Afghanistan,AFG,1986,0,0,34.5553,69.2075,11420074.0,0.111,0.543,0.209,0.274,0.10526051065749295,0.43372857338102383,0.18979357163265562,0.24216155714997162
Afghanistan,AFG,1987,0,0,34.5553,69.2075,11387822.0,0.09,0.574,0.227,0.273,0.08617769624105233,0.45362014999521144,0.2045721657287744,0.24137631957526948
Afghanistan,AFG,1988,0,0,34.5553,69.2075,11523299.0,0.088,0.591,0.234,0.248,0.08434114843375087,0.4643627493556498,0.21026092548319608,0.22154226994723591
Afghanistan,AFG,1989,0,0,34.5553,69.2075,11874089.0,0.078,0.559,0.225,0.233,0.07510747248680541,0.4440445900756395,0.20294084399669032,0.20945022418220727
Afghanistan,AFG,1990,0,0,34.5553,69.2075,12045664.0,0.014,0.559,0.222,0.168,0.013902905168991422,0.4440445900756395,0.20048886074940359,0.15529288440603534
Afghanistan,AFG,1991,0,0,34.5553,69.2075,12238879.0,0.002,0.574,0.225,0.156,0.001998002662673056,0.45362014999521144,0.20294084399669032,0.14496577025018573
Afghanistan,AFG,1992,0,0,34.5553,69.2075,13278983.0,-0.125,0.535,0.202,0.112,0.0,0.4285303810391605,0.18398683611301583,0.10616019582839063
Afghanistan,AFG,1993,0,0,34.5553,69.2075,14943175.0,-0.272,0.482,0.182,0.1,0.0,0.39339252687389514,0.16720791898390644,0.09531017980432487
Afghanistan,AFG,1994,0,0,34.5553,69.2075,16250800.0,-0.21,0.461,0.158,0.089,0.0,0.37912113276856246,0.1466943791508035,0.08525984395082342
Afghanistan,AFG,1995,0,0,34.5553,69.2075,17065837.0,-0.14,0.463,0.157,0.083,0.0,0.3804891220379873,0.1458304482115395,0.07973496801885356
Afghanistan,AFG,1996,0,0,34.5553,69.2075,17763266.0,0.007,0.496,0.164,0.077,0.006975613736425242,0.4027948795522855,0.15186234930924608,0.07417939817425151
Afghanistan,AFG,1997,0,0,34.5553,69.2075,18452100.0,0.21,0.52,0.173,0.071,0.1906203596086497,0.41871033485818504,0.1595645696713384,0.06859279146561172
Afghanistan,AFG,1998,0,0,34.5553,69.2075,19159996.0,-0.011,0.532,0.181,0.067,0.0,0.4265740713183996,0.16636153721522526,0.06485097231961631
Afghanistan,AFG,1999,0,0,34.5553,69.2075,19887792.0,0.043,0.556,0.187,0.055,0.04210117601863539,0.4421184257561999,0.171429115627531,0.053540766928029816
Afghanistan,AFG,2000,0,0,34.5553,69.2075,20130334.0,0.003,0.483,0.16,0.052,0.002995508979798479,0.39406706315579504,0.14842000511827327,0.050693114315518116
Afghanistan,AFG,2001,0,0,34.5553,69.2075,20284303.0,0.043,0.413,0.141,0.053,0.04210117601863539,0.3457151037023904,0.13190507087993858,0.05164323315183845
Afghanistan,AFG,2002,0,0,34.5553,69.2075,21378123.0,0.236,0.485,0.154,0.063,0.211880359035499,0.3954147722546629,0.1432341680859078,0.061095099359810875
Afghanistan,AFG,2003,0,0,34.5553,69.2075,22733053.0,0.203,0.47,0.151,0.069,0.18481843699254183,0.3852624007906449,0.1406311297397456,0.06672363204290818
Afghanistan,AFG,2004,0,0,34.5553,69.2075,23560656.0,0.102,0.452,0.145,0.053,0.09712671073072274,0.3729419164026044,0.13540463700620295,0.05164323315183845
Afghanistan,AFG,2005,0,0,34.5553,69.2075,24404575.0,0.045,0.447,0.146,0.077,0.04401688541677432,0.3694924476493468,0.1362776182925478,0.07417939817425151
Afghanistan,AFG,2006,0,0,34.5553,69.2075,25424100.0,0.043,0.437,0.134,0.085,0.04210117601863539,0.3625576070968879,0.12575120530556033,0.08157998699242287
Afghanistan,AFG,2007,0,0,34.5553,69.2075,25909852.0,0.035,0.442,0.13,0.108,0.0344014267173324,0.36603103886275734,0.12221763272424921,0.10255658832509207
Afghanistan,AFG,2008,0,0,34.5553,69.2075,26482631.0,0.027,0.478,0.138,0.161,0.02664193094642118,0.39068982252601003,0.12927233570413918,0.14928170271575444
Afghanistan,AFG,2009,0,0,34.5553,69.2075,27466102.0,0.022,0.474,0.144,0.233,0.02176149178151269,0.38797979376714486,0.13453089295760615,0.20945022418220727
Afghanistan,AFG,2010,0,0,34.5553,69.2075,28284088.0,0.008,0.526,0.155,0.296,0.007968169649176874,0.42264993286226527,0.14410034397375687,0.25928259793008296
Afghanistan,AFG,2011,0,0,34.5553,69.2075,29347708.0,0.007,0.523,0.154,0.389,0.006975613736425242,0.42068207391302476,0.1432341680859078,0.3285840637722067
Afghanistan,AFG,2012,0,0,34.5553,69.2075,30560036.0,0.007,0.495,0.149,0.318,0.006975613736425242,0.40212620684264977,0.13889199886661863,0.27611543608031547
Afghanistan,AFG,2013,0,0,34.5553,69.2075,31622709.0,0.002,0.48,0.144,0.281,0.001998002662673056,0.3920420877760237,0.13453089295760615,0.24764102291459722
Afghanistan,AFG,2014,0,0,34.5553,69.2075,32792528.0,0.002,0.474,0.147,0.265,0.001998002662673056,0.38797979376714486,0.13714983814723364,0.23507212217948356
Afghanistan,AFG,2015,0,0,34.5553,69.2075,33831767.0,0.009,0.438,0.142,0.277,0.008959741371471904,0.36325325929885494,0.13278111123381847,0.24451357705040225
Afghanistan,AFG,2016,0,0,34.5553,69.2075,34700613.0,0.01,0.427,0.138,0.248,0.009950330853168083,0.3555743384946994,0.12927233570413918,0.22154226994723591
Afghanistan,AFG,2017,0,0,34.5553,69.2075,35688941.0,0.147,0.414,0.14,0.261,0.13714983814723364,0.346422567474381,0.1310282624064041,0.23190505698278252
Afghanistan,AFG,2018,0,0,34.5553,69.2075,36743040.0,0.078,0.413,0.132,0.277,0.07510747248680541,0.3457151037023904,0.1239859797809912,0.24451357705040225
Afghanistan,AFG,2019,0,0,34.5553,69.2075,37856125.0,0.255,0.402,0.121,0.275,0.22713557258374723,0.3378997886123984,0.11422114409002286,0.24294617861038947
Afghanistan,AFG,2020,0,0,34.5553,69.2075,39068977.0,0.143,0.39,0.117,0.285,0.13365638481267358,0.3293037471426004,0.11064652008706366,0.2507587183471831
Afghanistan,AFG,2021,0,0,34.5553,69.2075,40000410.0,0.087,0.386,0.111,0.247,0.08342160813907239,0.3264219007677115,0.10526051065749295,0.2207406666978994
Afghanistan,AFG,2022,0,0,34.5553,69.2075,40578847.0,0.28,0.396,0.109,0.251,0.2468600779315258,0.33361100434018076,0.10345870836822998,0.22394323148477407
Afghanistan,AFG,2023,0,0,34.5553,69.2075,41454762.0,0.378,0.395,0.107,0.254,0.32063317259146684,0.33289441527332897,0.10165365372649983,0.22633844221072896
Afghanistan,AFG,2024,0,0,34.5553,69.2075,42647502.0,0.428,0.39,0.102,0.254,0.35627486391739266,0.3293037471426004,0.09712671073072274,0.22633844221072896
Armenia,ARM,1961,0,0,40.1792,44.4991,1927488.0,-0.286,0.535,0.289,1.692,0.0,0.4285303810391605,0.25386672395705034,0.9902844117824814
Armenia,ARM,1962,0,0,40.1792,44.4991,1991686.0,-0.31,0.55,0.292,1.722,0.0,0.4382549309311553,0.2561914053604101,1.0013669042292743
Armenia,ARM,1963,0,0,40.1792,44.4991,2056024.0,-0.325,0.559,0.285,1.791,0.0,0.4440445900756395,0.2507587183471831,1.026399954554185
Armenia,ARM,1964,0,0,40.1792,44.4991,2120135.0,-0.349,0.545,0.276,1.849,0.0,0.43502391034970883,0.24373018492259815,1.0469680555157712
Armenia,ARM,1965,0,0,40.1792,44.4991,2183635.0,-0.432,0.543,0.268,1.905,0.0,0.43372857338102383,0.2374408560150342,1.0664333903038745
Armenia,ARM,1966,0,0,40.1792,44.4991,2246162.0,-0.403,0.557,0.28,1.957,0.0,0.4427608928518613,0.2468600779315258,1.0841752408703402
Armenia,ARM,1967,0,0,40.1792,44.4991,2307497.0,-0.404,0.564,0.276,1.994,0.0,0.4472466421231193,0.24373018492259815,1.0966102859974367
Armenia,ARM,1968,0,0,40.1792,44.4991,2367326.0,-0.319,0.562,0.275,2.001,0.0,0.44596705141749426,0.24294617861038947,1.09894556645823
Armenia,ARM,1969,0,0,40.1792,44.4991,2424034.0,-0.359,0.558,0.268,2.036,0.0,0.4434029474485566,0.2374408560150342,1.1105408595333834
Armenia,ARM,1970,0,0,40.1792,44.4991,2475628.0,-0.347,0.574,0.27,2.097,0.0,0.45362014999521144,0.23901690047049992,1.1304339009910658
Armenia,ARM,1971,0,0,40.1792,44.4991,2525348.0,-0.291,0.599,0.276,2.185,0.0,0.46937843385181716,0.24373018492259815,1.1584522890241267
Armenia,ARM,1972,0,0,40.1792,44.4991,2577081.0,-0.254,0.606,0.278,2.256,0.0,0.4737466155245699,0.24529635595534308,1.1804994481402937
Armenia,ARM,1973,0,0,40.1792,44.4991,2630860.0,-0.229,0.609,0.288,2.306,0.0,0.47561286801024616,0.25309062768216184,1.1957389993988325
Armenia,ARM,1974,0,0,40.1792,44.4991,2686442.0,-0.227,0.614,0.288,2.348,0.0,0.47871556984775704,0.25309062768216184,1.208363152627229
Armenia,ARM,1975,0,0,40.1792,44.4991,2743665.0,-0.205,0.618,0.288,2.419,0.0,0.4811908186362999,0.25309062768216184,1.2293481106571642
Armenia,ARM,1976,0,0,40.1792,44.4991,2818168.0,-0.191,0.614,0.29,2.447,0.0,0.47871556984775704,0.25464221837358075,1.2375042875347284
Armenia,ARM,1977,0,0,40.1792,44.4991,2912833.0,-0.224,0.602,0.28,2.449,0.0,0.47125284864616745,0.2468600779315258,1.2380843339547039
Armenia,ARM,1978,0,0,40.1792,44.4991,3012808.0,-0.211,0.597,0.282,2.45,0.0,0.4681268692328754,0.24842135849847827,1.2383742310432684
Armenia,ARM,1979,0,0,40.1792,44.4991,3078505.0,-0.193,0.597,0.273,2.418,0.0,0.4681268692328754,0.24137631957526948,1.2290555846933993
Armenia,ARM,1980,0,0,40.1792,44.4991,3107418.0,-0.182,0.603,0.279,2.489,0.0,0.47187687362741587,0.24607852259670565,1.249615162204637
Armenia,ARM,1981,0,0,40.1792,44.4991,3135354.0,-0.121,0.603,0.274,2.424,0.0,0.47187687362741587,0.24216155714997162,1.2308094582794957
Armenia,ARM,1982,0,0,40.1792,44.4991,3163145.0,-0.133,0.605,0.279,2.449,0.0,0.4731237565819792,0.24607852259670565,1.2380843339547039
Armenia,ARM,1983,0,0,40.1792,44.4991,3191549.0,-0.137,0.607,0.284,2.463,0.0,0.47436908675537554,0.2499802052677694,1.2421352654202849
Armenia,ARM,1984,0,0,40.1792,44.4991,3224549.0,-0.116,0.613,0.282,2.461,0.0,0.4780957991430718,0.24842135849847827,1.241557564653207
Armenia,ARM,1985,0,0,40.1792,44.4991,3260438.0,-0.111,0.615,0.284,2.623,0.0,0.47933495667461984,0.2499802052677694,1.2873024119129401
Armenia,ARM,1986,0,0,40.1792,44.4991,3294857.0,-0.12,0.616,0.286,2.471,0.0,0.4799539600989036,0.25153662581542763,1.2444427368796493
Armenia,ARM,1987,0,0,40.1792,44.4991,3328525.0,-0.118,0.619,0.286,2.454,0.0,0.4818086746954981,0.25153662581542763,1.239532979724487
Armenia,ARM,1988,0,0,40.1792,44.4991,3355123.0,-0.147,0.628,0.278,2.771,0.0,0.48735226758034855,0.24529635595534308,1.32734021827622
Armenia,ARM,1989,0,0,40.1792,44.4991,3443095.0,-0.158,0.621,0.266,2.735,0.0,0.48304324275353905,0.23586232372198446,1.3177478185847806
Armenia,ARM,1990,0,0,40.1792,44.4991,3552130.0,-0.139,0.599,0.257,2.535,0.0,0.46937843385181716,0.22872792960811036,1.2627132993485362
Armenia,ARM,1991,0,0,40.1792,44.4991,3613978.0,-0.103,0.561,0.224,2.043,0.0,0.44532664153329504,0.20212418409013436,1.112843870914834
Armenia,ARM,1992,0,0,40.1792,44.4991,3571870.0,0.047,0.501,0.202,1.602,0.045928931888399804,0.4061315526513249,0.18398683611301583,0.9562803800903136
Armenia,ARM,1993,0,0,40.1792,44.4991,3453339.0,0.202,0.463,0.172,0.727,0.18398683611301583,0.3804891220379873,0.15871169115482087,0.5463857991645416
Armenia,ARM,1994,0,0,40.1792,44.4991,3364620.0,0.426,0.468,0.151,0.798,0.3548733219921042,0.38390093019232385,0.1406311297397456,0.5866749360494286
Armenia,ARM,1995,0,0,40.1792,44.4991,3307586.0,0.767,0.467,0.152,1.017,0.5692831933375594,0.3832194991608447,0.1414995622736995,0.7016112589720747
Armenia,ARM,1996,0,0,40.1792,44.4991,3278738.0,0.478,0.469,0.155,0.763,0.39068982252601003,0.38458189719174024,0.14410034397375687,0.5670169034157332
Armenia,ARM,1997,0,0,40.1792,44.4991,3246292.0,0.421,0.472,0.154,1.002,0.35136084911496357,0.38662202030668447,0.1432341680859078,0.6941466808930289
Armenia,ARM,1998,0,0,40.1792,44.4991,3208399.0,0.247,0.458,0.151,1.066,0.2207406666978994,0.37706563358646644,0.1406311297397456,0.7256143706974468
Armenia,ARM,1999,0,0,40.1792,44.4991,3167282.0,0.236,0.463,0.149,0.96,0.211880359035499,0.3804891220379873,0.13889199886661863,0.6729444732424258
Armenia,ARM,2000,0,0,40.1792,44.4991,3125630.0,0.244,0.474,0.156,1.117,0.2183319943169877,0.38797979376714486,0.14496577025018573,0.7499999921527281
Armenia,ARM,2001,0,0,40.1792,44.4991,3084350.0,0.59,0.495,0.16,1.145,0.4637340162321401,0.40212620684264977,0.14842000511827327,0.7631395523799803
Armenia,ARM,2002,0,0,40.1792,44.4991,3055636.0,0.761,0.51,0.187,1.007,0.5658818295140691,0.412109650826833,0.171429115627531,0.696641069814201
Armenia,ARM,2003,0,0,40.1792,44.4991,3038976.0,0.758,0.525,0.184,1.137,0.5641767992629853,0.42199441005937494,0.16889853646181394,0.7594029763370106
Armenia,ARM,2004,0,0,40.1792,44.4991,3022544.0,1.207,0.542,0.201,1.221,0.7916341272745994,0.4330802751411378,0.1831545430978465,0.7979575449122904
Armenia,ARM,2005,0,0,40.1792,44.4991,3006360.0,2.157,0.551,0.198,1.456,1.1496222095758546,0.4388998841944018,0.1806534996932576,0.898534010284896
Armenia,ARM,2006,0,0,40.1792,44.4991,2990371.0,1.101,0.567,0.294,1.472,0.7424134218628634,0.44916296337388373,0.2577381960787088,0.9050275395954444
Armenia,ARM,2007,0,0,40.1792,44.4991,2974825.0,0.814,0.533,0.259,1.714,0.5955343516929449,0.4272265998896771,0.2303177550622101,0.9984235614126774
Armenia,ARM,2008,0,0,40.1792,44.4991,2959996.0,0.669,0.543,0.253,1.883,0.5122246446796981,0.43372857338102383,0.22554067591393126,1.058831418656265
Armenia,ARM,2009,0,0,40.1792,44.4991,2945518.0,0.583,0.519,0.268,1.481,0.4593217808988751,0.4180522236136358,0.2374408560150342,0.908661704709664
Armenia,ARM,2010,0,0,40.1792,44.4991,2931083.0,0.476,0.519,0.253,1.452,0.3893357261782807,0.4180522236136358,0.22554067591393126,0.8969040180739649
Armenia,ARM,2011,0,0,40.1792,44.4991,2923269.0,0.396,0.52,0.265,1.7,0.33361100434018076,0.41871033485818504,0.23507212217948356,0.9932517730102833
Armenia,ARM,2012,0,0,40.1792,44.4991,2922529.0,0.365,0.537,0.319,1.967,0.31115442863692305,0.42983246455645885,0.2768738737351776,1.0875513413086848
Armenia,ARM,2013,0,0,40.1792,44.4991,2922526.0,0.278,0.569,0.342,1.894,0.24529635595534308,0.4504384737508955,0.29416103854949005,1.062639628209292
Armenia,ARM,2014,0,0,40.1792,44.4991,2922433.0,0.22,0.58,0.33,1.918,0.1988508587451652,0.4574248470388754,0.2851789422336624,1.0708984501005938
Armenia,ARM,2015,0,0,40.1792,44.4991,2921179.0,0.227,0.595,0.365,1.872,0.2045721657287744,0.4668737362368079,0.31115442863692305,1.0550086511859778
Armenia,ARM,2016,0,0,40.1792,44.4991,2918796.0,0.198,0.61,0.526,1.784,0.1806534996932576,0.4762341789963716,0.42264993286226527,1.0238887424721732
Armenia,ARM,2017,0,0,40.1792,44.4991,2914966.0,0.158,0.591,0.401,1.899,0.1466943791508035,0.4643627493556498,0.33718626735486995,1.0643658499395185
Armenia,ARM,2018,0,0,40.1792,44.4991,2909971.0,0.114,0.561,0.391,2.001,0.10795714150509228,0.44532664153329504,0.33002291294130587,1.09894556645823
Armenia,ARM,2019,0,0,40.1792,44.4991,2903975.0,0.071,0.558,0.26,2.164,0.06859279146561172,0.4434029474485566,0.23111172096338664,1.1518370499054076
Armenia,ARM,2020,0,0,40.1792,44.4991,2890893.0,0.055,0.565,0.269,2.351,0.053540766928029816,0.4478858239921165,0.23822918873225063,1.2092588087551734
Armenia,ARM,2021,0,0,40.1792,44.4991,2870339.0,0.048,0.585,0.262,2.561,0.04688358589885042,0.46058440732924394,0.23269776411902143,1.2700414042956407
Armenia,ARM,2022,0,0,40.1792,44.4991,2880880.0,0.033,0.565,0.249,2.672,0.032467190137501496,0.4478858239921165,0.22234323114344062,1.300736472758244
Armenia,ARM,2023,0,0,40.1792,44.4991,2943398.0,0.019,0.556,0.248,2.524,0.01882175424058776,0.4421184257561999,0.22154226994723591,1.259596708073933
Armenia,ARM,2024,0,0,40.1792,44.4991,2973843.0,0.008,0.554,0.239,2.499,0.007968169649176874,0.4408322519454557,0.21430460264700538,1.252477213385551
Australia,AUS,1961,0,0,-35.2809,149.13,10500441.0,20.691,10.747,4.532,8.286,3.076897427971499,2.463597888841749,1.7105494138025117,2.2285078895977297
Australia,AUS,1962,0,0,-35.2809,149.13,10707235.0,13.192,10.919,4.63,8.49,2.6526784255672236,2.4781337655005715,1.728109442151599,2.2502386126218363
Australia,AUS,1963,0,0,-35.2809,149.13,10913270.0,17.087,10.983,4.669,8.796,2.895193448175378,2.4834889787003798,1.7350127353421665,2.2819741390899213
Australia,AUS,1964,0,0,-35.2809,149.13,11128257.0,19.734,11.151,4.751,9.305,3.0317748649009206,2.4974114709264748,1.749373752731617,2.3326292143424223
Australia,AUS,1965,0,0,-35.2809,149.13,11357479.0,23.093,11.223,4.757,10.003,3.181921341874435,2.503319422795126,1.7504165056936725,2.3981679628877757
Australia,AUS,1966,0,0,-35.2809,149.13,11592485.0,18.225,10.726,4.588,9.984,2.9562115153917077,2.4618085985420235,1.7206214413947154,2.39643966846567
Australia,AUS,1967,0,0,-35.2809,149.13,11810521.0,34.165,10.926,4.644,10.354,3.5600512697599815,2.478720890700914,1.7305930339905675,2.4295701047485343
Australia,AUS,1968,0,0,-35.2809,149.13,12030009.0,16.907,11.071,4.755,10.704,2.8851916978546224,2.49080588171899,1.7500690421738458,2.4599306637178233
Australia,AUS,1969,0,0,-35.2809,149.13,12272387.0,9.339,11.346,4.838,11.115,2.3359231526045563,2.513332123971704,1.764388272431923,2.494444354268489
Australia,AUS,1970,0,0,-35.2809,149.13,12599414.0,4.437,11.178,4.798,11.736,1.6932274381637837,2.4996310451863826,1.7575130304994637,2.5444326291020274
Australia,AUS,1971,0,0,-35.2809,149.13,12997963.0,4.575,10.603,4.334,11.626,1.7182923173461826,2.4512636853654084,1.6741014257598223,2.5357581799454336
Australia,AUS,1972,0,0,-35.2809,149.13,13304897.0,-0.283,12.007,5.343,11.544,0.0,2.5654876740816035,1.8473518426517601,2.529242463608052
Australia,AUS,1973,0,0,-35.2809,149.13,13518689.0,-0.315,10.59,4.12,12.586,0.0,2.4501426573516603,1.6331544390514163,2.6090398507691104
Australia,AUS,1974,0,0,-35.2809,149.13,13719499.0,-2.375,10.933,4.459,12.113,0.0,2.479307671387519,1.6972656227996206,2.573604104549287
Australia,AUS,1975,0,0,-35.2809,149.13,13893988.0,2.848,11.292,4.944,12.459,1.34755353280346,2.508948644268238,1.7823823074154581,2.5996480272515785
Australia,AUS,1976,0,0,-35.2809,149.13,14046758.0,2.384,12.173,5.799,12.088,1.2190584417439767,2.57816928024769,1.9167755425443227,2.571695779860391
Australia,AUS,1977,0,0,-35.2809,149.13,14203511.0,11.015,11.751,5.526,12.808,2.4861558691884325,2.5456096999014046,1.8757941981711288,2.625248134341072
Australia,AUS,1978,0,0,-35.2809,149.13,14367099.0,8.183,10.18,4.396,13.298,2.217353948631385,2.414126467726953,1.6856579383455095,2.66011966734466
Australia,AUS,1979,0,0,-35.2809,149.13,14533034.0,7.421,11.047,5.27,13.233,2.130728586047855,2.4888156662847156,1.8357763546448294,2.6555632120884884
Australia,AUS,1980,0,0,-35.2809,149.13,14721345.0,6.501,11.155,5.529,13.883,2.0150363449874993,2.497740607768087,1.8762537922044964,2.7002196219870216
Australia,AUS,1981,0,0,-35.2809,149.13,14949210.0,9.961,9.389,3.854,14.302,2.3943435182335864,2.3407475540883946,1.5798031073044096,2.72798353880966
Australia,AUS,1982,0,0,-35.2809,149.13,15192484.0,5.165,10.422,4.92,14.349,1.8188881366163077,2.4355413202426712,1.7783364488959144,2.731050325331271
Australia,AUS,1983,0,0,-35.2809,149.13,15414891.0,15.965,9.267,4.004,13.47,2.8311523982361932,2.3289348683168276,1.6102375926046646,2.6720775406433925
Australia,AUS,1984,0,0,-35.2809,149.13,15620653.0,7.72,9.401,4.006,13.925,2.1656192379208883,2.341901955370996,1.6106371930095824,2.703037659278666
Australia,AUS,1985,0,0,-35.2809,149.13,15835743.0,4.252,10.659,5.27,14.18,1.6586089564405497,2.4560784139511544,1.8357763546448294,2.719978771967484
Australia,AUS,1986,0,0,-35.2809,149.13,16069631.0,1.238,9.833,4.452,13.942,0.8055826098897335,2.3825970309634306,1.695982513834286,2.7041760395536096
Australia,AUS,1987,0,0,-35.2809,149.13,16322272.0,-0.932,8.986,3.629,14.373,0.0,2.3011841120784178,1.5323408620491334,2.7326127239304623
Australia,AUS,1988,0,0,-35.2809,149.13,16594104.0,-1.781,8.711,3.618,14.507,0.0,2.273259263612217,1.5299617109323036,2.741291534882012
Australia,AUS,1989,0,0,-35.2809,149.13,16869362.0,-2.345,9.007,3.772,15.225,0.0,2.303284848108319,1.5627655042356696,2.7865532625901537
Australia,AUS,1990,0,0,-35.2809,149.13,17126304.0,-1.034,9.562,4.312,16.236,0.0,2.3572626542847415,1.6699684121741327,2.8470002197535917
Australia,AUS,1991,0,0,-35.2809,149.13,17353191.0,-2.838,9.482,4.219,16.103,0.0,2.3496595003799743,1.6523058126612762,2.8392538867175547
Australia,AUS,1992,0,0,-35.2809,149.13,17549286.0,1.545,9.286,4.119,16.208,0.9341306500024861,2.3307837473527244,1.6329591074754461,2.8453743919654286
Australia,AUS,1993,0,0,-35.2809,149.13,17722905.0,2.387,9.074,4.06,16.294,1.2199445738356347,2.3099578473234588,1.6213664832993742,2.8503596205382387
Australia,AUS,1994,0,0,-35.2809,149.13,17897433.0,1.169,8.946,4.078,16.405,0.7742662318447373,2.2971704602925467,1.6249174832824866,2.856757521263402
Australia,AUS,1995,0,0,-35.2809,149.13,18095340.0,10.828,8.845,3.957,16.853,2.4704696019902306,2.286963712091089,1.6008007190384368,2.882171561330825
Australia,AUS,1996,0,0,-35.2809,149.13,18305305.0,11.19,8.351,3.725,17.036,2.5006159434931803,2.2354832894533097,1.552867560945706,2.8923697605588377
Australia,AUS,1997,0,0,-35.2809,149.13,18504911.0,7.541,8.329,3.652,17.306,2.1448780969640104,2.2331278279788243,1.537297234656418,2.9072288749625876
Australia,AUS,1998,0,0,-35.2809,149.13,18701710.0,10.941,8.449,3.861,17.861,2.4799778565512476,2.245908915800489,1.5812441780633184,2.937096298069034
Australia,AUS,1999,0,0,-35.2809,149.13,18909980.0,8.03,9.164,4.67,18.185,2.200552367428894,2.3188520654579174,1.7351891177396608,2.9541287236989158
Australia,AUS,2000,0,0,-35.2809,149.13,19132472.0,11.166,9.676,4.902,18.288,2.4986451758985138,2.367998231542278,1.7752912765207476,2.95948314087887
Australia,AUS,2001,0,0,-35.2809,149.13,19365438.0,5.747,10.188,5.366,18.469,1.9090979616452883,2.4148417753397133,1.850971328859901,2.9688234569967733
Australia,AUS,2002,0,0,-35.2809,149.13,19595356.0,3.545,9.728,4.97,18.495,1.514027727629442,2.3728571459793772,1.7867469274045107,2.9701580224345605
Australia,AUS,2003,0,0,-35.2809,149.13,19819449.0,11.579,7.434,3.076,18.708,2.5320287568567355,2.1322711553243683,1.4051161153604783,2.9810246446817166
Australia,AUS,2004,0,0,-35.2809,149.13,20046679.0,9.56,8.403,4.111,19.056,2.3570732782781154,2.24102878729494,1.6313950797861425,2.9985283608559925
Australia,AUS,2005,0,0,-35.2809,149.13,20294490.0,3.719,7.336,3.028,18.975,1.5515969127442504,2.1205834850110112,1.3932699748563158,2.9944814916523383
Australia,AUS,2006,0,0,-35.2809,149.13,20590566.0,1.307,8.158,3.853,19.007,0.8359479791916166,2.2146278142349036,1.5795970704230793,2.996082212318279
Australia,AUS,2007,0,0,-35.2809,149.13,20954545.0,3.844,7.902,3.582,19.036,1.5777408256908458,2.1862759705936625,1.5221355840313038,2.9975306554953702
Australia,AUS,2008,0,0,-35.2809,149.13,21370595.0,13.047,6.906,2.823,18.918,2.642408849848773,2.0676219648744936,1.3410354547142758,2.991623845509448
Australia,AUS,2009,0,0,-35.2809,149.13,21783014.0,5.191,6.965,2.958,18.683,1.823096624537095,2.0750569433620116,1.375738847180374,2.97975531903085
Australia,AUS,2010,0,0,-35.2809,149.13,22141583.0,24.882,6.4,2.407,18.293,3.2535477463994784,2.0014800002101243,1.2258321386788296,2.959742335820836
Australia,AUS,2011,0,0,-35.2809,149.13,22479779.0,12.482,8.622,4.544,17.966,2.601355462431247,2.264052143277262,1.712716261887602,2.9426479024615357
Australia,AUS,2012,0,0,-35.2809,149.13,22852648.0,7.206,8.512,4.503,17.722,2.1048655940199943,2.2525541593884806,1.7052933980776217,2.929699302949553
Australia,AUS,2013,0,0,-35.2809,149.13,23236271.0,7.076,6.612,2.747,17.122,2.088896700450591,2.029725949433903,1.3209555198115503,2.897126669799869
Australia,AUS,2014,0,0,-35.2809,149.13,23595599.0,3.546,6.956,3.215,16.639,1.5142477254303515,2.073926360991726,1.4386495914538187,2.87011235962934
Australia,AUS,2015,0,0,-35.2809,149.13,23947997.0,1.59,6.727,3.015,16.727,0.9516578757114464,2.044720688951447,1.390037347398725,2.8750889010316474
Australia,AUS,2016,0,0,-35.2809,149.13,24329963.0,3.922,5.875,2.426,16.838,1.5937149519688643,1.927891643552635,1.2313933999019282,2.8813310132440155
Australia,AUS,2017,0,0,-35.2809,149.13,24731044.0,3.634,6.733,3.209,16.716,1.5334204260101845,2.0454968856268985,1.4372250897884336,2.874468186060952
Australia,AUS,2018,0,0,-35.2809,149.13,25119700.0,2.028,6.69,3.105,16.512,1.1079023355752025,2.0399207835175526,1.4122057429043915,2.862886360220562
Australia,AUS,2019,0,0,-35.2809,149.13,25482714.0,1.538,6.053,2.519,16.283,0.9313763692921959,1.953453058226042,1.2581768583394481,2.849723359418356
Australia,AUS,2020,0,0,-35.2809,149.13,25743787.0,3.649,5.253,2.127,15.481,1.5366521427084476,1.8330613485851608,1.1400740784757042,2.802208202252043
Australia,AUS,2021,0,0,-35.2809,149.13,25956417.0,2.229,5.423,2.474,14.966,1.1721724917761382,1.8598852982756555,1.2453066678189133,2.770461461223607
Australia,AUS,2022,0,0,-35.2809,149.13,26200987.0,1.682,5.321,2.512,14.659,0.9865627848594868,1.8438774234901616,1.2561856757728702,2.7510458315633057
Australia,AUS,2023,0,0,-35.2809,149.13,26451126.0,1.685,5.34,2.513,14.529,0.9876807279608281,1.8468787684491346,1.25647037328369,2.742709243587052
Australia,AUS,2024,0,0,-35.2809,149.13,26713206.0,1.559,5.078,2.537,14.477,0.9396165571776517,1.8046756944946014,1.2632789102233435,2.7393550509306226
Azerbaijan,AZE,1961,0,0,40.4093,49.8671,4108981.0,1.346,1.01,0.434,4.804,0.8527117502312838,0.6981347220709844,0.3604677421774286,1.7585473350219414
Azerbaijan,AZE,1962,0,0,40.4093,49.8671,4239411.0,0.898,1.044,0.439,4.893,0.6408007001877362,0.714908672341458,0.36394842790523074,1.7737652058557762
Azerbaijan,AZE,1963,0,0,40.4093,49.8671,4372047.0,0.671,1.065,0.429,5.093,0.5134222496132567,0.7251302264129961,0.3569748989477303,1.8071405712663573
Azerbaijan,AZE,1964,0,0,40.4093,49.8671,4503659.0,0.662,1.04,0.416,5.262,0.5080216964332565,0.712949807856125,0.34783599527152803,1.8344996229042139
Azerbaijan,AZE,1965,0,0,40.4093,49.8671,4630315.0,0.363,1.035,0.403,5.431,0.30968815271439554,0.7104958188945583,0.3386128011203239,1.8611300471527261
Azerbaijan,AZE,1966,0,0,40.4093,49.8671,4751910.0,0.406,1.058,0.423,5.59,0.3407487933884732,0.7217346374118578,0.3527673191077153,1.8855533485144158
Azerbaijan,AZE,1967,0,0,40.4093,49.8671,4867309.0,0.333,1.073,0.418,5.71,0.2874320411965716,0.7289968334536425,0.34924742810993575,1.9035989509835904
Azerbaijan,AZE,1968,0,0,40.4093,49.8671,4976488.0,0.425,1.065,0.418,5.745,0.35417181372061385,0.7251302264129961,0.34924742810993575,1.9088014896597192
Azerbaijan,AZE,1969,0,0,40.4093,49.8671,5081769.0,0.252,1.052,0.408,5.862,0.22474227267790678,0.7188149273085231,0.34217025773585064,1.925998944436258
Azerbaijan,AZE,1970,0,0,40.4093,49.8671,5183827.0,0.253,1.026,0.414,6.042,0.22554067591393126,0.7060634058264916,0.346422567474381,1.9518922207328608
Azerbaijan,AZE,1971,0,0,40.4093,49.8671,5283502.0,0.315,1.049,0.423,6.295,0.27383666562972786,0.7173518692567626,0.3527673191077153,1.987189181974749
Azerbaijan,AZE,1972,0,0,40.4093,49.8671,5380920.0,0.336,1.061,0.427,6.506,0.289680075114454,0.7231913019083219,0.3555743384946994,2.015702700712829
Azerbaijan,AZE,1973,0,0,40.4093,49.8671,5476614.0,0.309,1.069,0.442,6.666,0.26926348692776286,0.7270653987634059,0.36603103886275734,2.0367949669583636
Azerbaijan,AZE,1974,0,0,40.4093,49.8671,5572229.0,0.167,1.079,0.443,6.805,0.15443635330441893,0.7318870088758759,0.36672427979173383,2.0547645539673955
Azerbaijan,AZE,1975,0,0,40.4093,49.8671,5669260.0,0.236,1.091,0.443,7.033,0.211880359035499,0.7376424204464965,0.36672427979173383,2.0835580571916754
Azerbaijan,AZE,1976,0,0,40.4093,49.8671,5791042.0,0.207,1.089,0.448,7.151,0.18813794211539445,0.7366854825744287,0.3701832939635246,2.0981406191123204
Azerbaijan,AZE,1977,0,0,40.4093,49.8671,5937643.0,0.086,1.076,0.436,7.212,0.08250122151174369,0.7304429653036423,0.36186147062603247,2.105596499156687
Azerbaijan,AZE,1978,0,0,40.4093,49.8671,6075081.0,0.088,1.076,0.443,7.293,0.08434114843375087,0.7304429653036423,0.36672427979173383,2.1154117854690666
Azerbaijan,AZE,1979,0,0,40.4093,49.8671,6187137.0,0.075,1.076,0.429,7.221,0.07232066157962612,0.7304429653036423,0.3569748989477303,2.1066918561699963
Azerbaijan,AZE,1980,0,0,40.4093,49.8671,6284707.0,0.097,1.075,0.435,7.387,0.0925791812930932,0.7299611536826616,0.3611648492115844,2.1266828880022746
Azerbaijan,AZE,1981,0,0,40.4093,49.8671,6385607.0,0.189,1.066,0.425,7.137,0.17311261770864478,0.7256143706974468,0.35417181372061385,2.09642156171452
Azerbaijan,AZE,1982,0,0,40.4093,49.8671,6491433.0,0.156,1.062,0.429,7.153,0.14496577025018573,0.7236763855947682,0.3569748989477303,2.0983859576807737
Azerbaijan,AZE,1983,0,0,40.4093,49.8671,6602330.0,0.107,1.059,0.435,7.135,0.10165365372649983,0.7222204280456523,0.3611648492115844,2.096175740671001
Azerbaijan,AZE,1984,0,0,40.4093,49.8671,6706289.0,0.155,1.053,0.43,7.088,0.14410034397375687,0.7193021380367964,0.3576744442718159,2.0903814817181705
Azerbaijan,AZE,1985,0,0,40.4093,49.8671,6799823.0,0.138,1.047,0.433,7.537,0.12927233570413918,0.7163753066791524,0.3597701488460348,2.1444096580281693
Azerbaijan,AZE,1986,0,0,40.4093,49.8671,6891349.0,0.093,1.05,0.434,7.745,0.08892620919440151,0.7178397931503169,0.3604677421774286,2.1684821084705654
Azerbaijan,AZE,1987,0,0,40.4093,49.8671,6977658.0,0.091,1.051,0.435,7.25,0.08709470685093376,0.7183274790902435,0.3611648492115844,2.1102132003465894
Azerbaijan,AZE,1988,0,0,40.4093,49.8671,7081404.0,0.009,1.037,0.419,7.286,0.008959741371471904,0.7114781372446687,0.3499523981779056,2.11456734365521
Azerbaijan,AZE,1989,0,0,40.4093,49.8671,7167583.0,-0.034,1.026,0.406,7.197,0.0,0.7060634058264916,0.3407487933884732,2.1037682336708934
Azerbaijan,AZE,1990,0,0,40.4093,49.8671,7231084.0,0.04,1.046,0.397,7.101,0.039220713153281295,0.7158866675294348,0.3343270802748248,2.0919875108483543
Azerbaijan,AZE,1991,0,0,40.4093,49.8671,7314317.0,0.114,1.003,0.355,6.846,0.10795714150509228,0.6946460566836812,0.3038014543316642,2.060003847787361
Azerbaijan,AZE,1992,0,0,40.4093,49.8671,7405781.0,0.179,0.886,0.323,7.585,0.16466662155523387,0.6344581842112658,0.27990188513281866,2.1500164943494386
Azerbaijan,AZE,1993,0,0,40.4093,49.8671,7504119.0,0.243,0.822,0.282,6.451,0.21752781252857406,0.5999347988377666,0.24842135849847827,2.0083482515715905
Azerbaijan,AZE,1994,0,0,40.4093,49.8671,7608894.0,0.335,0.767,0.256,5.513,0.2889312918522129,0.5692831933375594,0.22793206804600694,1.8738001795642645
Azerbaijan,AZE,1995,0,0,40.4093,49.8671,7719283.0,0.403,0.749,0.247,4.315,0.3386128011203239,0.559044196036465,0.2207406666978994,1.6705330117939112
Azerbaijan,AZE,1996,0,0,40.4093,49.8671,7830981.0,0.565,0.743,0.232,3.99,0.4478858239921165,0.5556077665378839,0.20863886511132804,1.6074359097634274
Azerbaijan,AZE,1997,0,0,40.4093,49.8671,7936220.0,0.604,0.75,0.238,3.76,0.47250050944432276,0.5596157879354227,0.21349717426240436,1.5602476682433286
Azerbaijan,AZE,1998,0,0,40.4093,49.8671,8025808.0,0.345,0.779,0.239,3.96,0.2963940130538024,0.5760514086836981,0.21430460264700538,1.601405740736836
Azerbaijan,AZE,1999,0,0,40.4093,49.8671,8100472.0,0.396,0.867,0.243,3.558,0.33361100434018076,0.6243328645595856,0.21752781252857406,1.5168839308234925
Azerbaijan,AZE,2000,0,0,40.4093,49.8671,8174784.0,0.302,0.881,0.25,3.641,0.2639015437863775,0.6318035503188933,0.22314355131420976,1.5349298602590387
Azerbaijan,AZE,2001,0,0,40.4093,49.8671,8251776.0,0.255,0.902,0.261,3.444,0.22713557258374723,0.6429059641231986,0.23190505698278252,1.4915548717773834
Azerbaijan,AZE,2002,0,0,40.4093,49.8671,8326141.0,0.259,0.882,0.271,3.431,0.2303177550622101,0.632335041163188,0.23980399220731702,1.4886252922173524
Azerbaijan,AZE,2003,0,0,40.4093,49.8671,8400528.0,0.191,0.904,0.278,3.629,0.17479329037316305,0.6439569363691736,0.24529635595534308,1.5323408620491334
Azerbaijan,AZE,2004,0,0,40.4093,49.8671,8489874.0,0.266,0.909,0.292,3.799,0.23586232372198446,0.6465795447436106,0.2561914053604101,1.5684075628761085
Azerbaijan,AZE,2005,0,0,40.4093,49.8671,8597248.0,0.242,1.01,0.298,3.977,0.21672298351128702,0.6981347220709844,0.26082461828189824,1.604827299876417
Azerbaijan,AZE,2006,0,0,40.4093,49.8671,8711380.0,0.256,1.093,0.306,3.963,0.22793206804600694,0.7385984434638627,0.26696903085423934,1.6020103966053039
Azerbaijan,AZE,2007,0,0,40.4093,49.8671,8828313.0,0.247,1.443,0.305,3.402,0.2207406666978994,0.8932267922756034,0.26620304077465673,1.4820589831042699
Azerbaijan,AZE,2008,0,0,40.4093,49.8671,8942637.0,0.267,1.519,0.325,3.694,0.23665190133900202,0.9238619973704731,0.28141245943818555,1.5462850974288318
Azerbaijan,AZE,2009,0,0,40.4093,49.8671,9046336.0,0.27,1.341,0.322,3.217,0.23901690047049992,0.8505781885087736,0.27914574142949455,1.4391239747644229
Azerbaijan,AZE,2010,0,0,40.4093,49.8671,9146852.0,0.243,1.354,0.316,3.012,0.21752781252857406,0.856116008838085,0.2745968329031255,1.3892898700996892
Azerbaijan,AZE,2011,0,0,40.4093,49.8671,9256156.0,0.279,1.295,0.324,3.264,0.24607852259670565,0.8307328435125084,0.28065745751481647,1.4502076868635434
Azerbaijan,AZE,2012,0,0,40.4093,49.8671,9376179.0,0.414,1.289,0.33,3.495,0.346422567474381,0.8281150409704297,0.2851789422336624,1.5029656679235837
Azerbaijan,AZE,2013,0,0,40.4093,49.8671,9504417.0,0.303,1.288,0.33,3.531,0.26466929814270806,0.8276780735175515,0.2851789422336624,1.5109426656850011
Azerbaijan,AZE,2014,0,0,40.4093,49.8671,9631136.0,0.316,1.277,0.334,3.566,0.2745968329031255,0.8228587870816025,0.288181947493432,1.5186375481076038
Azerbaijan,AZE,2015,0,0,40.4093,49.8671,9752859.0,0.597,1.261,0.364,3.556,0.4681268692328754,0.8158071932958327,0.31042155942127037,1.5164450455849356
Azerbaijan,AZE,2016,0,0,40.4093,49.8671,9868434.0,0.981,1.233,0.353,3.519,0.6836017677164139,0.8033459728580209,0.302324349188651,1.5082907304291426
Azerbaijan,AZE,2017,0,0,40.4093,49.8671,9968510.0,0.605,1.194,0.343,3.481,0.4731237565819792,0.7857263618530385,0.2949059175411005,1.499846235804006
Azerbaijan,AZE,2018,0,0,40.4093,49.8671,10039782.0,0.488,1.191,0.37,3.444,0.3974329364109001,0.7843580606133295,0.31481073984003355,1.4915548717773834
Azerbaijan,AZE,2019,0,0,40.4093,49.8671,10110483.0,0.371,1.209,0.343,3.734,0.31554040058017735,0.7925399244379802,0.2949059175411005,1.5547705110917922
Azerbaijan,AZE,2020,0,0,40.4093,49.8671,10181736.0,0.323,1.186,0.342,3.559,0.27990188513281866,0.7820733897543468,0.29416103854949005,1.5171033012313044
Azerbaijan,AZE,2021,0,0,40.4093,49.8671,10234372.0,0.278,1.222,0.315,3.742,0.24529635595534308,0.7984076912174383,0.27383666562972786,1.5564589876432138
Azerbaijan,AZE,2022,0,0,40.4093,49.8671,10295307.0,0.276,1.211,0.3,3.999,0.24373018492259815,0.7934449018753092,0.26236426446749106,1.6092378924314332
Azerbaijan,AZE,2023,0,0,40.4093,49.8671,10318209.0,0.266,1.217,0.306,4.143,0.23586232372198446,0.7961549306341744,0.26696903085423934,1.637636566792779
Azerbaijan,AZE,2024,0,0,40.4093,49.8671,10336577.0,0.257,1.227,0.288,3.853,0.22872792960811036,0.8006553882752306,0.25309062768216184,1.5795970704230793
Bangladesh,BGD,1961,0,1,23.8103,90.4125,53310344.0,0.949,0.915,0.133,0.043,0.6673164205254237,0.6497176226326093,0.12486898204586927,0.04210117601863539
Bangladesh,BGD,1962,0,1,23.8103,90.4125,54881154.0,0.806,0.908,0.132,0.046,0.5911144549947938,0.6460555730260948,0.1239859797809912,0.044973365642731154
Bangladesh,BGD,1963,0,1,23.8103,90.4125,56504406.0,0.735,0.906,0.135,0.051,0.5510074133988225,0.6450068052320104,0.126632650933366,0.04974209189481407
Bangladesh,BGD,1964,0,1,23.8103,90.4125,58178372.0,0.746,0.915,0.136,0.051,0.5573274574174104,0.6497176226326093,0.12751332029895962,0.04974209189481407
Bangladesh,BGD,1965,0,1,23.8103,90.4125,59902522.0,0.661,0.884,0.134,0.052,0.5074198306311578,0.6333971761541713,0.12575120530556033,0.050693114315518116
Bangladesh,BGD,1966,0,1,23.8103,90.4125,61669811.0,0.63,0.855,0.131,0.052,0.48858001481867097,0.6178846960593984,0.1231021971339834,0.050693114315518116
Bangladesh,BGD,1967,0,1,23.8103,90.4125,63510933.0,0.561,0.87,0.134,0.053,0.44532664153329504,0.6259384308664953,0.12575120530556033,0.05164323315183845
Bangladesh,BGD,1968,0,1,23.8103,90.4125,65408278.0,0.526,0.844,0.133,0.059,0.42264993286226527,0.611937125134402,0.12486898204586927,0.0573250666192694
Bangladesh,BGD,1969,0,1,23.8103,90.4125,67294130.0,0.518,0.847,0.134,0.056,0.4173936789734382,0.6135627012171029,0.12575120530556033,0.054488185284069734
Bangladesh,BGD,1970,0,1,23.8103,90.4125,69058898.0,0.49,0.826,0.133,0.055,0.3987761199573678,0.6021277821727767,0.12486898204586927,0.053540766928029816
Bangladesh,BGD,1971,0,1,23.8103,90.4125,70276757.0,0.647,0.785,0.126,0.051,0.4989554511955033,0.5794184152316024,0.11867152971749864,0.04974209189481407
Bangladesh,BGD,1972,0,1,23.8103,90.4125,71641525.0,0.519,0.785,0.129,0.049,0.4180522236136358,0.5794184152316024,0.12133228516752496,0.04783732941416013
Bangladesh,BGD,1973,0,1,23.8103,90.4125,73722297.0,0.395,0.761,0.126,0.062,0.33289441527332897,0.5658818295140691,0.11867152971749864,0.06015392281974709
Bangladesh,BGD,1974,0,1,23.8103,90.4125,75839352.0,0.329,0.745,0.121,0.061,0.2844267797311083,0.5567545556543905,0.11422114409002286,0.05921185963184608
Bangladesh,BGD,1975,0,1,23.8103,90.4125,77854352.0,0.278,0.755,0.126,0.062,0.24529635595534308,0.5624688569178291,0.11867152971749864,0.06015392281974709
Bangladesh,BGD,1976,0,1,23.8103,90.4125,79855318.0,0.242,0.734,0.126,0.07,0.21672298351128702,0.5504308783583501,0.11867152971749864,0.06765864847381481
Bangladesh,BGD,1977,0,1,23.8103,90.4125,81867267.0,0.218,0.731,0.129,0.071,0.19721016928770527,0.5486992761940722,0.12133228516752496,0.06859279146561172
Bangladesh,BGD,1978,0,1,23.8103,90.4125,83889660.0,0.197,0.761,0.134,0.071,0.1798184265758361,0.5658818295140691,0.12575120530556033,0.06859279146561172
Bangladesh,BGD,1979,0,1,23.8103,90.4125,85935070.0,0.184,0.764,0.137,0.077,0.16889853646181394,0.5675839575845996,0.128393214768399,0.07417939817425151
Bangladesh,BGD,1980,0,1,23.8103,90.4125,88016435.0,0.171,0.654,0.118,0.086,0.1578580846155803,0.5031965966014996,0.11154137473290741,0.08250122151174369
Bangladesh,BGD,1981,0,1,23.8103,90.4125,90303104.0,0.163,0.65,0.116,0.087,0.1510028735365274,0.5007752879124893,0.1097508639591192,0.08342160813907239
Bangladesh,BGD,1982,0,1,23.8103,90.4125,92814506.0,0.142,0.644,0.118,0.092,0.13278111123381847,0.49713229663398817,0.11154137473290741,0.0880108773227133
Bangladesh,BGD,1983,0,1,23.8103,90.4125,95335162.0,0.166,0.61,0.118,0.086,0.15357908792830063,0.4762341789963716,0.11154137473290741,0.08250122151174369
Bangladesh,BGD,1984,0,1,23.8103,90.4125,97814965.0,0.163,0.609,0.12,0.093,0.1510028735365274,0.47561286801024616,0.11332868530700317,0.08892620919440151
Bangladesh,BGD,1985,0,1,23.8103,90.4125,100253825.0,0.18,0.608,0.119,0.102,0.16551443847757338,0.4749911707567746,0.11243542932978817,0.09712671073072274
Bangladesh,BGD,1986,0,1,23.8103,90.4125,102635569.0,0.182,0.607,0.121,0.111,0.16720791898390644,0.47436908675537554,0.11422114409002286,0.10526051065749295
Bangladesh,BGD,1987,0,1,23.8103,90.4125,104959291.0,0.25,0.592,0.123,0.112,0.22314355131420976,0.46499108742219125,0.11600367575630613,0.10616019582839063
Bangladesh,BGD,1988,0,1,23.8103,90.4125,107216011.0,0.209,0.587,0.125,0.126,0.18979357163265562,0.461845441544272,0.11778303565638346,0.11867152971749864
Bangladesh,BGD,1989,0,1,23.8103,90.4125,109433805.0,0.162,0.589,0.132,0.122,0.1501426584297195,0.4631048875545789,0.1239859797809912,0.11511280710050457
Bangladesh,BGD,1990,0,1,23.8103,90.4125,111633722.0,0.13,0.585,0.131,0.126,0.12221763272424921,0.46058440732924394,0.1231021971339834,0.11867152971749864
Bangladesh,BGD,1991,0,1,23.8103,90.4125,113787112.0,-0.076,0.573,0.134,0.13,0.0,0.45298462407614076,0.12575120530556033,0.12221763272424921
Bangladesh,BGD,1992,0,1,23.8103,90.4125,115952198.0,-0.036,0.568,0.135,0.133,0.0,0.4498009219282161,0.126632650933366,0.12486898204586927
Bangladesh,BGD,1993,0,1,23.8103,90.4125,118132363.0,-0.028,0.557,0.135,0.136,0.0,0.4427608928518613,0.126632650933366,0.12751332029895962
Bangladesh,BGD,1994,0,1,23.8103,90.4125,120343183.0,0.004,0.558,0.139,0.146,0.003992021269537453,0.4434029474485566,0.1301506844650451,0.1362776182925478
Bangladesh,BGD,1995,0,1,23.8103,90.4125,122600372.0,0.008,0.558,0.148,0.172,0.007968169649176874,0.4434029474485566,0.13802129789737466,0.15871169115482087
Bangladesh,BGD,1996,0,1,23.8103,90.4125,124862185.0,0.089,0.554,0.151,0.172,0.08525984395082342,0.4408322519454557,0.1406311297397456,0.15871169115482087
Bangladesh,BGD,1997,0,1,23.8103,90.4125,127198070.0,0.097,0.552,0.146,0.182,0.0925791812930932,0.43954442176102704,0.1362776182925478,0.16720791898390644
Bangladesh,BGD,1998,0,1,23.8103,90.4125,129622332.0,0.094,0.543,0.144,0.179,0.08984070399978947,0.43372857338102383,0.13453089295760615,0.16466662155523387
Bangladesh,BGD,1999,0,1,23.8103,90.4125,132108065.0,0.067,0.552,0.151,0.19,0.06485097231961631,0.43954442176102704,0.1406311297397456,0.173953307123438
Bangladesh,BGD,2000,0,1,23.8103,90.4125,134544303.0,0.07,0.549,0.15,0.197,0.06765864847381481,0.4376095614347316,0.13976194237515868,0.1798184265758361
Bangladesh,BGD,2001,0,1,23.8103,90.4125,136805810.0,0.066,0.542,0.151,0.227,0.0639133257436528,0.4330802751411378,0.1406311297397456,0.2045721657287744
Bangladesh,BGD,2002,0,1,23.8103,90.4125,138933659.0,0.061,0.542,0.153,0.23,0.05921185963184608,0.4330802751411378,0.14236724128692196,0.20701416938432612
Bangladesh,BGD,2003,0,1,23.8103,90.4125,140970355.0,0.064,0.539,0.148,0.238,0.06203539091945264,0.4311328548567422,0.13802129789737466,0.21349717426240436
Bangladesh,BGD,2004,0,1,23.8103,90.4125,142902857.0,0.062,0.528,0.148,0.252,0.06015392281974709,0.42395969074432877,0.13802129789737466,0.22474227267790678
Bangladesh,BGD,2005,0,1,23.8103,90.4125,144715789.0,0.054,0.532,0.151,0.261,0.05259245011917058,0.4265740713183996,0.1406311297397456,0.23190505698278252
Bangladesh,BGD,2006,0,1,23.8103,90.4125,146405983.0,0.059,0.533,0.156,0.285,0.0573250666192694,0.4272265998896771,0.14496577025018573,0.2507587183471831
Bangladesh,BGD,2007,0,1,23.8103,90.4125,147989282.0,0.066,0.533,0.155,0.288,0.0639133257436528,0.4272265998896771,0.14410034397375687,0.25309062768216184
Bangladesh,BGD,2008,0,1,23.8103,90.4125,149474264.0,0.074,0.547,0.168,0.303,0.07138999608667294,0.4363175715909291,0.15529288440603534,0.26466929814270806
Bangladesh,BGD,2009,0,1,23.8103,90.4125,150873716.0,0.067,0.549,0.164,0.326,0.06485097231961631,0.4376095614347316,0.15186234930924608,0.28216689176367077
Bangladesh,BGD,2010,0,1,23.8103,90.4125,152201978.0,0.051,0.552,0.167,0.355,0.04974209189481407,0.43954442176102704,0.15443635330441893,0.3038014543316642
Bangladesh,BGD,2011,0,1,23.8103,90.4125,153591074.0,0.062,0.552,0.172,0.362,0.06015392281974709,0.43954442176102704,0.15871169115482087,0.30895420772732063
Bangladesh,BGD,2012,0,1,23.8103,90.4125,155070110.0,0.076,0.55,0.168,0.385,0.07325046173959267,0.4382549309311553,0.15529288440603534,0.32570013963930183
Bangladesh,BGD,2013,0,1,23.8103,90.4125,156532134.0,0.064,0.549,0.167,0.414,0.06203539091945264,0.4376095614347316,0.15443635330441893,0.346422567474381
Bangladesh,BGD,2014,0,1,23.8103,90.4125,157964931.0,0.067,0.548,0.171,0.428,0.06485097231961631,0.4369637751675354,0.1578580846155803,0.35627486391739266
Bangladesh,BGD,2015,0,1,23.8103,90.4125,159383179.0,0.079,0.546,0.174,0.483,0.0760346862759976,0.4356709501652302,0.16041672140590468,0.39406706315579504
Bangladesh,BGD,2016,0,1,23.8103,90.4125,160811934.0,0.071,0.539,0.168,0.508,0.06859279146561172,0.4311328548567422,0.15529288440603534,0.41078426958576436
Bangladesh,BGD,2017,0,1,23.8103,90.4125,162186146.0,0.072,0.549,0.172,0.534,0.06952606264861023,0.4376095614347316,0.15871169115482087,0.42787870294506447
Bangladesh,BGD,2018,0,1,23.8103,90.4125,163523109.0,0.104,0.545,0.175,0.53,0.09893994785490356,0.43502391034970883,0.16126814759612226,0.4252677354043441
Bangladesh,BGD,2019,0,1,23.8103,90.4125,164913060.0,0.098,0.543,0.174,0.575,0.09349034308733889,0.43372857338102383,0.16041672140590468,0.4542552722775964
Bangladesh,BGD,2020,0,1,23.8103,90.4125,166298024.0,0.086,0.547,0.174,0.576,0.08250122151174369,0.4363175715909291,0.16041672140590468,0.45488999143568737
Bangladesh,BGD,2021,0,1,23.8103,90.4125,167658855.0,0.079,0.55,0.181,0.588,0.0760346862759976,0.4382549309311553,0.16636153721522526,0.46247536282494395
Bangladesh,BGD,2022,0,1,23.8103,90.4125,169384891.0,0.082,0.55,0.181,0.603,0.07881118042428978,0.4382549309311553,0.16636153721522526,0.47187687362741587
Bangladesh,BGD,2023,0,1,23.8103,90.4125,171466986.0,0.084,0.55,0.182,0.61,0.08065790301745447,0.4382549309311553,0.16720791898390644,0.4762341789963716
Bangladesh,BGD,2024,0,1,23.8103,90.4125,173562366.0,0.085,0.551,0.184,0.624,0.08157998699242287,0.4388998841944018,0.16889853646181394,0.4848922417394862
Brunei,BRN,1961,1,1,4.9031,114.9398,92529.0,3.651,0.613,0.332,3.287,1.5370822502419599,0.4780957991430718,0.2866815721181974,1.45558718761584
Brunei,BRN,1962,1,1,4.9031,114.9398,96737.0,3.418,0.625,0.321,3.825,1.4856871049979254,0.4855078157817008,0.2783890255401883,1.5738107347909494
Brunei,BRN,1963,1,1,4.9031,114.9398,101171.0,13.567,0.582,0.3,3.513,2.6787586964668106,0.45868986934546213,0.26236426446749106,1.506962120844864
Brunei,BRN,1964,1,1,4.9031,114.9398,105936.0,9.571,0.523,0.278,3.217,2.358114402786526,0.42068207391302476,0.24529635595534308,1.4391239747644229
Brunei,BRN,1965,1,1,4.9031,114.9398,110856.0,3.792,0.481,0.264,3.008,1.5669478608131482,0.3927175352856617,0.2342812957246657,1.3882923637825637
Brunei,BRN,1966,1,1,4.9031,114.9398,115890.0,4.946,0.544,0.273,4.237,1.782718724575906,0.4343764516025845,0.24137631957526948,1.6557488152973507
Brunei,BRN,1967,1,1,4.9031,114.9398,121036.0,8.4,0.569,0.269,3.633,2.2407096892759584,0.4504384737508955,0.23822918873225063,1.5332046064345113
Brunei,BRN,1968,1,1,4.9031,114.9398,126237.0,6.383,0.57,0.267,3.396,1.9991800600770284,0.4510756193602167,0.23665190133900202,1.480695036541375
Brunei,BRN,1969,1,1,4.9031,114.9398,131456.0,6.455,0.58,0.264,3.707,2.0088849482167017,0.4574248470388754,0.2342812957246657,1.5490507624190053
Brunei,BRN,1970,1,1,4.9031,114.9398,135157.0,3.533,4.831,0.273,60.698,1.511383971958712,1.763188512240019,0.24137631957526948,4.122251515475108
Brunei,BRN,1971,1,1,4.9031,114.9398,137931.0,4.927,4.734,0.266,54.456,1.779518182805701,1.7464133674611781,0.23586232372198446,4.015589913533196
Brunei,BRN,1972,1,1,4.9031,114.9398,142197.0,3.9,6.269,0.256,66.479,1.589235205116581,1.9836187305024984,0.22793206804600694,4.211816438362272
Brunei,BRN,1973,1,1,4.9031,114.9398,147381.0,2.996,8.371,0.252,67.671,1.385293860786307,2.2376198141416865,0.22474227267790678,4.229326984926438
Brunei,BRN,1974,1,1,4.9031,114.9398,152669.0,4.705,8.476,0.238,53.567,1.741342983314039,2.248762286296539,0.21349717426240436,3.999429304425813
Brunei,BRN,1975,1,1,4.9031,114.9398,158081.0,3.228,8.613,0.224,44.757,1.4417290680079913,2.263116349083679,0.20212418409013436,3.823344785481869
Brunei,BRN,1976,1,1,4.9031,114.9398,163621.0,3.833,10.242,0.22,36.792,1.575467392862947,2.419656764579883,0.1988508587451652,3.632097440014952
Brunei,BRN,1977,1,1,4.9031,114.9398,169287.0,4.948,10.5,0.212,37.747,1.7830550285979088,2.4423470353692043,0.1922718876471227,3.657053333447484
Brunei,BRN,1978,1,1,4.9031,114.9398,174902.0,4.967,10.199,0.21,54.509,1.7862442885399448,2.4158244886005567,0.1906203596086497,4.016545169767689
Brunei,BRN,1979,1,1,4.9031,114.9398,180430.0,3.796,10.593,0.202,41.203,1.5677822371652679,2.4504014676882644,0.18398683611301583,3.742491308562582
Brunei,BRN,1980,1,1,4.9031,114.9398,186121.0,5.051,10.697,0.23,36.951,1.8002235476401844,2.45933239866857,0.20701416938432612,3.6362958539556045
Brunei,BRN,1981,1,1,4.9031,114.9398,191990.0,3.815,8.209,0.215,10.725,1.5717360452500888,2.22018126673923,0.19474407679251177,2.461723314332343
Brunei,BRN,1982,1,1,4.9031,114.9398,198177.0,5.117,7.792,0.231,13.446,1.811071780260428,2.17384221710132,0.20782684720231648,2.670417559628655
Brunei,BRN,1983,1,1,4.9031,114.9398,204754.0,3.667,7.807,0.235,13.349,1.5405164669676785,2.1755468598233225,0.2110709700799405,2.6636802533662696
Brunei,BRN,1984,1,1,4.9031,114.9398,211673.0,6.153,7.321,0.216,9.053,1.9675318491262468,2.118782439918293,0.19556678354397528,2.3078710974232832
Brunei,BRN,1985,1,1,4.9031,114.9398,218928.0,7.543,6.687,0.226,11.849,2.1451122341694817,2.039530590366995,0.20375683751401966,2.5532659873013435
Brunei,BRN,1986,1,1,4.9031,114.9398,226510.0,9.222,6.532,0.206,10.142,2.324542260346088,2.019160610794906,0.1873090983049937,2.410721751598624
Brunei,BRN,1987,1,1,4.9031,114.9398,233876.0,7.899,6.022,0.215,14.178,2.185938910874725,1.9490480777462404,0.19474407679251177,2.719847010981721
Brunei,BRN,1988,1,1,4.9031,114.9398,240928.0,9.235,5.77,0.199,23.709,2.325813219113253,1.9125010869241836,0.1814878760453772,3.20716754973604
Brunei,BRN,1989,1,1,4.9031,114.9398,248077.0,6.022,5.662,0.186,25.566,1.9490480777462404,1.896419739771488,0.1705863005755337,3.2796322027103115
Brunei,BRN,1990,1,1,4.9031,114.9398,255307.0,5.326,5.871,0.185,19.618,1.844668124883457,1.927309656048939,0.1697427745870945,3.026164480674193
Brunei,BRN,1991,1,1,4.9031,114.9398,262604.0,4.487,5.36,0.195,25.994,1.7023816580768383,1.8500283773520307,0.178146185383474,3.29561461908709
Brunei,BRN,1992,1,1,4.9031,114.9398,269848.0,5.014,4.316,0.206,24.712,1.7940900845663375,1.6707211408509988,0.1873090983049937,3.2469578089951567
Brunei,BRN,1993,1,1,4.9031,114.9398,276978.0,4.897,5.16,0.209,21.126,1.7744437470183672,1.8180767775454285,0.18979357163265562,3.0967533876127193
Brunei,BRN,1994,1,1,4.9031,114.9398,284098.0,4.485,5.193,0.199,18.63,1.7020170937271937,1.8234196219559238,0.1814878760453772,2.9770590082883697
Brunei,BRN,1995,1,1,4.9031,114.9398,291207.0,3.979,4.929,0.203,20.207,1.6052290676600456,1.7798555647252308,0.18481843699254183,3.0543313158569267
Brunei,BRN,1996,1,1,4.9031,114.9398,298283.0,4.604,4.992,0.21,19.989,1.7234806284747606,1.7904252462149184,0.1906203596086497,3.043998490963479
Brunei,BRN,1997,1,1,4.9031,114.9398,305357.0,4.767,5.194,0.228,20.235,1.7521520146332756,1.823581081551011,0.20538682972495073,3.0556507637652346
Brunei,BRN,1998,1,1,4.9031,114.9398,312398.0,6.582,5.755,0.241,17.911,2.025777017094143,1.910282971412162,0.21591750622247016,2.939743763345136
Brunei,BRN,1999,1,1,4.9031,114.9398,319412.0,3.307,6.258,0.262,18.716,1.4602416060719736,1.9821043087908785,0.23269776411902143,2.9814304888431313
Brunei,BRN,2000,1,1,4.9031,114.9398,326429.0,3.306,6.811,0.259,18.032,1.4600093989421714,2.0555329966281604,0.2303177550622101,2.9461217730006566
Brunei,BRN,2001,1,1,4.9031,114.9398,333353.0,3.126,7.97,0.269,17.273,1.41730841464906,2.1938856760707046,0.23822918873225063,2.9054245605224573
Brunei,BRN,2002,1,1,4.9031,114.9398,340108.0,2.875,6.248,0.254,15.54,1.3545456628053103,1.9807255687406782,0.22633844221072896,2.805781689595545
Brunei,BRN,2003,1,1,4.9031,114.9398,346650.0,3.055,6.427,0.272,17.711,1.3999506875673762,2.0051220086871595,0.24059046491793043,2.929111586212095
Brunei,BRN,2004,1,1,4.9031,114.9398,352921.0,2.2,5.371,0.283,16.907,1.1631508098056809,1.8517564431343512,0.24920108563349935,2.8851916978546224
Brunei,BRN,2005,1,1,4.9031,114.9398,358930.0,2.031,5.088,0.263,15.124,1.108892598075666,1.8063196205593848,0.23348984336835407,2.780308845254919
Brunei,BRN,2006,1,1,4.9031,114.9398,364670.0,2.173,6.773,0.303,19.589,1.1546775126010584,2.0506561902480827,0.26466929814270806,3.024756952594607
Brunei,BRN,2007,1,1,4.9031,114.9398,370883.0,3.024,6.519,0.314,21.777,1.3922764327974382,2.01743315039589,0.27307592006241876,3.1257512548777258
Brunei,BRN,2008,1,1,4.9031,114.9398,377800.0,3.156,10.024,0.309,24.26,1.4245530732369809,2.4000747142713026,0.26926348692776286,3.229222116922345
Brunei,BRN,2009,1,1,4.9031,114.9398,384965.0,4.663,7.27,0.283,20.119,1.733953787131668,2.1126345090356,0.24920108563349935,3.0501731092322375
Brunei,BRN,2010,1,1,4.9031,114.9398,392340.0,3.885,8.348,0.28,20.435,1.586169285494746,2.2351624166766118,0.2468600779315258,3.06502510004994
Brunei,BRN,2011,1,1,4.9031,114.9398,399395.0,4.39,9.572,0.264,23.925,1.6845453849209058,2.3582089967420425,0.2342812957246657,3.215871315847902
Brunei,BRN,2012,1,1,4.9031,114.9398,405564.0,4.03,9.801,0.284,23.424,1.6154199841116479,2.379638722436337,0.2499802052677694,3.1955662554325768
Brunei,BRN,2013,1,1,4.9031,114.9398,411205.0,3.877,6.453,0.287,18.546,1.5845302767279155,2.008616635899557,0.2523139286139896,2.972770661916644
Brunei,BRN,2014,1,1,4.9031,114.9398,416757.0,4.109,8.053,0.269,21.19,1.6310036903486609,2.203096194493303,0.23822918873225063,3.0996417369445024
Brunei,BRN,2015,1,1,4.9031,114.9398,422223.0,3.505,7.421,0.266,16.421,1.5051878910603012,2.130728586047855,0.23586232372198446,2.8576763750580225
Brunei,BRN,2016,1,1,4.9031,114.9398,427571.0,3.092,7.699,0.264,17.852,1.40903384808938,2.163208076525404,0.2342812957246657,2.9366190090614843
Brunei,BRN,2017,1,1,4.9031,114.9398,432787.0,2.894,7.037,0.253,21.51,1.359436906950008,2.0840558792305814,0.22554067591393126,3.113959654918641
Brunei,BRN,2018,1,1,4.9031,114.9398,437811.0,2.027,7.831,0.261,21.336,1.1075720300395817,2.178268258486665,0.23190505698278252,3.1061997265799617
Brunei,BRN,2019,1,1,4.9031,114.9398,442690.0,1.985,7.515,0.526,21.605,1.0935997468445655,2.1418293141146516,0.42264993286226527,3.1181711207465685
Brunei,BRN,2020,1,1,4.9031,114.9398,447411.0,1.755,7.555,0.98,24.937,1.0134174426048779,2.1465159073441566,0.6830968447064438,3.2556705206966776
Brunei,BRN,2021,1,1,4.9031,114.9398,451722.0,1.544,6.681,0.983,25.92,0.9337376454778757,2.0387497470165448,0.6846108495376589,3.2928695047765273
Brunei,BRN,2022,1,1,4.9031,114.9398,455374.0,1.637,3.823,1.0,26.872,0.9696419073711496,1.573396141086835,0.6931471805599453,3.327622600670092
Brunei,BRN,2023,1,1,4.9031,114.9398,458959.0,1.719,4.082,1.06,27.241,1.0002641656503337,1.6257048848979723,0.7227059828014898,3.3407748227629677
Brunei,BRN,2024,1,1,4.9031,114.9398,462734.0,1.818,3.41,1.229,26.046,1.0360274134764884,1.4838746894587547,0.8015530544037318,3.297539120051168
Cambodia,KHM,1961,1,1,11.5564,104.9282,5571174.0,10.346,2.398,0.263,0.051,2.4288652589043753,1.2231870232497404,0.23348984336835407,0.04974209189481407
Cambodia,KHM,1962,1,1,11.5564,104.9282,5697559.0,8.61,2.453,0.262,0.054,2.262804222982201,1.2392434184078553,0.23269776411902143,0.05259245011917058
Cambodia,KHM,1963,1,1,11.5564,104.9282,5823012.0,9.554,2.379,0.267,0.067,2.356504934983476,1.217579807732153,0.23665190133900202,0.06485097231961631
Cambodia,KHM,1964,1,1,11.5564,104.9282,5946186.0,8.744,2.386,0.252,0.057,2.276651710967541,1.2196492837109436,0.22474227267790678,0.055434706888100586
Cambodia,KHM,1965,1,1,11.5564,104.9282,6072288.0,7.027,2.33,0.251,0.062,2.08281085914944,1.2029723039923526,0.22394323148477407,0.06015392281974709
Cambodia,KHM,1966,1,1,11.5564,104.9282,6201235.0,6.042,2.228,0.262,0.071,1.9518922207328608,1.1718627504077024,0.23269776411902143,0.06859279146561172
Cambodia,KHM,1967,1,1,11.5564,104.9282,6332946.0,5.011,2.198,0.301,0.061,1.793591124057025,1.1625256144117624,0.26313319953036823,0.05921185963184608
Cambodia,KHM,1968,1,1,11.5564,104.9282,6467323.0,4.031,2.408,0.325,0.071,1.6156187715091814,1.2261256089670693,0.28141245943818555,0.06859279146561172
Cambodia,KHM,1969,1,1,11.5564,104.9282,6604731.0,3.444,2.147,0.322,0.199,1.4915548717773834,1.1464496180822696,0.27914574142949455,0.1814878760453772
Cambodia,KHM,1970,1,1,11.5564,104.9282,6639187.0,-0.953,2.48,0.391,0.174,0.0,1.247032293786383,0.33002291294130587,0.16041672140590468
Cambodia,KHM,1971,1,1,11.5564,104.9282,6620880.0,-0.757,2.075,0.324,0.033,0.0,1.1233049012584813,0.28065745751481647,0.032467190137501496
Cambodia,KHM,1972,1,1,11.5564,104.9282,6673890.0,-0.466,1.742,0.318,0.014,0.0,1.0086875811401226,0.27611543608031547,0.013902905168991422
Cambodia,KHM,1973,1,1,11.5564,104.9282,6739737.0,1.275,1.366,0.331,0.013,0.8219800524029137,0.8612007655561951,0.2859305394129746,0.012916225266546328
Cambodia,KHM,1974,1,1,11.5564,104.9282,6783251.0,0.594,1.084,0.246,0.007,0.4662465803680233,0.7342891238911206,0.2199384203652614,0.006975613736425242
Cambodia,KHM,1975,1,1,11.5564,104.9282,6581373.0,1.962,1.208,0.223,0.007,1.085864715845607,0.7920871284148489,0.20130685670503531,0.006975613736425242
Cambodia,KHM,1976,1,1,11.5564,104.9282,6134989.0,1.155,1.226,0.193,0.008,0.7677907235557111,0.8002062528533531,0.17647114311577908,0.007968169649176874
Cambodia,KHM,1977,1,1,11.5564,104.9282,5668561.0,2.684,1.328,0.24,0.008,1.3039991183930604,0.8450095298691914,0.2151113796169455,0.007968169649176874
Cambodia,KHM,1978,1,1,11.5564,104.9282,5211654.0,1.633,1.443,0.28,0.009,0.9681238805141723,0.8932267922756034,0.2468600779315258,0.008959741371471904
Cambodia,KHM,1979,1,1,11.5564,104.9282,5088812.0,3.197,1.212,0.236,0.006,1.434369984351454,0.7938970836600884,0.211880359035499,0.005982071677547464
Cambodia,KHM,1980,1,1,11.5564,104.9282,5199874.0,1.678,1.788,0.294,0.055,0.9850702472689807,1.0253244928982774,0.2577381960787088,0.053540766928029816
Cambodia,KHM,1981,1,1,11.5564,104.9282,5284493.0,2.071,1.683,0.28,0.057,1.1220032414586854,0.9869355714434871,0.2468600779315258,0.055434706888100586
Cambodia,KHM,1982,1,1,11.5564,104.9282,5436436.0,1.553,1.971,0.416,0.062,0.9372691382593468,1.0888985964804707,0.34783599527152803,0.06015392281974709
Cambodia,KHM,1983,1,1,11.5564,104.9282,5636206.0,1.148,2.091,0.498,0.065,0.7645371766466182,1.1284946631499793,0.40413088509502776,0.06297479916138844
Cambodia,KHM,1984,1,1,11.5564,104.9282,5845115.0,11.399,1.486,0.371,0.07,2.517615824197705,0.9106749930885194,0.31554040058017735,0.06765864847381481
Cambodia,KHM,1985,1,1,11.5564,104.9282,6043782.0,15.388,1.791,0.346,0.069,2.7965493596846245,1.026399954554185,0.29713723122253605,0.06672363204290818
Cambodia,KHM,1986,1,1,11.5564,104.9282,6285699.0,21.038,1.833,0.395,0.069,3.0927682360655853,1.0413362208483794,0.33289441527332897,0.06672363204290818
Cambodia,KHM,1987,1,1,11.5564,104.9282,6557971.0,24.522,1.748,0.438,0.066,3.2395408253117846,1.0108733743601028,0.36325325929885494,0.0639133257436528
Cambodia,KHM,1988,1,1,11.5564,104.9282,6812012.0,20.935,1.953,0.365,0.066,3.0880835346181774,1.0828216027617856,0.31115442863692305,0.0639133257436528
Cambodia,KHM,1989,1,1,11.5564,104.9282,7073472.0,12.677,1.913,0.368,0.064,2.615715589899414,1.0691834779772975,0.3133498192003587,0.06203539091945264
Cambodia,KHM,1990,1,1,11.5564,104.9282,7374754.0,9.52,1.959,0.424,0.171,2.3532782073095637,1.0848513734180727,0.353469812989784,0.1578580846155803
Cambodia,KHM,1991,1,1,11.5564,104.9282,7686857.0,6.852,1.822,0.422,0.17,2.0607682764142146,1.0374458534306223,0.35206433138104914,0.15700374880966475
Cambodia,KHM,1992,1,1,11.5564,104.9282,8113085.0,5.386,1.768,0.425,0.166,1.8541080942925903,1.0181250377554232,0.35417181372061385,0.15357908792830063
Cambodia,KHM,1993,1,1,11.5564,104.9282,8616383.0,4.913,1.751,0.389,0.161,1.7771533168386928,1.0119644819424374,0.3285840637722067,0.14928170271575444
Cambodia,KHM,1994,1,1,11.5564,104.9282,9239160.0,4.546,1.487,0.362,0.154,1.7130769471935863,0.9110771648212677,0.30895420772732063,0.1432341680859078
Cambodia,KHM,1995,1,1,11.5564,104.9282,10018500.0,3.756,1.639,0.352,0.15,1.5594069788285354,0.9704000575211871,0.30158497762077235,0.13976194237515868
Cambodia,KHM,1996,1,1,11.5564,104.9282,10801268.0,3.08,1.526,0.351,0.14,1.4060969884160703,0.9266370239282994,0.3008450589780618,0.1310282624064041
Cambodia,KHM,1997,1,1,11.5564,104.9282,11570986.0,3.354,1.442,0.308,0.127,1.4710949628123557,0.8928173756885129,0.26849925303500694,0.11955923505763925
Cambodia,KHM,1998,1,1,11.5564,104.9282,12058180.0,3.052,1.381,0.296,0.156,1.399210586386437,0.8675205675047257,0.25928259793008296,0.14496577025018573
Cambodia,KHM,1999,1,1,11.5564,104.9282,12265734.0,4.116,1.436,0.298,0.154,1.6323728837165963,0.8903573498476506,0.26082461828189824,0.1432341680859078
Cambodia,KHM,2000,1,1,11.5564,104.9282,12462343.0,4.624,1.343,0.274,0.16,1.7270431545083638,0.8514321595256585,0.24216155714997162,0.14842000511827327
Cambodia,KHM,2001,1,1,11.5564,104.9282,12658486.0,4.433,1.331,0.288,0.177,1.692491467569386,0.8462973600536201,0.25309062768216184,0.16296882827813966
Cambodia,KHM,2002,1,1,11.5564,104.9282,12855249.0,4.193,1.329,0.285,0.168,1.6473115648621819,0.845438990902204,0.2507587183471831,0.15529288440603534
Cambodia,KHM,2003,1,1,11.5564,104.9282,13050977.0,4.443,1.407,0.298,0.173,1.694330379452063,0.8783811588009349,0.26082461828189824,0.1595645696713384
Cambodia,KHM,2004,1,1,11.5564,104.9282,13244737.0,4.517,1.363,0.316,0.169,1.7078342342902937,0.8599319982047707,0.2745968329031255,0.15614868248993136
Cambodia,KHM,2005,1,1,11.5564,104.9282,13439203.0,2.973,1.438,0.279,0.164,1.379521476832462,0.8911780310590798,0.24607852259670565,0.15186234930924608
Cambodia,KHM,2006,1,1,11.5564,104.9282,13639032.0,2.268,1.491,0.314,0.209,1.1841781769977564,0.9126842362800434,0.27307592006241876,0.18979357163265562
Cambodia,KHM,2007,1,1,11.5564,104.9282,13841773.0,2.098,1.495,0.318,0.252,1.130756741994677,0.914288729203482,0.27611543608031547,0.22474227267790678
Cambodia,KHM,2008,1,1,11.5564,104.9282,14053479.0,1.921,1.489,0.31,0.28,1.0719260234056038,0.911881023385455,0.27002713721306015,0.2468600779315258
Cambodia,KHM,2009,1,1,11.5564,104.9282,14276819.0,2.446,1.501,0.322,0.321,1.237214138105738,0.9166906518954819,0.27914574142949455,0.2783890255401883
Cambodia,KHM,2010,1,1,11.5564,104.9282,14500730.0,2.477,1.492,0.305,0.349,1.2461698530257244,0.9130856009252067,0.26620304077465673,0.2993635772256188
Cambodia,KHM,2011,1,1,11.5564,104.9282,14722587.0,2.655,1.524,0.318,0.358,1.2960960932017418,0.9258449446789667,0.27611543608031547,0.30601302913650436
Cambodia,KHM,2012,1,1,11.5564,104.9282,14945090.0,2.586,1.466,0.299,0.373,1.2770373751829411,0.9025974047421526,0.2615947376884625,0.316998126785834
Cambodia,KHM,2013,1,1,11.5564,104.9282,15170210.0,2.386,1.435,0.29,0.371,1.2196492837109436,0.8899467565345531,0.25464221837358075,0.31554040058017735
Cambodia,KHM,2014,1,1,11.5564,104.9282,15396771.0,2.934,1.43,0.293,0.435,1.3696567199668674,0.8878912573524571,0.25696509978972043,0.3611648492115844
Cambodia,KHM,2015,1,1,11.5564,104.9282,15623253.0,2.694,1.42,0.312,0.524,1.3067098817770482,0.883767540168595,0.2715526905218973,0.42133845726445457
Cambodia,KHM,2016,1,1,11.5564,104.9282,15852802.0,3.05,1.411,0.288,0.671,1.3987168811184478,0.880041599199034,0.25309062768216184,0.5134222496132567
Cambodia,KHM,2017,1,1,11.5564,104.9282,16073374.0,3.018,1.428,0.321,0.752,1.3907842663927426,0.8870678731972518,0.2783890255401883,0.5607579925141997
Cambodia,KHM,2018,1,1,11.5564,104.9282,16274522.0,3.317,1.428,0.323,0.856,1.4625607165733405,0.8870678731972518,0.27990188513281866,0.6184236343640088
Cambodia,KHM,2019,1,1,11.5564,104.9282,16481305.0,3.466,1.403,0.305,1.13,1.4964931534179662,0.8767179567543318,0.26620304077465673,0.7561219797213337
Cambodia,KHM,2020,1,1,11.5564,104.9282,16725484.0,3.044,1.379,0.293,1.255,1.397234301158225,0.8666802313208206,0.25696509978972043,0.8131499729546416
Cambodia,KHM,2021,1,1,11.5564,104.9282,16974309.0,1.918,1.426,0.303,1.224,1.0708984501005938,0.8862438105218584,0.26466929814270806,0.7993073763883359
Cambodia,KHM,2022,1,1,11.5564,104.9282,17201721.0,2.374,1.35,0.271,1.213,1.2160989841237766,0.8544153281560676,0.23980399220731702,0.7943490610689127
Cambodia,KHM,2023,1,1,11.5564,104.9282,17423884.0,2.435,1.359,0.266,1.229,1.2340169256743128,0.858237800425538,0.23586232372198446,0.8015530544037318
Cambodia,KHM,2024,1,1,11.5564,104.9282,17638804.0,2.462,1.351,0.259,1.241,1.2418464567540175,0.8548407695579324,0.2303177550622101,0.80692219481879
China,CHN,1961,0,1,39.9042,116.4074,655773484.0,1.495,0.718,0.131,0.87,0.914288729203482,0.5411608235620636,0.1231021971339834,0.6259384308664953
China,CHN,1962,0,1,39.9042,116.4074,665073690.0,1.607,0.681,0.133,0.691,0.9582001349513647,0.5193888544264785,0.12486898204586927,0.5253200699164432
China,CHN,1963,0,1,39.9042,116.4074,684552646.0,1.763,0.676,0.137,0.667,1.0163170459412794,0.5164100020598913,0.128393214768399,0.511025603768657
China,CHN,1964,0,1,39.9042,116.4074,704798263.0,1.489,0.683,0.144,0.654,0.911881023385455,0.520577915208669,0.13453089295760615,0.5031965966014996
China,CHN,1965,0,1,39.9042,116.4074,723415737.0,1.868,0.687,0.151,0.692,1.053614922737374,0.5229518035638313,0.1406311297397456,0.5259112611840315
China,CHN,1966,0,1,39.9042,116.4074,742402206.0,1.448,0.696,0.16,0.74,0.8952713646500796,0.5282725373697112,0.14842000511827327,0.5538851132264376
China,CHN,1967,0,1,39.9042,116.4074,761026025.0,1.02,0.67,0.156,0.605,0.7030975114131134,0.5128236264286637,0.14496577025018573,0.4731237565819792
China,CHN,1968,0,1,39.9042,116.4074,781011030.0,1.131,0.664,0.157,0.634,0.7565913531164801,0.5092243423990168,0.1458304482115395,0.4910309964378112
China,CHN,1969,0,1,39.9042,116.4074,802140341.0,1.965,0.675,0.158,0.758,1.0868770324496888,0.5158131652770298,0.1466943791508035,0.5641767992629853
China,CHN,1970,0,1,39.9042,116.4074,823308964.0,1.623,0.712,0.162,0.981,0.9643187008847366,0.5376622777195503,0.1501426584297195,0.6836017677164139
China,CHN,1971,0,1,39.9042,116.4074,844069870.0,1.046,0.717,0.163,1.077,0.7158866675294348,0.5405785819153385,0.1510028735365274,0.7309245448939752
China,CHN,1972,0,1,39.9042,116.4074,863677810.0,1.8,0.719,0.167,1.122,1.0296194171811583,0.5417427264007122,0.15443635330441893,0.7523590401917915
China,CHN,1973,0,1,39.9042,116.4074,882576945.0,1.586,0.711,0.171,1.142,0.9501122803496658,0.5370779949100564,0.1578580846155803,0.761739972025557
China,CHN,1974,0,1,39.9042,116.4074,900307580.0,1.534,0.704,0.168,1.142,0.9297990818989473,0.532978428407124,0.15529288440603534,0.761739972025557
China,CHN,1975,0,1,39.9042,116.4074,916116796.0,1.315,0.721,0.175,1.291,0.8394096875381973,0.5429055172294024,0.16126814759612226,0.8289884034713584
China,CHN,1976,0,1,39.9042,116.4074,930372293.0,1.099,0.718,0.173,1.318,0.741461040838496,0.5411608235620636,0.1595645696713384,0.84070474491756
China,CHN,1977,0,1,39.9042,116.4074,943546374.0,1.687,0.726,0.188,1.421,0.9884253296333542,0.5458065926612362,0.1722712209404532,0.8841806779559215
China,CHN,1978,0,1,39.9042,116.4074,956161482.0,1.949,0.734,0.205,1.561,1.0814661298331392,0.5504308783583501,0.1864795669426183,0.9403978072173882
China,CHN,1979,0,1,39.9042,116.4074,969288071.0,1.166,0.731,0.213,1.574,0.7728821485787989,0.5486992761940722,0.19309662996191307,0.945461109173935
China,CHN,1980,0,1,39.9042,116.4074,983163540.0,1.115,0.724,0.224,1.52,0.7490548124982412,0.5446471722415014,0.20212418409013436,0.9242589015233319
China,CHN,1981,0,1,39.9042,116.4074,997721072.0,1.022,0.71,0.214,1.48,0.7040871205982797,0.5364933705145685,0.19392069263730652,0.9082585601768908
China,CHN,1982,0,1,39.9042,116.4074,1013588177.0,0.976,0.712,0.217,1.585,0.681074599325676,0.5376622777195503,0.19638881400539013,0.9497255079603925
China,CHN,1983,0,1,39.9042,116.4074,1029064952.0,0.918,0.719,0.226,1.646,0.6512829764612464,0.5417427264007122,0.20375683751401966,0.973049065692764
China,CHN,1984,0,1,39.9042,116.4074,1043849645.0,0.851,0.729,0.235,1.767,0.6157260335913605,0.5475432067011534,0.2110709700799405,1.0177637008047888
China,CHN,1985,0,1,39.9042,116.4074,1059807818.0,0.762,0.727,0.224,1.884,0.5664495275139878,0.5463857991645416,0.20212418409013436,1.0591782194227026
China,CHN,1986,0,1,39.9042,116.4074,1077233607.0,0.734,0.731,0.224,1.953,0.5504308783583501,0.5486992761940722,0.20212418409013436,1.0828216027617856
China,CHN,1987,0,1,39.9042,116.4074,1096217445.0,0.69,0.735,0.245,2.059,0.5247285289349821,0.5510074133988225,0.21913552991667093,1.1180880651687664
China,CHN,1988,0,1,39.9042,116.4074,1115244168.0,0.696,0.738,0.251,2.174,0.5282725373697112,0.5527350268432003,0.22394323148477407,1.1549926221042173
China,CHN,1989,0,1,39.9042,116.4074,1133991006.0,0.694,0.75,0.254,2.171,0.5270925962298626,0.5596157879354227,0.22633844221072896,1.1540469955562103
China,CHN,1990,0,1,39.9042,116.4074,1153582725.0,0.697,0.752,0.259,2.153,0.5288619862520892,0.5607579925141997,0.2303177550622101,1.1483543805629237
China,CHN,1991,0,1,39.9042,116.4074,1170788533.0,0.652,0.743,0.261,2.237,0.5019866750987864,0.5556077665378839,0.23190505698278252,1.1746469749441073
China,CHN,1992,0,1,39.9042,116.4074,1184574236.0,0.706,0.737,0.263,2.306,0.5341514490694873,0.5521594872589679,0.23348984336835407,1.1957389993988325
China,CHN,1993,0,1,39.9042,116.4074,1197308574.0,0.69,0.732,0.257,2.434,0.5247285289349821,0.5492768101402434,0.22872792960811036,1.2337257624752838
China,CHN,1994,0,1,39.9042,116.4074,1209003099.0,0.775,0.745,0.264,2.559,0.5738004229273791,0.5567545556543905,0.2342812957246657,1.2694796065280556
China,CHN,1995,0,1,39.9042,116.4074,1220133929.0,0.689,0.779,0.299,2.747,0.524136637825663,0.5760514086836981,0.2615947376884625,1.3209555198115503
China,CHN,1996,0,1,39.9042,116.4074,1230944809.0,0.716,0.789,0.312,2.843,0.5399960010657705,0.5816568045265821,0.2715526905218973,1.346253311582707
China,CHN,1997,0,1,39.9042,116.4074,1241139623.0,0.743,0.748,0.289,2.83,0.5556077665378839,0.5584722772333437,0.25386672395705034,1.3428648031925547
China,CHN,1998,0,1,39.9042,116.4074,1250847122.0,0.722,0.747,0.295,2.682,0.543486406005539,0.5579000311519196,0.25851069515150105,1.303456082810886
China,CHN,1999,0,1,39.9042,116.4074,1260176650.0,0.665,0.744,0.302,2.817,0.5098251234324072,0.5561813254867879,0.2639015437863775,1.3394647737630927
China,CHN,2000,0,1,39.9042,116.4074,1269581174.0,0.5,0.748,0.293,2.87,0.4054651081081644,0.5584722772333437,0.25696509978972043,1.3532545070416904
China,CHN,2001,0,1,39.9042,116.4074,1278725061.0,0.409,0.749,0.29,2.912,0.3428802329165431,0.559044196036465,0.25464221837358075,1.3640487521725708
China,CHN,2002,0,1,39.9042,116.4074,1286866835.0,0.324,0.747,0.302,3.185,0.28065745751481647,0.5579000311519196,0.2639015437863775,1.4315067039414386
China,CHN,2003,0,1,39.9042,116.4074,1294517323.0,0.291,0.778,0.308,3.735,0.25541711186450544,0.5754891370917129,0.26849925303500694,1.5549817266380415
China,CHN,2004,0,1,39.9042,116.4074,1302100316.0,0.297,0.821,0.321,4.002,0.26005390533430683,0.5993858007454709,0.2783890255401883,1.6098378324554272
China,CHN,2005,0,1,39.9042,116.4074,1310027135.0,0.27,0.855,0.332,4.49,0.23901690047049992,0.6178846960593984,0.2866815721181974,1.7029282555214393
China,CHN,2006,0,1,39.9042,116.4074,1318054030.0,0.278,0.882,0.34,4.921,0.24529635595534308,0.632335041163188,0.29266961396282004,1.7785053535496391
China,CHN,2007,0,1,39.9042,116.4074,1325813576.0,0.252,0.887,0.346,5.261,0.22474227267790678,0.6349882663864131,0.29713723122253605,1.8343399167631733
China,CHN,2008,0,1,39.9042,116.4074,1333821011.0,0.26,0.887,0.347,5.617,0.23111172096338664,0.6349882663864131,0.2978798974282269,1.8896420950299224
China,CHN,2009,0,1,39.9042,116.4074,1342522717.0,0.264,0.892,0.329,5.871,0.2342812957246657,0.6376344706296866,0.2844267797311083,1.927309656048939
China,CHN,2010,0,1,39.9042,116.4074,1351561505.0,-0.025,0.918,0.331,6.37,0.0,0.6512829764612464,0.2859305394129746,1.9974177062012453
China,CHN,2011,0,1,39.9042,116.4074,1360250658.0,0.022,0.973,0.334,6.999,0.02176149178151269,0.6795552270404783,0.288181947493432,2.0793165338666846
China,CHN,2012,0,1,39.9042,116.4074,1369520866.0,0.019,0.963,0.336,7.132,0.01882175424058776,0.674473915294324,0.289680075114454,2.0958068957661
China,CHN,2013,0,1,39.9042,116.4074,1379008040.0,0.017,0.965,0.335,7.21,0.0168571170664229,0.6754922453212245,0.2889312918522129,2.105352923464337
China,CHN,2014,0,1,39.9042,116.4074,1387951970.0,-0.096,0.966,0.335,7.188,0.0,0.6760010217249748,0.2889312918522129,2.102669667799043
China,CHN,2015,0,1,39.9042,116.4074,1396134171.0,-0.02,0.961,0.334,7.061,0.0,0.6734545472142092,0.288181947493432,2.087037618301464
China,CHN,2016,0,1,39.9042,116.4074,1404052628.0,-0.103,0.926,0.332,6.943,0.0,0.6554453133759338,0.2866815721181974,2.072291037650995
China,CHN,2017,0,1,39.9042,116.4074,1412354730.0,-0.131,0.934,0.328,7.08,0.0,0.6595903970311026,0.2836740510542421,2.089391872533004
China,CHN,2018,0,1,39.9042,116.4074,1419008954.0,-0.125,0.955,0.325,7.292,0.0,0.6703901934373291,0.28141245943818555,2.1152911945735333
China,CHN,2019,0,1,39.9042,116.4074,1423520357.0,-0.163,0.965,0.319,7.526,0.0,0.6754922453212245,0.2768738737351776,2.1431203183430187
China,CHN,2020,0,1,39.9042,116.4074,1426106093.0,-0.185,0.981,0.319,7.641,0.0,0.6836017677164139,0.2768738737351776,2.156518316859262
China,CHN,2021,0,1,39.9042,116.4074,1426437269.0,-0.202,1.017,0.327,7.911,0.0,0.7016112589720747,0.28292075535007044,2.1872864686305826
China,CHN,2022,0,1,39.9042,116.4074,1425179562.0,-0.209,1.062,0.326,8.218,0.0,0.7236763855947682,0.28216689176367077,2.2211580942983167
China,CHN,2023,0,1,39.9042,116.4074,1422584930.0,-0.219,1.084,0.332,8.556,0.0,0.7342891238911206,0.2866815721181974,2.257169229463563
China,CHN,2024,0,1,39.9042,116.4074,1419321284.0,-0.225,1.121,0.335,8.658,0.0,0.7518876755825454,0.2889312918522129,2.2677865874513503
Georgia,GEO,1961,0,0,41.7151,44.8271,4129030.0,-6.329,0.702,0.401,1.318,0.0,0.5318040301511824,0.33718626735486995,0.84070474491756
Georgia,GEO,1962,0,0,41.7151,44.8271,4205705.0,-5.997,0.72,0.424,1.36,0.0,0.5423242908253617,0.353469812989784,0.8586616190375187
Georgia,GEO,1963,0,0,41.7151,44.8271,4282796.0,-5.69,0.736,0.441,1.434,0.0,0.5515836162381584,0.36533731701738503,0.8895359945653354
Georgia,GEO,1964,0,0,41.7151,44.8271,4358325.0,-5.265,0.73,0.458,1.501,0.0,0.5481214085096876,0.37706563358646644,0.9166906518954819
Georgia,GEO,1965,0,0,41.7151,44.8271,4429323.0,-5.039,0.735,0.476,1.568,0.0,0.5510074133988225,0.3893357261782807,0.9431273858277147
Georgia,GEO,1966,0,0,41.7151,44.8271,4503023.0,-4.687,0.753,0.509,1.629,0.0,0.5613286059390975,0.4114471797857118,0.9666035457477442
Georgia,GEO,1967,0,0,41.7151,44.8271,4582954.0,-4.408,0.764,0.525,1.675,0.0,0.5675839575845996,0.42199441005937494,0.9839493803479699
Georgia,GEO,1968,0,0,41.7151,44.8271,4663584.0,-4.057,0.763,0.538,1.694,0.0,0.5670169034157332,0.43048287108345223,0.9910270779881722
Georgia,GEO,1969,0,0,41.7151,44.8271,4743027.0,-3.893,0.76,0.54,1.736,0.0,0.5653138090500605,0.43178241642553783,1.006496999760304
Georgia,GEO,1970,0,0,41.7151,44.8271,4804060.0,-3.674,0.739,0.507,1.801,0.0,0.553310235372146,0.41012091964435843,1.0299764962779714
Georgia,GEO,1971,0,0,41.7151,44.8271,4843142.0,-3.442,0.781,0.525,1.9,0.0,0.5771750043075247,0.42199441005937494,1.0647107369924282
Georgia,GEO,1972,0,0,41.7151,44.8271,4877271.0,-3.22,0.793,0.539,1.988,0.0,0.5838901946229959,0.4311328548567422,1.094604267270571
Georgia,GEO,1973,0,0,41.7151,44.8271,4911012.0,-3.05,0.798,0.571,2.061,0.0,0.5866749360494286,0.4517123592734841,1.1187416599632753
Georgia,GEO,1974,0,0,41.7151,44.8271,4944639.0,-2.986,0.807,0.589,2.128,0.0,0.5916680116100914,0.4631048875545789,1.1403938226830648
Georgia,GEO,1975,0,0,41.7151,44.8271,4979408.0,-2.737,0.816,0.584,2.225,0.0,0.5966362801791015,0.45995329339223406,1.170932950247736
Georgia,GEO,1976,0,0,41.7151,44.8271,5015923.0,-2.57,0.819,0.589,2.296,0.0,0.5982868995359851,0.4631048875545789,1.1927096120472251
Georgia,GEO,1977,0,0,41.7151,44.8271,5053556.0,-2.559,0.816,0.589,2.359,0.0,0.5966362801791015,0.4631048875545789,1.2116433106301556
Georgia,GEO,1978,0,0,41.7151,44.8271,5091795.0,-2.43,0.82,0.594,2.423,0.0,0.598836501088704,0.4662465803680233,1.2305173595480483
Georgia,GEO,1979,0,0,41.7151,44.8271,5128680.0,-2.245,0.827,0.587,2.427,0.0,0.6026752773958697,0.461845441544272,1.2316852428924718
Georgia,GEO,1980,0,0,41.7151,44.8271,5165546.0,-2.151,0.83,0.586,2.505,0.0,0.6043159668533296,0.46121512321265623,1.2541905204865533
Georgia,GEO,1981,0,0,41.7151,44.8271,5205035.0,-1.961,0.832,0.572,2.444,0.0,0.6054082662519386,0.4523486940070148,1.2366335865654843
Georgia,GEO,1982,0,0,41.7151,44.8271,5246476.0,-1.867,0.835,0.559,2.472,0.0,0.6070444815065336,0.4440445900756395,1.2447307967981038
Georgia,GEO,1983,0,0,41.7151,44.8271,5290185.0,-1.818,0.834,0.558,2.489,0.0,0.6064993738342731,0.4434029474485566,1.249615162204637
Georgia,GEO,1984,0,0,41.7151,44.8271,5334255.0,-1.69,0.845,0.552,2.494,0.0,0.6124792774924905,0.43954442176102704,1.251047211711865
Georgia,GEO,1985,0,0,41.7151,44.8271,5376897.0,-1.613,0.849,0.552,2.667,0.0,0.6146449524049877,0.43954442176102704,1.2993738890891888
Georgia,GEO,1986,0,0,41.7151,44.8271,5419131.0,-1.565,0.844,0.539,2.612,0.0,0.611937125134402,0.4311328548567422,1.284261635554739
Georgia,GEO,1987,0,0,41.7151,44.8271,5461017.0,-1.458,0.851,0.538,2.658,0.0,0.6157260335913605,0.43048287108345223,1.296916549968674
Georgia,GEO,1988,0,0,41.7151,44.8271,5500241.0,-1.414,0.852,0.516,2.751,0.0,0.6162661362239876,0.41607528722017995,1.3220224710997504
Georgia,GEO,1989,0,0,41.7151,44.8271,5499644.0,-1.383,0.853,0.492,2.735,0.0,0.6168059473032227,0.40011750178156913,1.3177478185847806
Georgia,GEO,1990,0,0,41.7151,44.8271,5448865.0,-1.366,0.842,0.473,2.725,0.0,0.6108519378331151,0.3873011374804932,1.315066851831523
Georgia,GEO,1991,0,0,41.7151,44.8271,5379509.0,-1.269,0.812,0.446,2.714,0.0,0.5944312076207876,0.3688011237365729,1.3121094629305141
Georgia,GEO,1992,0,0,41.7151,44.8271,5294186.0,-1.444,0.728,0.424,2.668,0.0,0.5469646703818639,0.353469812989784,1.2996465543942184
Georgia,GEO,1993,0,0,41.7151,44.8271,5178784.0,-1.449,0.693,0.398,1.909,0.0,0.5265021031509982,0.3350426438116185,1.0678093795130645
Georgia,GEO,1994,0,0,41.7151,44.8271,5046267.0,-1.644,0.625,0.364,1.169,0.0,0.4855078157817008,0.31042155942127037,0.7742662318447373
Georgia,GEO,1995,0,0,41.7151,44.8271,4925742.0,-1.663,0.66,0.324,0.46,0.0,0.5068176023684519,0.28065745751481647,0.3784364357202451
Georgia,GEO,1996,0,0,41.7151,44.8271,4812774.0,-1.565,0.711,0.356,0.841,0.0,0.5370779949100564,0.3045391895182038,0.6103089022509408
Georgia,GEO,1997,0,0,41.7151,44.8271,4695359.0,-1.467,0.72,0.399,0.94,0.0,0.5423242908253617,0.3357576956833441,0.6626879730752367
Georgia,GEO,1998,0,0,41.7151,44.8271,4576447.0,-1.577,0.731,0.378,1.063,0.0,0.5486992761940722,0.32063317259146684,0.7241612340891147
Georgia,GEO,1999,0,0,41.7151,44.8271,4455581.0,-1.561,0.761,0.407,0.953,0.0,0.5658818295140691,0.341459778132252,0.6693666518945418
Georgia,GEO,2000,0,0,41.7151,44.8271,4328361.0,-1.53,0.796,0.447,1.039,0.0,0.5855619698800079,0.3694924476493468,0.7124594915923181
Georgia,GEO,2001,0,0,41.7151,44.8271,4209641.0,-1.544,0.82,0.353,0.884,0.0,0.598836501088704,0.302324349188651,0.6333971761541713
Georgia,GEO,2002,0,0,41.7151,44.8271,4127854.0,1.629,0.85,0.416,0.811,0.9666035457477442,0.6151856390902335,0.34783599527152803,0.5938791789012764
Georgia,GEO,2003,0,0,41.7151,44.8271,4085489.0,-2.834,0.882,0.432,0.913,0.0,0.632335041163188,0.35907206853845386,0.6486726904581158
Georgia,GEO,2004,0,0,41.7151,44.8271,4056076.0,-2.507,0.882,0.439,1.055,0.0,0.632335041163188,0.36394842790523074,0.7202758479481979
Georgia,GEO,2005,0,0,41.7151,44.8271,4026135.0,-2.668,0.877,0.459,1.253,0.0,0.6296747576043717,0.3777512695406486,0.8122626614501073
Georgia,GEO,2006,0,0,41.7151,44.8271,3996584.0,-2.764,0.868,0.457,1.57,0.0,0.6248683398066509,0.3763795272130678,0.9439058989071285
Georgia,GEO,2007,0,0,41.7151,44.8271,3967592.0,-2.745,0.865,0.449,1.666,0.0,0.6232610530957788,0.3708736633385453,0.9805792217565169
Georgia,GEO,2008,0,0,41.7151,44.8271,3941192.0,-2.602,0.792,0.437,1.458,0.0,0.5833323145527387,0.3625576070968879,0.8993480111438431
Georgia,GEO,2009,0,0,41.7151,44.8271,3918935.0,-2.802,0.793,0.436,1.575,0.0,0.5838901946229959,0.36186147062603247,0.9458495341156995
Georgia,GEO,2010,0,0,41.7151,44.8271,3895932.0,-2.724,0.805,0.449,1.614,0.0,0.5905605917848443,0.3708736633385453,0.9608816152020302
Georgia,GEO,2011,0,0,41.7151,44.8271,3868724.0,-2.623,0.816,0.455,2.02,0.0,0.5966362801791015,0.37500590062345585,1.1052568313867783
Georgia,GEO,2012,0,0,41.7151,44.8271,3839208.0,-1.739,0.862,0.481,2.16,0.0,0.6216511788548753,0.3927175352856617,1.1505720275988207
Georgia,GEO,2013,0,0,41.7151,44.8271,3809128.0,-2.534,0.9,0.513,2.108,0.0,0.6418538861723948,0.4140944348062189,1.1339794325054011
Georgia,GEO,2014,0,0,41.7151,44.8271,3792921.0,-2.493,0.918,0.515,2.388,0.0,0.6512829764612464,0.4154154389613325,1.2202397767898079
Georgia,GEO,2015,0,0,41.7151,44.8271,3791570.0,-2.678,0.848,0.479,2.582,0.0,0.6141039732194924,0.3913661837286627,1.27592130363852
Georgia,GEO,2016,0,0,41.7151,44.8271,3792061.0,-2.642,0.848,0.479,2.648,0.0,0.6141039732194924,0.3913661837286627,1.294179072212085
Georgia,GEO,2017,0,0,41.7151,44.8271,3792860.0,-2.673,0.841,0.461,2.652,0.0,0.6103089022509408,0.37912113276856246,1.295274962732722
Georgia,GEO,2018,0,0,41.7151,44.8271,3794881.0,-2.687,0.822,0.452,2.606,0.0,0.5999347988377666,0.3729419164026044,1.2825991247811255
Georgia,GEO,2019,0,0,41.7151,44.8271,3796722.0,-2.463,0.813,0.444,2.77,0.0,0.594982931772714,0.3674170404706345,1.3270750014599193
Georgia,GEO,2020,0,0,41.7151,44.8271,3795680.0,-2.025,0.811,0.444,2.734,0.0,0.5938791789012764,0.3674170404706345,1.3174800451195308
Georgia,GEO,2021,0,0,41.7151,44.8271,3788450.0,-2.083,0.834,0.476,2.838,0.0,0.6064993738342731,0.3893357261782807,1.344951397585508
Georgia,GEO,2022,0,0,41.7151,44.8271,3794782.0,-1.95,0.841,0.473,3.162,0.0,0.6103089022509408,0.3873011374804932,1.4259957279714426
Georgia,GEO,2023,0,0,41.7151,44.8271,3807494.0,-1.848,0.845,0.486,3.131,0.0,0.6124792774924905,0.39608794629556743,1.4185195084146274
Georgia,GEO,2024,0,0,41.7151,44.8271,3807668.0,-1.745,0.856,0.498,3.095,0.0,0.6184236343640088,0.40413088509502776,1.4097667173050328
India,IND,1961,0,1,28.6139,77.209,446564731.0,1.481,1.009,0.148,0.27,0.908661704709664,0.6976370858327973,0.13802129789737466,0.23901690047049992
India,IND,1962,0,1,28.6139,77.209,457283091.0,0.858,0.991,0.146,0.29,0.6195006403916468,0.6886370250820593,0.1362776182925478,0.25464221837358075
India,IND,1963,0,1,28.6139,77.209,468138576.0,0.751,0.971,0.144,0.304,0.5601870533037148,0.6785410281705831,0.13453089295760615,0.2654364635044612
India,IND,1964,0,1,28.6139,77.209,479229599.0,0.723,0.957,0.144,0.291,0.5440669575457926,0.6714126884139392,0.13453089295760615,0.25541711186450544
India,IND,1965,0,1,28.6139,77.209,490140142.0,0.653,0.935,0.141,0.314,0.5025918188388871,0.6601073264817452,0.13190507087993858,0.27307592006241876
India,IND,1966,0,1,28.6139,77.209,500740250.0,0.804,0.929,0.143,0.318,0.5900064216404319,0.6570017339235921,0.13365638481267358,0.27611543608031547
India,IND,1967,0,1,28.6139,77.209,511606377.0,0.806,0.917,0.146,0.312,0.5911144549947938,0.6507614640635074,0.1362776182925478,0.2715526905218973
India,IND,1968,0,1,28.6139,77.209,522716893.0,0.505,0.91,0.147,0.333,0.408792898200839,0.6471032420585385,0.13714983814723364,0.2874320411965716
India,IND,1969,0,1,28.6139,77.209,533880545.0,0.579,0.901,0.148,0.332,0.45679173527350503,0.6423800635062922,0.13802129789737466,0.2866815721181974
India,IND,1970,0,1,28.6139,77.209,545864271.0,0.36,0.889,0.147,0.333,0.3074846997479606,0.6360475885193725,0.13714983814723364,0.2874320411965716
India,IND,1971,0,1,28.6139,77.209,558096385.0,0.426,0.877,0.147,0.344,0.3548733219921042,0.6296747576043717,0.13714983814723364,0.2956502421009578
India,IND,1972,0,1,28.6139,77.209,570482138.0,0.677,0.863,0.148,0.356,0.5170064828410719,0.6221880916194514,0.13802129789737466,0.3045391895182038
India,IND,1973,0,1,28.6139,77.209,583465599.0,0.587,0.854,0.148,0.358,0.461845441544272,0.6173454671436635,0.13802129789737466,0.30601302913650436
India,IND,1974,0,1,28.6139,77.209,597041391.0,0.514,0.844,0.144,0.362,0.41475515501525706,0.611937125134402,0.13453089295760615,0.30895420772732063
India,IND,1975,0,1,28.6139,77.209,611309536.0,0.398,0.843,0.154,0.383,0.3350426438116185,0.6113946786876863,0.1432341680859078,0.32425505268262117
India,IND,1976,0,1,28.6139,77.209,625861887.0,0.31,0.827,0.15,0.391,0.27002713721306015,0.6026752773958697,0.13976194237515868,0.33002291294130587
India,IND,1977,0,1,28.6139,77.209,640801106.0,0.63,0.823,0.153,0.404,0.48858001481867097,0.6004834956965259,0.14236724128692196,0.3393253056036194
India,IND,1978,0,1,28.6139,77.209,655728226.0,0.409,0.814,0.156,0.401,0.3428802329165431,0.5955343516929449,0.14496577025018573,0.33718626735486995
India,IND,1979,0,1,28.6139,77.209,671155746.0,0.278,0.802,0.156,0.412,0.24529635595534308,0.5888971591861462,0.14496577025018573,0.3450071390710503
India,IND,1980,0,1,28.6139,77.209,687354029.0,0.292,0.799,0.155,0.424,0.2561914053604101,0.5872309549683961,0.14410034397375687,0.353469812989784
India,IND,1981,0,1,28.6139,77.209,703696251.0,0.334,0.8,0.159,0.448,0.288181947493432,0.5877866649021191,0.14755756435761466,0.3701832939635246
India,IND,1982,0,1,28.6139,77.209,720313473.0,0.221,0.788,0.157,0.452,0.19967019512856762,0.5810976767513224,0.1458304482115395,0.3729419164026044
India,IND,1983,0,1,28.6139,77.209,737372683.0,0.456,0.796,0.163,0.478,0.37569294977449424,0.5855619698800079,0.1510028735365274,0.39068982252601003
India,IND,1984,0,1,28.6139,77.209,754875449.0,0.271,0.79,0.167,0.479,0.23980399220731702,0.5822156198526637,0.15443635330441893,0.3913661837286627
India,IND,1985,0,1,28.6139,77.209,772647800.0,0.222,0.781,0.166,0.515,0.20048886074940359,0.5771750043075247,0.15357908792830063,0.4154154389613325
India,IND,1986,0,1,28.6139,77.209,790689977.0,0.27,0.787,0.171,0.539,0.23901690047049992,0.5805382361772911,0.1578580846155803,0.4311328548567422
India,IND,1987,0,1,28.6139,77.209,808931268.0,0.178,0.774,0.162,0.563,0.16381808522939495,0.5732368838873878,0.1501426584297195,0.44660705143933954
India,IND,1988,0,1,28.6139,77.209,827342994.0,0.289,0.788,0.172,0.594,0.25386672395705034,0.5810976767513224,0.15871169115482087,0.4662465803680233
India,IND,1989,0,1,28.6139,77.209,846039528.0,0.216,0.788,0.171,0.639,0.19556678354397528,0.5810976767513224,0.1578580846155803,0.49408629976169266
India,IND,1990,0,1,28.6139,77.209,864972221.0,0.214,0.735,0.171,0.668,0.19392069263730652,0.5510074133988225,0.1578580846155803,0.511625303936555
India,IND,1991,0,1,28.6139,77.209,883927605.0,0.169,0.728,0.173,0.696,0.15614868248993136,0.5469646703818639,0.1595645696713384,0.5282725373697112
India,IND,1992,0,1,28.6139,77.209,902957075.0,0.204,0.719,0.174,0.726,0.1856493468866293,0.5417427264007122,0.16041672140590468,0.5458065926612362
India,IND,1993,0,1,28.6139,77.209,922118380.0,0.161,0.703,0.174,0.734,0.14928170271575444,0.5323914016805512,0.16041672140590468,0.5504308783583501
India,IND,1994,0,1,28.6139,77.209,941163772.0,0.139,0.694,0.177,0.759,0.1301506844650451,0.5270925962298626,0.16296882827813966,0.5647454657554212
India,IND,1995,0,1,28.6139,77.209,960301046.0,0.109,0.689,0.177,0.792,0.10345870836822998,0.524136637825663,0.16296882827813966,0.5833323145527387
India,IND,1996,0,1,28.6139,77.209,979678460.0,0.184,0.683,0.179,0.841,0.16889853646181394,0.520577915208669,0.16466662155523387,0.6103089022509408
India,IND,1997,0,1,28.6139,77.209,999133764.0,0.118,0.677,0.18,0.859,0.11154137473290741,0.5170064828410719,0.16551443847757338,0.620038708739307
India,IND,1998,0,1,28.6139,77.209,1018665080.0,0.117,0.667,0.18,0.86,0.11064652008706366,0.511025603768657,0.16551443847757338,0.6205764877251099
India,IND,1999,0,1,28.6139,77.209,1038225822.0,0.093,0.659,0.18,0.926,0.08892620919440151,0.5062150112083075,0.16551443847757338,0.6554453133759338
India,IND,2000,0,1,28.6139,77.209,1057922731.0,0.193,0.648,0.174,0.933,0.17647114311577908,0.49956243148727997,0.16041672140590468,0.6590732002261939
India,IND,2001,0,1,28.6139,77.209,1077898579.0,0.148,0.64,0.173,0.929,0.13802129789737466,0.49469624183610705,0.1595645696713384,0.6570017339235921
India,IND,2002,0,1,28.6139,77.209,1097600380.0,0.094,0.623,0.164,0.941,0.08984070399978947,0.48427628853245414,0.15186234930924608,0.6632033041868731
India,IND,2003,0,1,28.6139,77.209,1116803000.0,0.116,0.623,0.167,0.957,0.1097508639591192,0.48427628853245414,0.15443635330441893,0.6714126884139392
India,IND,2004,0,1,28.6139,77.209,1135991509.0,0.081,0.621,0.17,0.999,0.07788653865707122,0.48304324275353905,0.15700374880966475,0.692647055518263
India,IND,2005,0,1,28.6139,77.209,1154676321.0,0.056,0.625,0.175,1.035,0.054488185284069734,0.4855078157817008,0.16126814759612226,0.7104958188945583
India,IND,2006,0,1,28.6139,77.209,1172878888.0,0.051,0.625,0.181,1.103,0.04974209189481407,0.4855078157817008,0.16636153721522526,0.7433648967205627
India,IND,2007,0,1,28.6139,77.209,1190676028.0,0.098,0.63,0.187,1.17,0.09349034308733889,0.48858001481867097,0.171429115627531,0.7747271675523681
India,IND,2008,0,1,28.6139,77.209,1207930960.0,0.148,0.633,0.188,1.234,0.13802129789737466,0.49041881398832804,0.1722712209404532,0.803793700647009
India,IND,2009,0,1,28.6139,77.209,1225524764.0,0.092,0.622,0.191,1.316,0.0880108773227133,0.4836599556932212,0.17479329037316305,0.8398415597107488
India,IND,2010,0,1,28.6139,77.209,1243481565.0,0.122,0.619,0.195,1.35,0.11511280710050457,0.4818086746954981,0.178146185383474,0.8544153281560676
India,IND,2011,0,1,28.6139,77.209,1261224956.0,0.103,0.619,0.2,1.4,0.09803374027136541,0.4818086746954981,0.18232155679395465,0.8754687373538999
India,IND,2012,0,1,28.6139,77.209,1278674501.0,0.149,0.613,0.199,1.507,0.13889199886661863,0.4780957991430718,0.1814878760453772,0.9190868191761563
India,IND,2013,0,1,28.6139,77.209,1295829507.0,0.202,0.585,0.197,1.54,0.18398683611301583,0.46058440732924394,0.1798184265758361,0.9321640810304452
India,IND,2014,0,1,28.6139,77.209,1312277184.0,0.098,0.584,0.198,1.637,0.09349034308733889,0.45995329339223406,0.1806534996932576,0.9696419073711496
India,IND,2015,0,1,28.6139,77.209,1328024494.0,0.133,0.582,0.198,1.681,0.12486898204586927,0.45868986934546213,0.1806534996932576,0.9861898592538223
India,IND,2016,0,1,28.6139,77.209,1343944296.0,0.126,0.582,0.195,1.75,0.11867152971749864,0.45868986934546213,0.178146185383474,1.0116009116784799
India,IND,2017,0,1,28.6139,77.209,1359657398.0,0.082,0.579,0.197,1.784,0.07881118042428978,0.45679173527350503,0.1798184265758361,1.0238887424721732
India,IND,2018,0,1,28.6139,77.209,1374659067.0,0.109,0.582,0.2,1.888,0.10345870836822998,0.45868986934546213,0.18232155679395465,1.0605642210305797
India,IND,2019,0,1,28.6139,77.209,1389030307.0,0.069,0.576,0.203,1.88,0.06672363204290818,0.45488999143568737,0.18481843699254183,1.0577902941478545
India,IND,2020,0,1,28.6139,77.209,1402617694.0,0.057,0.576,0.206,1.727,0.055434706888100586,0.45488999143568737,0.1873090983049937,1.0032021038634515
India,IND,2021,0,1,28.6139,77.209,1414203896.0,0.044,0.581,0.205,1.892,0.04305948946044697,0.45805755822733496,0.1864795669426183,1.0619483042965183
India,IND,2022,0,1,28.6139,77.209,1425423209.0,0.028,0.586,0.209,1.986,0.027615167032973367,0.46121512321265623,0.18979357163265562,1.0939346991169987
India,IND,2023,0,1,28.6139,77.209,1438069597.0,0.015,0.589,0.213,2.13,0.014888612493750654,0.4631048875545789,0.19309662996191307,1.1410330045520618
India,IND,2024,0,1,28.6139,77.209,1450935785.0,0.005,0.592,0.214,2.201,0.004987541511039074,0.46499108742219125,0.19392069263730652,1.163463260987726
Indonesia,IDN,1961,1,1,-6.2088,106.8456,90791252.0,5.018,0.926,0.188,0.286,1.7947549782078533,0.6554453133759338,0.1722712209404532,0.25153662581542763
Indonesia,IDN,1962,1,1,-6.2088,106.8456,93375848.0,5.273,0.917,0.187,0.246,1.8362547091146062,0.6507614640635074,0.171429115627531,0.2199384203652614
Indonesia,IDN,1963,1,1,-6.2088,106.8456,96051426.0,4.884,0.858,0.181,0.237,1.772236802739191,0.6195006403916468,0.16636153721522526,0.21268909341035083
Indonesia,IDN,1964,1,1,-6.2088,106.8456,98833758.0,5.082,0.851,0.178,0.226,1.805333589255173,0.6157260335913605,0.16381808522939495,0.20375683751401966
Indonesia,IDN,1965,1,1,-6.2088,106.8456,101365131.0,4.831,0.875,0.178,0.243,1.763188512240019,0.6286086594223741,0.16381808522939495,0.21752781252857406
Indonesia,IDN,1966,1,1,-6.2088,106.8456,103792758.0,4.335,0.867,0.177,0.225,1.6742888847537167,0.6243328645595856,0.16296882827813966,0.20294084399669032
Indonesia,IDN,1967,1,1,-6.2088,106.8456,106526398.0,5.123,0.838,0.169,0.23,1.8120521724958174,0.6086780239334952,0.15614868248993136,0.20701416938432612
Indonesia,IDN,1968,1,1,-6.2088,106.8456,109450008.0,5.198,0.884,0.182,0.252,1.8242266593655565,0.6333971761541713,0.16720791898390644,0.22474227267790678
Indonesia,IDN,1969,1,1,-6.2088,106.8456,112517639.0,4.348,0.871,0.166,0.297,1.6767226592396967,0.6264730472919525,0.15357908792830063,0.26005390533430683
Indonesia,IDN,1970,1,1,-6.2088,106.8456,115657496.0,4.572,0.895,0.169,0.309,1.7177540559175593,0.6392188385343897,0.15614868248993136,0.26926348692776286
Indonesia,IDN,1971,1,1,-6.2088,106.8456,118833700.0,4.714,0.886,0.167,0.328,1.7429193038085815,0.6344581842112658,0.15443635330441893,0.2836740510542421
Indonesia,IDN,1972,1,1,-6.2088,106.8456,122039844.0,4.436,0.886,0.172,0.355,1.6930434962888972,0.6344581842112658,0.15871169115482087,0.3038014543316642
Indonesia,IDN,1973,1,1,-6.2088,106.8456,125288516.0,4.223,0.934,0.167,0.392,1.6530719494541617,0.6595903970311026,0.15443635330441893,0.3307415619122279
Indonesia,IDN,1974,1,1,-6.2088,106.8456,128555052.0,4.457,0.923,0.164,0.398,1.696899188204095,0.6538864666066427,0.15186234930924608,0.3350426438116185
Indonesia,IDN,1975,1,1,-6.2088,106.8456,131843848.0,3.707,0.89,0.16,0.409,1.5490507624190053,0.636576829071551,0.14842000511827327,0.3428802329165431
Indonesia,IDN,1976,1,1,-6.2088,106.8456,135173656.0,3.582,0.907,0.158,0.457,1.5221355840313038,0.645531326618282,0.1466943791508035,0.3763795272130678
Indonesia,IDN,1977,1,1,-6.2088,106.8456,138533540.0,3.601,0.928,0.163,0.595,1.5262736711733316,0.6564831961883539,0.1510028735365274,0.4668737362368079
Indonesia,IDN,1978,1,1,-6.2088,106.8456,141953161.0,4.006,0.925,0.165,0.662,1.6106371930095824,0.6549259677397475,0.1527210870176639,0.5080216964332565
Indonesia,IDN,1979,1,1,-6.2088,106.8456,145434830.0,3.947,0.899,0.167,0.654,1.5987813322455715,0.6413274318301488,0.15443635330441893,0.5031965966014996
Indonesia,IDN,1980,1,1,-6.2088,106.8456,148950537.0,3.872,0.896,0.175,0.637,1.5835045304075959,0.6397464038328301,0.16126814759612226,0.49286529838899784
Indonesia,IDN,1981,1,1,-6.2088,106.8456,152485036.0,3.766,0.901,0.18,0.658,1.5615073786765503,0.6423800635062922,0.16551443847757338,0.5056120567131033
Indonesia,IDN,1982,1,1,-6.2088,106.8456,156052153.0,3.417,0.835,0.191,0.676,1.4854607326143894,0.6070444815065336,0.17479329037316305,0.5164100020598913
Indonesia,IDN,1983,1,1,-6.2088,106.8456,159651382.0,3.5,0.846,0.192,0.659,1.5040773967762742,0.6130211360806604,0.17563256864315802,0.5062150112083075
Indonesia,IDN,1984,1,1,-6.2088,106.8456,163251124.0,7.3,0.876,0.201,0.689,2.1162555148025524,0.6291418505840329,0.1831545430978465,0.524136637825663
Indonesia,IDN,1985,1,1,-6.2088,106.8456,166776183.0,8.545,0.861,0.197,0.729,2.2560174571777107,0.6211139776601137,0.1798184265758361,0.5475432067011534
Indonesia,IDN,1986,1,1,-6.2088,106.8456,170175065.0,9.385,0.872,0.206,0.718,2.3403624573280757,0.6270073780554003,0.1873090983049937,0.5411608235620636
Indonesia,IDN,1987,1,1,-6.2088,106.8456,173511157.0,7.314,0.853,0.207,0.714,2.1179408408304456,0.6168059473032227,0.18813794211539445,0.538829820175588
Indonesia,IDN,1988,1,1,-6.2088,106.8456,176855071.0,5.272,0.85,0.207,0.75,1.8360952830481068,0.6151856390902335,0.18813794211539445,0.5596157879354227
Indonesia,IDN,1989,1,1,-6.2088,106.8456,180201638.0,5.387,0.874,0.2,0.73,1.854264674579452,0.6280751838162304,0.18232155679395465,0.5481214085096876
Indonesia,IDN,1990,1,1,-6.2088,106.8456,183501097.0,3.143,0.886,0.211,0.845,1.4214201630952648,0.6344581842112658,0.19144646457095518,0.6124792774924905
Indonesia,IDN,1991,1,1,-6.2088,106.8456,186778239.0,2.659,0.907,0.212,0.936,1.2971898860370696,0.645531326618282,0.1922718876471227,0.6606239888543853
Indonesia,IDN,1992,1,1,-6.2088,106.8456,190043742.0,3.588,0.944,0.219,1.049,1.5234441992671244,0.6647477060382473,0.19803085049913446,0.7173518692567626
Indonesia,IDN,1993,1,1,-6.2088,106.8456,193305169.0,2.671,0.942,0.211,1.112,1.3004641045146972,0.6637183698691331,0.19144646457095518,0.7476353658440151
Indonesia,IDN,1994,1,1,-6.2088,106.8456,196591829.0,4.015,0.952,0.213,1.115,1.612433421413899,0.6688544879909007,0.19309662996191307,0.7490548124982412
Indonesia,IDN,1995,1,1,-6.2088,106.8456,199888055.0,3.406,0.955,0.22,1.112,1.4829672483801515,0.6703901934373291,0.1988508587451652,0.7476353658440151
Indonesia,IDN,1996,1,1,-6.2088,106.8456,203204353.0,2.912,0.987,0.227,1.244,1.3640487521725708,0.6866259635696798,0.2045721657287744,0.8082599876604499
Indonesia,IDN,1997,1,1,-6.2088,106.8456,206536089.0,11.525,0.99,0.212,1.354,2.5277266469709283,0.688134638736401,0.1922718876471227,0.856116008838085
Indonesia,IDN,1998,1,1,-6.2088,106.8456,209826791.0,3.299,0.952,0.217,1.164,1.4583824375141445,0.6688544879909007,0.19638881400539013,0.7719583609842351
Indonesia,IDN,1999,1,1,-6.2088,106.8456,213004667.0,3.108,0.926,0.209,1.37,1.4129362920663118,0.6554453133759338,0.18979357163265562,0.8628899551470398
Indonesia,IDN,2000,1,1,-6.2088,106.8456,216077789.0,3.019,0.921,0.21,1.301,1.391033115467064,0.6528458837864196,0.1906203596086497,0.8333438110532287
Indonesia,IDN,2001,1,1,-6.2088,106.8456,219097905.0,2.345,0.918,0.207,1.446,1.2074666935801919,0.6512829764612464,0.18813794211539445,0.8944540372649806
Indonesia,IDN,2002,1,1,-6.2088,106.8456,222088499.0,3.847,0.899,0.218,1.388,1.578359956863239,0.6413274318301488,0.19721016928770527,0.8704561955303556
Indonesia,IDN,2003,1,1,-6.2088,106.8456,225048005.0,2.139,0.894,0.213,1.506,1.1439042778598165,0.6386909947638865,0.19309662996191307,0.9186878564738765
Indonesia,IDN,2004,1,1,-6.2088,106.8456,227926649.0,2.769,0.902,0.222,1.504,1.3268097142849984,0.6429059641231986,0.20048886074940359,0.9178894532378521
Indonesia,IDN,2005,1,1,-6.2088,106.8456,230871648.0,2.374,0.907,0.218,1.505,1.2160989841237766,0.645531326618282,0.19721016928770527,0.9182887345368281
Indonesia,IDN,2006,1,1,-6.2088,106.8456,233951650.0,5.165,0.945,0.226,1.481,1.8188881366163077,0.6652619770704096,0.20375683751401966,0.908661704709664
Indonesia,IDN,2007,1,1,-6.2088,106.8456,237062338.0,2.978,0.948,0.22,1.635,1.3807791804317806,0.6668032052203433,0.1988508587451652,0.9688831819933257
Indonesia,IDN,2008,1,1,-6.2088,106.8456,240157902.0,3.634,0.956,0.224,1.521,1.5334204260101845,0.6709015716126255,0.20212418409013436,0.9246556482057827
Indonesia,IDN,2009,1,1,-6.2088,106.8456,243220024.0,4.902,0.995,0.237,1.639,1.7752912765207476,0.6906440503418267,0.21268909341035083,0.9704000575211871
Indonesia,IDN,2010,1,1,-6.2088,106.8456,246305327.0,3.911,1.004,0.229,1.808,1.5914775870571076,0.6951451832226183,0.20620083058389777,1.0324724861635648
Indonesia,IDN,2011,1,1,-6.2088,106.8456,249470029.0,4.192,1.155,0.24,2.006,1.6471189794017889,0.7677907235557111,0.2151113796169455,1.1006102913307827
Indonesia,IDN,2012,1,1,-6.2088,106.8456,252698525.0,4.479,1.19,0.244,2.041,1.7009226025562787,0.7839015438284094,0.2183319943169877,1.1121864086952276
Indonesia,IDN,2013,1,1,-6.2088,106.8456,255852464.0,4.843,1.171,0.231,1.929,1.7652443635723,0.7751878908961548,0.20782684720231648,1.0746610678455963
Indonesia,IDN,2014,1,1,-6.2088,106.8456,258877395.0,5.172,1.19,0.242,1.924,1.8200229345009145,0.7839015438284094,0.21672298351128702,1.072952541887532
Indonesia,IDN,2015,1,1,-6.2088,106.8456,261799249.0,6.847,1.14,0.239,2.105,2.060131293145336,0.76080582903376,0.21430460264700538,1.133013715385442
Indonesia,IDN,2016,1,1,-6.2088,106.8456,264627429.0,3.304,1.137,0.233,2.071,1.4595448228594832,0.7594029763370106,0.20945022418220727,1.1220032414586854
Indonesia,IDN,2017,1,1,-6.2088,106.8456,267346654.0,2.923,1.2,0.251,2.136,1.3668566672274156,0.7884573603642702,0.22394323148477407,1.1429481024881614
Indonesia,IDN,2018,1,1,-6.2088,106.8456,269951847.0,2.919,1.306,0.266,2.25,1.3658365192174944,0.8355144218468673,0.23586232372198446,1.1786549963416462
Indonesia,IDN,2019,1,1,-6.2088,106.8456,272489381.0,3.739,1.343,0.261,2.441,1.5558261429854512,0.8514321595256585,0.23190505698278252,1.2357621268153434
Indonesia,IDN,2020,1,1,-6.2088,106.8456,274814861.0,2.438,1.281,0.261,2.268,1.2348899069606576,0.8246139433022509,0.23190505698278252,1.1841781769977564
Indonesia,IDN,2021,1,1,-6.2088,106.8456,276758056.0,2.503,1.27,0.259,2.287,1.2536197442153498,0.8197798314933114,0.2303177550622101,1.1899752946820823
Indonesia,IDN,2022,1,1,-6.2088,106.8456,278830527.0,1.978,1.385,0.251,2.719,1.0912519342618172,0.8691991243403046,0.22394323148477407,1.313454814942933
Indonesia,IDN,2023,1,1,-6.2088,106.8456,281190068.0,2.361,1.468,0.255,2.711,1.2122385487429688,0.9034081060431414,0.22713557258374723,1.3113013820784605
Indonesia,IDN,2024,1,1,-6.2088,106.8456,283487933.0,2.033,1.453,0.25,2.865,1.109552228706444,0.8973117652763523,0.22314355131420976,1.3519616820393854
Iran,IRN,1961,0,0,35.6892,51.389,22125729.0,1.753,2.746,0.299,1.65,1.0126912261604701,1.3206886040218968,0.2615947376884625,0.9745596399981308
Iran,IRN,1962,0,0,35.6892,51.389,22807908.0,1.458,2.693,0.304,1.641,0.8993480111438431,1.3064391358704261,0.2654364635044612,0.9711576333149952
Iran,IRN,1963,0,0,35.6892,51.389,23519008.0,1.267,2.761,0.284,1.756,0.8184573715253919,1.3246848794881994,0.2499802052677694,1.0137803531514122
Iran,IRN,1964,0,0,35.6892,51.389,24262863.0,1.142,3.029,0.282,1.959,0.761739972025557,1.3935182062092102,0.24842135849847827,1.0848513734180727
Iran,IRN,1965,0,0,35.6892,51.389,25036982.0,0.939,3.105,0.288,2.146,0.6621723762605147,1.4122057429043915,0.25309062768216184,1.146131804636086
Iran,IRN,1966,0,0,35.6892,51.389,25829273.0,0.923,3.248,0.293,2.482,0.6538864666066427,1.4464482839396378,0.25696509978972043,1.2476068413459973
Iran,IRN,1967,0,0,35.6892,51.389,26628430.0,0.843,3.329,0.304,2.549,0.6113946786876863,1.4653365684598436,0.2654364635044612,1.2666658736643595
Iran,IRN,1968,0,0,35.6892,51.389,27437391.0,0.765,4.086,0.315,3.001,0.5681506903852601,1.6264916669999279,0.27383666562972786,1.386544329875098
Iran,IRN,1969,0,0,35.6892,51.389,28273483.0,0.641,3.892,0.319,2.937,0.4953058121079539,1.587601217824926,0.2768738737351776,1.3704190119616004
Iran,IRN,1970,0,0,35.6892,51.389,29145099.0,1.299,4.431,0.299,3.149,0.8324742457810445,1.6921232790527083,0.2615947376884625,1.422867341350731
Iran,IRN,1971,0,0,35.6892,51.389,30029069.0,1.931,4.296,0.298,3.384,1.0753436617287555,1.6669518186347072,0.26082461828189824,1.4779615496457144
Iran,IRN,1972,0,0,35.6892,51.389,30921178.0,2.281,4.587,0.299,3.429,1.1881482539789647,1.7204424704770116,0.2615947376884625,1.4881738249410612
Iran,IRN,1973,0,0,35.6892,51.389,31839835.0,1.045,5.106,0.315,4.066,0.7153977894947651,1.809271894312686,0.27383666562972786,1.6225515515794835
Iran,IRN,1974,0,0,35.6892,51.389,32796453.0,0.383,5.096,0.316,4.384,0.32425505268262117,1.807632818384345,0.2745968329031255,1.6834315923424268
Iran,IRN,1975,0,0,35.6892,51.389,33802971.0,-0.028,4.475,0.313,4.118,0.0,1.7001922757025645,0.27231459532065916,1.6327637377375972
Iran,IRN,1976,0,0,35.6892,51.389,34837282.0,-0.198,4.732,0.321,4.492,0.0,1.7460645099659255,0.2783890255401883,1.7032924879057245
Iran,IRN,1977,0,0,35.6892,51.389,35933181.0,-0.591,4.428,0.329,4.559,0.0,1.6915707419726227,0.2844267797311083,1.7154182359713324
Iran,IRN,1978,0,0,35.6892,51.389,37126534.0,0.902,4.033,0.319,4.371,0.6429059641231986,1.616016227794223,0.2768738737351776,1.6810141109233223
Iran,IRN,1979,0,0,35.6892,51.389,38424956.0,-0.715,2.623,0.327,4.246,0.0,1.2873024119129401,0.28292075535007044,1.657465881444682
Iran,IRN,1980,0,0,35.6892,51.389,39842323.0,-0.046,1.494,0.315,3.029,0.0,0.9138878472578447,0.27383666562972786,1.3935182062092102
Iran,IRN,1981,0,0,35.6892,51.389,41989316.0,0.363,1.322,0.322,2.698,0.30968815271439554,0.8424288832756998,0.27914574142949455,1.3077921329649331
Iran,IRN,1982,0,0,35.6892,51.389,44272140.0,0.349,1.686,0.324,3.12,0.2993635772256188,0.9880530981010458,0.28065745751481647,1.415853163361435
Iran,IRN,1983,0,0,35.6892,51.389,46029540.0,0.392,1.727,0.339,3.259,0.3307415619122279,1.0032021038634515,0.29192306670903545,1.4490343909410763
Iran,IRN,1984,0,0,35.6892,51.389,47793999.0,0.448,1.567,0.324,3.147,0.3701832939635246,0.9427379018890033,0.28065745751481647,1.4223851812642443
Iran,IRN,1985,0,0,35.6892,51.389,49582289.0,0.498,1.572,0.324,3.237,0.40413088509502776,0.944683806375373,0.28065745751481647,1.4438554716444223
Iran,IRN,1986,0,0,35.6892,51.389,51446046.0,0.541,1.424,0.33,2.883,0.4324315563379787,0.885419068207068,0.2851789422336624,1.3566080507495302
Iran,IRN,1987,0,0,35.6892,51.389,53323491.0,0.584,1.511,0.319,2.988,0.45995329339223406,0.9206810801754479,0.2768738737351776,1.383289852099592
Iran,IRN,1988,0,0,35.6892,51.389,55072691.0,0.138,1.466,0.309,3.195,0.12927233570413918,0.9025974047421526,0.26926348692776286,1.4338933399191696
Iran,IRN,1989,0,0,35.6892,51.389,56704920.0,-0.08,1.683,0.335,3.37,0.0,0.9869355714434871,0.2889312918522129,1.4747630091074988
Iran,IRN,1990,0,0,35.6892,51.389,58380098.0,1.163,1.763,0.319,3.616,0.7714961469709217,1.0163170459412794,0.2768738737351776,1.5295285292057985
Iran,IRN,1991,0,0,35.6892,51.389,59986931.0,1.05,2.074,0.323,3.718,0.7178397931503169,1.122979645116404,0.27990188513281866,1.5513849809854834
Iran,IRN,1992,0,0,35.6892,51.389,61184982.0,0.554,2.155,0.35,3.73,0.4408322519454557,1.1489884959931764,0.30010459245033805,1.5539252025038417
Iran,IRN,1993,0,0,35.6892,51.389,61403548.0,0.349,2.172,0.322,3.86,0.2993635772256188,1.1543623037726016,0.27914574142949455,1.5810384379124023
Iran,IRN,1994,0,0,35.6892,51.389,61520598.0,0.12,2.237,0.334,4.305,0.11332868530700317,1.1746469749441073,0.288181947493432,1.6686497720659463
Iran,IRN,1995,0,0,35.6892,51.389,62205571.0,-0.157,2.128,0.336,4.355,0.0,1.1403938226830648,0.289680075114454,1.6780307038997122
Iran,IRN,1996,0,0,35.6892,51.389,62881298.0,0.152,2.213,0.346,4.399,0.1414995622736995,1.1672050801337215,0.29713723122253605,1.68621375123615
Iran,IRN,1997,0,0,35.6892,51.389,63639637.0,-0.15,2.174,0.36,4.231,0.0,1.1549926221042173,0.3074846997479606,1.654602464388474
Iran,IRN,1998,0,0,35.6892,51.389,64519866.0,-0.614,1.907,0.368,4.737,0.0,1.067121621576739,0.3133498192003587,1.746936425619734
Iran,IRN,1999,0,0,35.6892,51.389,65445389.0,0.215,1.834,0.357,5.722,0.19474407679251177,1.0416891412684888,0.30527638085273207,1.905385729302914
Iran,IRN,2000,0,0,35.6892,51.389,66418661.0,0.084,1.974,0.346,5.529,0.08065790301745447,1.0899078480379634,0.29713723122253605,1.8762537922044964
Iran,IRN,2001,0,0,35.6892,51.389,67452005.0,0.086,1.798,0.346,5.781,0.08250122151174369,1.0289048762432895,0.29713723122253605,1.9141245837017051
Iran,IRN,2002,0,0,35.6892,51.389,68011318.0,0.095,1.781,0.357,5.838,0.09075436326846414,1.0228105752518277,0.30527638085273207,1.9224952912171096
Iran,IRN,2003,0,0,35.6892,51.389,68769343.0,0.127,2.111,0.364,5.976,0.11955923505763925,1.1349442179155,0.31042155942127037,1.9424756866066786
Iran,IRN,2004,0,0,35.6892,51.389,70256316.0,0.161,2.018,0.373,6.293,0.14928170271575444,1.1045943603456572,0.316998126785834,1.986914984002096
Iran,IRN,2005,0,0,35.6892,51.389,71828455.0,0.22,2.084,0.376,6.499,0.1988508587451652,1.1262274557010832,0.31918073951115195,2.014769678319252
Iran,IRN,2006,0,0,35.6892,51.389,73392747.0,-0.314,2.137,0.393,6.826,0.0,1.1432669292085411,0.3314596947976687,2.0574515237882207
Iran,IRN,2007,0,0,35.6892,51.389,74602648.0,-0.207,1.987,0.376,6.806,0.0,1.0942695392339727,0.31918073951115195,2.054892668758423
Iran,IRN,2008,0,0,35.6892,51.389,75514201.0,-0.278,1.94,0.368,6.999,0.0,1.0784095813505903,0.3133498192003587,2.0793165338666846
Iran,IRN,2009,0,0,35.6892,51.389,76457831.0,-0.305,1.936,0.373,7.107,0.0,1.0770481107522691,0.316998126785834,2.0927278860055702
Iran,IRN,2010,0,0,35.6892,51.389,77420851.0,-0.323,1.979,0.376,7.253,0.0,1.0915876737311452,0.31918073951115195,2.1105767706105474
Iran,IRN,2011,0,0,35.6892,51.389,78383602.0,-0.334,1.95,0.339,7.353,0.0,1.0818051703517284,0.29192306670903545,2.1226207557737693
Iran,IRN,2012,0,0,35.6892,51.389,79370583.0,-0.335,1.709,0.348,7.55,0.0,0.996579563102958,0.2986220124901153,2.145931282948669
Iran,IRN,2013,0,0,35.6892,51.389,80414689.0,-0.293,1.687,0.344,7.586,0.0,0.9884253296333542,0.2956502421009578,2.150132969802369
Iran,IRN,2014,0,0,35.6892,51.389,81502045.0,-0.316,1.649,0.33,7.904,0.0,0.9741822102899327,0.2851789422336624,2.186500613973244
Iran,IRN,2015,0,0,35.6892,51.389,82619365.0,-0.283,1.65,0.319,7.77,0.0,0.9745596399981308,0.2768738737351776,2.1713368063840917
Iran,IRN,2016,0,0,35.6892,51.389,83812230.0,-0.285,1.978,0.318,7.692,0.0,1.0912519342618172,0.27611543608031547,2.162403062394183
Iran,IRN,2017,0,0,35.6892,51.389,85026761.0,-0.284,1.994,0.311,8.19,0.0,1.0966102859974367,0.2707902047815628,2.2181159363675955
Iran,IRN,2018,0,0,35.6892,51.389,86117999.0,0.624,1.889,0.318,7.716,0.4848922417394862,1.0609104214840983,0.27611543608031547,2.1651604170823733
Iran,IRN,2019,0,0,35.6892,51.389,87051649.0,0.236,1.576,0.326,8.354,0.211880359035499,0.9462378082421072,0.28216689176367077,2.2358040593036943
Iran,IRN,2020,0,0,35.6892,51.389,87723448.0,0.108,1.511,0.333,8.499,0.10255658832509207,0.9206810801754479,0.2874320411965716,2.2511865299080456
Iran,IRN,2021,0,0,35.6892,51.389,88455490.0,0.024,1.654,0.342,8.813,0.023716526617316044,0.9760679359100157,0.29416103854949005,2.283708037224357
Iran,IRN,2022,0,0,35.6892,51.389,89524247.0,0.154,1.692,0.342,8.57,0.1432341680859078,0.9902844117824814,0.29416103854949005,2.258633205464863
Iran,IRN,2023,0,0,35.6892,51.389,90608708.0,0.22,1.85,0.344,8.715,0.1988508587451652,1.0473189942805592,0.2956502421009578,2.2736710828294036
Iran,IRN,2024,0,0,35.6892,51.389,91567737.0,0.265,1.867,0.35,8.656,0.23507212217948356,1.0532661869012327,0.30010459245033805,2.2675794837952306
Iraq,IRQ,1961,0,0,33.3152,44.3661,7194561.0,1.18,5.855,0.341,1.211,0.7793248768009976,1.9249783130142777,0.2934156042995415,0.7934449018753092
Iraq,IRQ,1962,0,0,33.3152,44.3661,7413876.0,1.09,6.097,0.339,1.217,0.7371640659767197,1.959672159542846,0.29192306670903545,0.7961549306341744
Iraq,IRQ,1963,0,0,33.3152,44.3661,7667932.0,1.014,6.31,0.324,1.224,0.7001227942963706,1.9892432737616872,0.28065745751481647,0.7993073763883359
Iraq,IRQ,1964,0,0,33.3152,44.3661,7929572.0,0.94,6.062,0.32,1.143,0.6626879730752367,1.9547282975061948,0.2776317365982795,0.76220671649144
Iraq,IRQ,1965,0,0,33.3152,44.3661,8202145.0,0.569,6.337,0.317,2.352,0.4504384737508955,1.9929300397318572,0.27535642276114397,1.2095571826198366
Iraq,IRQ,1966,0,0,33.3152,44.3661,8485103.0,0.712,10.726,0.327,3.262,0.5376622777195503,2.4618085985420235,0.28292075535007044,1.4497385336764255
Iraq,IRQ,1967,0,0,33.3152,44.3661,8778876.0,0.44,5.545,0.335,2.093,0.36464311358790924,1.8787013993618633,0.2889312918522129,1.1291414937029325
Iraq,IRQ,1968,0,0,33.3152,44.3661,9085016.0,0.341,7.125,0.353,2.168,0.2934156042995415,2.094945728215801,0.302324349188651,1.1531004739521795
Iraq,IRQ,1969,0,0,33.3152,44.3661,9403356.0,0.252,7.853,0.353,2.404,0.22474227267790678,2.180756384628912,0.302324349188651,1.2249512107111278
Iraq,IRQ,1970,0,0,33.3152,44.3661,9735611.0,0.225,7.918,0.344,2.453,0.20294084399669032,2.188071706205285,0.2956502421009578,1.2392434184078553
Iraq,IRQ,1971,0,0,33.3152,44.3661,10077818.0,1.054,7.686,0.325,2.861,0.7197891115063665,2.16171253411263,0.28141245943818555,1.3509262172820993
Iraq,IRQ,1972,0,0,33.3152,44.3661,10430169.0,0.594,6.53,0.326,2.83,0.4662465803680233,2.018895041811802,0.28216689176367077,1.3428648031925547
Iraq,IRQ,1973,0,0,33.3152,44.3661,10795872.0,0.896,8.387,0.299,2.836,0.6397464038328301,2.239325753354855,0.2615947376884625,1.3444301570211918
Iraq,IRQ,1974,0,0,33.3152,44.3661,11167770.0,0.487,7.89,0.297,2.768,0.396760667478018,2.1849270495258133,0.26005390533430683,1.3265443567141166
Iraq,IRQ,1975,0,0,33.3152,44.3661,11543643.0,0.307,8.652,0.279,2.869,0.2677344346420849,2.2671651477627854,0.24607852259670565,1.3529960757183759
Iraq,IRQ,1976,0,0,33.3152,44.3661,11927652.0,0.211,8.937,0.284,4.087,0.19144646457095518,2.296265164249226,0.2499802052677694,1.6266882658406279
Iraq,IRQ,1977,0,0,33.3152,44.3661,12331051.0,0.598,8.412,0.277,3.54,0.4687528473440829,2.2419854708651163,0.24451357705040225,1.5129270120532565
Iraq,IRQ,1978,0,0,33.3152,44.3661,12753355.0,0.556,8.883,0.271,3.313,0.4421184257561999,2.2908161093940467,0.23980399220731702,1.4616337176657062
Iraq,IRQ,1979,0,0,33.3152,44.3661,13170372.0,0.294,11.425,0.281,4.017,0.2577381960787088,2.5197105719826927,0.24764102291459722,1.612832145502116
Iraq,IRQ,1980,0,0,33.3152,44.3661,13591996.0,0.208,8.652,0.279,3.346,0.1889660995126232,2.2671651477627854,0.24607852259670565,1.4692558818342378
Iraq,IRQ,1981,0,0,33.3152,44.3661,14006379.0,0.193,3.65,0.273,2.288,0.17647114311577908,1.536867219599265,0.24137631957526948,1.1902794771939333
Iraq,IRQ,1982,0,0,33.3152,44.3661,14406082.0,0.132,3.623,0.275,2.12,0.1239859797809912,1.5310438450060884,0.24294617861038947,1.1378330018213911
Iraq,IRQ,1983,0,0,33.3152,44.3661,14840558.0,0.11,3.493,0.26,2.604,0.10436001532424277,1.502520630088023,0.23111172096338664,1.2820443397460914
Iraq,IRQ,1984,0,0,33.3152,44.3661,15310729.0,0.138,3.959,0.266,2.617,0.12927233570413918,1.601204107506997,0.23586232372198446,1.285644952969961
Iraq,IRQ,1985,0,0,33.3152,44.3661,15683431.0,0.148,4.483,0.273,2.839,0.13802129789737466,1.7016523964219112,0.24137631957526948,1.3452119160186606
Iraq,IRQ,1986,0,0,33.3152,44.3661,16074146.0,0.107,5.074,0.272,2.961,0.10165365372649983,1.804017366623557,0.24059046491793043,1.3764965186397795
Iraq,IRQ,1987,0,0,33.3152,44.3661,16521051.0,0.242,5.974,0.27,3.189,0.21672298351128702,1.9421889482534593,0.23901690047049992,1.432462041964898
Iraq,IRQ,1988,0,0,33.3152,44.3661,16908823.0,-0.178,7.392,0.277,4.004,0.0,2.127278871093996,0.24451357705040225,1.6102375926046646
Iraq,IRQ,1989,0,0,33.3152,44.3661,17364553.0,-0.151,7.702,0.268,4.202,0.0,2.1635528842984884,0.2374408560150342,1.6490431670264598
Iraq,IRQ,1990,0,0,33.3152,44.3661,17581208.0,1.117,5.57,0.27,2.826,0.7499999921527281,1.8825138324965192,0.23901690047049992,1.341819871018061
Iraq,IRQ,1991,0,0,33.3152,44.3661,17767257.0,0.39,1.188,0.196,2.561,0.3293037471426004,0.7829878845597348,0.17898265552844,1.2700414042956407
Iraq,IRQ,1992,0,0,33.3152,44.3661,18300849.0,1.073,1.496,0.227,3.225,0.7289968334536425,0.9146894505071812,0.2045721657287744,1.4410192608091372
Iraq,IRQ,1993,0,0,33.3152,44.3661,19201195.0,-0.025,1.66,0.269,3.295,0.0,0.9783261227936076,0.23822918873225063,1.4574515554362186
Iraq,IRQ,1994,0,0,33.3152,44.3661,20139818.0,-0.366,1.695,0.256,3.802,0.0,0.9913982043609605,0.22793206804600694,1.5690324977990615
Iraq,IRQ,1995,0,0,33.3152,44.3661,20825859.0,-0.353,1.698,0.238,3.834,0.0,0.9925107577855641,0.21349717426240436,1.5756742822812912
Iraq,IRQ,1996,0,0,33.3152,44.3661,21501321.0,-0.689,1.55,0.229,3.48,0.0,0.9360933591703348,0.20620083058389777,1.4996230464268938
Iraq,IRQ,1997,0,0,33.3152,44.3661,22176604.0,-0.57,2.322,0.237,3.44,0.0,1.200567011191103,0.21268909341035083,1.4906543764441333
Iraq,IRQ,1998,0,0,33.3152,44.3661,22884402.0,-0.598,2.621,0.234,3.539,0.0,1.2867502307835041,0.21026092548319608,1.5127067234743286
Iraq,IRQ,1999,0,0,33.3152,44.3661,23636530.0,-0.468,2.927,0.22,3.487,0.0,1.3678757755958726,0.1988508587451652,1.5011843269938463
Iraq,IRQ,2000,0,0,33.3152,44.3661,24424060.0,-0.398,3.04,0.211,3.428,0.0,1.3962446919730587,0.19144646457095518,1.4879480148463904
Iraq,IRQ,2001,0,0,33.3152,44.3661,25197842.0,0.083,2.998,0.267,3.842,0.07973496801885356,1.3857942360782083,0.23665190133900202,1.5773278585158668
Iraq,IRQ,2002,0,0,33.3152,44.3661,26006558.0,-0.087,2.61,0.266,3.733,0.0,1.2837077723447896,0.23586232372198446,1.5545592509241108
Iraq,IRQ,2003,0,0,33.3152,44.3661,26802660.0,-0.134,2.411,0.15,3.784,0.0,1.2270055034365086,0.13976194237515868,1.5652770166483305
Iraq,IRQ,2004,0,0,33.3152,44.3661,27577876.0,0.155,2.758,0.159,4.098,0.14410034397375687,1.3238869009912735,0.14755756435761466,1.6288483059539236
Iraq,IRQ,2005,0,0,33.3152,44.3661,28407450.0,0.284,2.531,0.172,4.023,0.2499802052677694,1.2615811169462494,0.15871169115482087,1.6140273647679075
Iraq,IRQ,2006,0,0,33.3152,44.3661,28616518.0,0.358,2.584,0.168,3.454,0.30601302913650436,1.276479495112684,0.15529288440603534,1.493802568835176
Iraq,IRQ,2007,0,0,33.3152,44.3661,28391606.0,-0.466,2.492,0.167,2.161,0.0,1.2504746379773557,0.15443635330441893,1.1508884332334808
Iraq,IRQ,2008,0,0,33.3152,44.3661,28971042.0,-0.646,2.593,0.175,3.256,0.0,1.2789875081313817,0.16126814759612226,1.4483297520393432
Iraq,IRQ,2009,0,0,33.3152,44.3661,30058207.0,0.08,2.794,0.193,3.5,0.07696104113612832,1.3334208715128224,0.17647114311577908,1.5040773967762742
Iraq,IRQ,2010,0,0,33.3152,44.3661,31045367.0,0.378,2.976,0.188,3.672,0.32063317259146684,1.3802762887943276,0.1722712209404532,1.541587245525926
Iraq,IRQ,2011,0,0,33.3152,44.3661,32161425.0,0.045,3.141,0.191,3.841,0.04401688541677432,1.4209373045634301,0.17479329037316305,1.5771213109575573
Iraq,IRQ,2012,0,0,33.3152,44.3661,33654843.0,0.391,3.36,0.193,3.983,0.33002291294130587,1.4724720573609429,0.17647114311577908,1.6060321192992675
Iraq,IRQ,2013,0,0,33.3152,44.3661,35281987.0,0.707,3.211,0.188,4.016,0.5347374438123036,1.4377001491797907,0.1722712209404532,1.6126328033306196
Iraq,IRQ,2014,0,0,33.3152,44.3661,36550058.0,0.322,3.262,0.171,3.762,0.27914574142949455,1.4497385336764255,0.1578580846155803,1.5606677480646711
Iraq,IRQ,2015,0,0,33.3152,44.3661,37560535.0,0.176,3.473,0.143,3.795,0.16211884947643518,1.498059324450711,0.13365638481267358,1.5675737083354015
Iraq,IRQ,2016,0,0,33.3152,44.3661,38469628.0,0.133,4.208,0.15,3.981,0.12486898204586927,1.6501959049062682,0.13976194237515868,1.6056306740911463
Iraq,IRQ,2017,0,0,33.3152,44.3661,39337358.0,0.082,4.17,0.163,4.257,0.07881118042428978,1.6428726885203377,0.1510028735365274,1.6595605218373108
Iraq,IRQ,2018,0,0,33.3152,44.3661,40265629.0,0.06,4.154,0.161,4.623,0.058268908123975775,1.6397731122301733,0.14928170271575444,1.7268653293100646
Iraq,IRQ,2019,0,0,33.3152,44.3661,41192172.0,0.045,4.218,0.179,4.656,0.04401688541677432,1.6521141867145366,0.16466662155523387,1.7327169285942716
Iraq,IRQ,2020,0,0,33.3152,44.3661,42116602.0,0.041,3.609,0.174,4.086,0.04018178963283183,1.5280109137383713,0.16041672140590468,1.6264916669999279
Iraq,IRQ,2021,0,0,33.3152,44.3661,43071208.0,0.04,3.519,0.166,4.484,0.039220713153281295,1.5082907304291426,0.15357908792830063,1.701834761700068
Iraq,IRQ,2022,0,0,33.3152,44.3661,44070556.0,0.044,3.743,0.161,4.939,0.04305948946044697,1.5566698468954447,0.14928170271575444,1.7815407690337233
Iraq,IRQ,2023,0,0,33.3152,44.3661,45074055.0,0.047,3.543,0.16,5.056,0.045928931888399804,1.5135875867772663,0.14842000511827327,1.8010495161351476
Iraq,IRQ,2024,0,0,33.3152,44.3661,46042015.0,0.049,3.393,0.153,5.074,0.04783732941416013,1.4800123649936425,0.14236724128692196,1.804017366623557
Israel,ISR,1961,0,0,31.7683,35.2137,1956894.0,0.251,10.572,0.373,3.608,0.22394323148477407,2.4485883871138885,0.316998126785834,1.5277939233935902
Israel,ISR,1962,0,0,31.7683,35.2137,2040967.0,0.512,11.981,0.366,3.887,0.4134332777573413,2.5634867499108576,0.3118867611485983,1.5865786182880177
Israel,ISR,1963,0,0,31.7683,35.2137,2135049.0,0.349,12.556,0.376,3.84,0.2993635772256188,2.606829253744805,0.31918073951115195,1.5769147207285403
Israel,ISR,1964,0,0,31.7683,35.2137,2231855.0,0.139,14.003,0.384,4.094,0.1301506844650451,2.7082501811048765,0.32497785719547784,1.6280633765572654
Israel,ISR,1965,0,0,31.7683,35.2137,2331450.0,0.269,19.943,0.4,5.545,0.23822918873225063,3.041804461656374,0.33647223662121295,1.8787013993618633
Israel,ISR,1966,0,0,31.7683,35.2137,2433836.0,0.155,21.096,0.414,5.58,0.14410034397375687,3.0953965966669363,0.346422567474381,1.884034745337226
Israel,ISR,1967,0,0,31.7683,35.2137,2538658.0,0.067,21.352,0.45,5.329,0.06485097231961631,3.106915802514606,0.37156355643248307,1.8451422457931683
Israel,ISR,1968,0,0,31.7683,35.2137,2645472.0,0.041,21.563,0.472,5.214,0.04018178963283183,3.116311396512376,0.38662202030668447,1.8268048109708557
Israel,ISR,1969,0,0,31.7683,35.2137,2754159.0,0.074,22.998,0.504,5.374,0.07138999608667294,3.177970493542197,0.4081282255276481,1.8522272159951447
Israel,ISR,1970,0,0,31.7683,35.2137,2864773.0,0.088,19.598,0.419,5.78,0.08434114843375087,3.02519398370361,0.3499523981779056,1.9139771019523042
Israel,ISR,1971,0,0,31.7683,35.2137,2977303.0,0.075,18.937,0.421,5.448,0.07232066157962612,2.99257730186069,0.35136084911496357,1.8637700052043273
Israel,ISR,1972,0,0,31.7683,35.2137,3079404.0,0.202,19.256,0.425,5.485,0.18398683611301583,3.0084510459617655,0.35417181372061385,1.8694918177684072
Israel,ISR,1973,0,0,31.7683,35.2137,3163042.0,0.208,18.69,0.429,6.089,0.1889660995126232,2.9801108926510342,0.3569748989477303,1.9585442868728806
Israel,ISR,1974,0,0,31.7683,35.2137,3239987.0,0.083,12.904,0.445,5.978,0.07973496801885356,2.632176568523036,0.36810932156439546,1.9427623427645824
Israel,ISR,1975,0,0,31.7683,35.2137,3318087.0,0.012,19.066,0.46,5.889,0.011928570865273802,2.999026840503421,0.3784364357202451,1.9299259366110588
Israel,ISR,1976,0,0,31.7683,35.2137,3398266.0,0.022,1.02,0.458,5.737,0.02176149178151269,0.7030975114131134,0.37706563358646644,1.9076147219785229
Israel,ISR,1977,0,0,31.7683,35.2137,3479619.0,0.021,0.994,0.464,5.68,0.020782539182528505,0.6901426715396466,0.38117241553911985,1.8991179875485542
Israel,ISR,1978,0,0,31.7683,35.2137,3560404.0,0.022,0.988,0.457,5.907,0.02176149178151269,0.6871291082343823,0.3763795272130678,1.9325353901068358
Israel,ISR,1979,0,0,31.7683,35.2137,3640877.0,0.017,0.977,0.453,5.731,0.0168571170664229,0.6815805441884798,0.37363038458814585,1.9067237210285761
Israel,ISR,1980,0,0,31.7683,35.2137,3721666.0,0.074,0.97,0.449,5.639,0.07138999608667294,0.6780335427498971,0.3708736633385453,1.8929613497370223
Israel,ISR,1981,0,0,31.7683,35.2137,3802233.0,0.074,0.963,0.419,5.528,0.07138999608667294,0.674473915294324,0.3499523981779056,1.8761006176618058
Israel,ISR,1982,0,0,31.7683,35.2137,3883640.0,-0.008,0.917,0.438,6.142,0.0,0.6507614640635074,0.36325325929885494,1.9659928491722567
Israel,ISR,1983,0,0,31.7683,35.2137,3959631.0,0.11,0.917,0.45,5.988,0.10436001532424277,0.6507614640635074,0.37156355643248307,1.9441943922718101
Israel,ISR,1984,0,0,31.7683,35.2137,4033735.0,0.093,0.915,0.442,5.825,0.08892620919440151,0.6497176226326093,0.36603103886275734,1.9205923410710235
Israel,ISR,1985,0,0,31.7683,35.2137,4105362.0,0.141,0.918,0.433,5.995,0.13190507087993858,0.6512829764612464,0.3597701488460348,1.9451956081174444
Israel,ISR,1986,0,0,31.7683,35.2137,4168966.0,0.095,0.919,0.425,6.32,0.09075436326846414,0.6518042170255629,0.35417181372061385,1.9906103279732201
Israel,ISR,1987,0,0,31.7683,35.2137,4236875.0,0.061,0.923,0.428,6.389,0.05921185963184608,0.6538864666066427,0.35627486391739266,1.9999924078065106
Israel,ISR,1988,0,0,31.7683,35.2137,4307324.0,0.03,0.93,0.412,6.896,0.0295588022415444,0.6575200029167942,0.3450071390710503,2.0663563021311804
Israel,ISR,1989,0,0,31.7683,35.2137,4381512.0,0.045,0.932,0.403,7.165,0.04401688541677432,0.6585557357903263,0.3386128011203239,2.0998567264224284
Israel,ISR,1990,0,0,31.7683,35.2137,4544995.0,0.036,0.917,0.392,7.882,0.035367143837291316,0.6507614640635074,0.3307415619122279,2.1840267568699105
Israel,ISR,1991,0,0,31.7683,35.2137,4779892.0,0.052,0.9,0.374,7.563,0.050693114315518116,0.6418538861723948,0.3177261938001576,2.147450596044055
Israel,ISR,1992,0,0,31.7683,35.2137,4957240.0,0.022,0.906,0.369,8.489,0.02176149178151269,0.6450068052320104,0.3140805463063118,2.2501332329916215
Israel,ISR,1993,0,0,31.7683,35.2137,5086041.0,0.046,0.917,0.37,8.697,0.044973365642731154,0.6507614640635074,0.31481073984003355,2.271816559322409
Israel,ISR,1994,0,0,31.7683,35.2137,5216697.0,0.047,0.957,0.403,9.101,0.045928931888399804,0.6714126884139392,0.3386128011203239,2.3126344288470473
Israel,ISR,1995,0,0,31.7683,35.2137,5354734.0,-0.015,0.962,0.404,9.312,0.0,0.6739643611431714,0.3393253056036194,2.3333082656368864
Israel,ISR,1996,0,0,31.7683,35.2137,5499555.0,-0.008,0.966,0.42,9.444,0.0,0.6760010217249748,0.35065687161316933,2.3460276508368825
Israel,ISR,1997,0,0,31.7683,35.2137,5646476.0,-0.004,0.957,0.431,9.717,0.0,0.6714126884139392,0.35837350057431383,2.3718312657308602
Israel,ISR,1998,0,0,31.7683,35.2137,5790143.0,-0.021,0.952,0.431,9.673,0.0,0.6688544879909007,0.35837350057431383,2.3677171879318277
Israel,ISR,1999,0,0,31.7683,35.2137,5946079.0,0.025,0.946,0.414,9.209,0.0246926125903715,0.6657759837638133,0.346422567474381,2.3232696841868785
Israel,ISR,2000,0,0,31.7683,35.2137,6111194.0,0.008,0.945,0.393,9.739,0.007968169649176874,0.6652619770704096,0.3314596947976687,2.3738819748760793
Israel,ISR,2001,0,0,31.7683,35.2137,6259977.0,0.086,0.939,0.376,10.068,0.08250122151174369,0.6621723762605147,0.31918073951115195,2.4040580619246796
Israel,ISR,2002,0,0,31.7683,35.2137,6387714.0,0.043,0.933,0.388,9.284,0.04210117601863539,0.6590732002261939,0.32786386208461277,2.330589289403643
Israel,ISR,2003,0,0,31.7683,35.2137,6502821.0,-0.081,0.935,0.39,9.598,0.0,0.6601073264817452,0.3293037471426004,2.3606653040705705
Israel,ISR,2004,0,0,31.7683,35.2137,6615084.0,-0.084,0.939,0.382,8.871,0.0,0.6621723762605147,0.32353172534547814,2.289601165435751
Israel,ISR,2005,0,0,31.7683,35.2137,6728212.0,-0.096,0.893,0.373,8.402,0.0,0.6381628722271858,0.316998126785834,2.2409224326019386
Israel,ISR,2006,0,0,31.7683,35.2137,6844029.0,-0.036,0.91,0.374,9.081,0.0,0.6471032420585385,0.3177261938001576,2.3106524640718042
Israel,ISR,2007,0,0,31.7683,35.2137,6962456.0,-0.065,0.917,0.387,9.02,0.0,0.6507614640635074,0.32714314133269456,2.3045830956567186
Israel,ISR,2008,0,0,31.7683,35.2137,7082621.0,-0.009,0.888,0.337,9.598,0.0,0.635518067723309,0.29042829811980614,2.3606653040705705
Israel,ISR,2009,0,0,31.7683,35.2137,7206096.0,-0.066,0.885,0.321,8.862,0.0,0.6339278208999741,0.2783890255401883,2.2886889878019345
Israel,ISR,2010,0,0,31.7683,35.2137,7336735.0,-0.024,0.895,0.321,9.308,0.0,0.6392188385343897,0.2783890255401883,2.3329202927901185
Israel,ISR,2011,0,0,31.7683,35.2137,7471023.0,0.031,0.907,0.328,9.181,0.030529205034822874,0.645531326618282,0.2836740510542421,2.3205232381250585
Israel,ISR,2012,0,0,31.7683,35.2137,7607781.0,-0.014,0.9,0.342,9.83,0.0,0.6418538861723948,0.29416103854949005,2.382320061012899
Israel,ISR,2013,0,0,31.7683,35.2137,7749369.0,0.091,0.91,0.32,8.142,0.08709470685093376,0.6471032420585385,0.2776317365982795,2.2128791799095526
Israel,ISR,2014,0,0,31.7683,35.2137,7897173.0,0.011,0.915,0.312,7.633,0.010939940038334364,0.6497176226326093,0.2715526905218973,2.1555920692533856
Israel,ISR,2015,0,0,31.7683,35.2137,8052916.0,-0.012,0.915,0.311,7.815,0.0,0.6497176226326093,0.2707902047815628,2.1764548158498336
Israel,ISR,2016,0,0,31.7683,35.2137,8210006.0,0.486,0.913,0.307,7.45,0.39608794629556743,0.6486726904581158,0.2677344346420849,2.1341664413690826
Israel,ISR,2017,0,0,31.7683,35.2137,8361796.0,0.231,0.915,0.309,7.038,0.20782684720231648,0.6497176226326093,0.26926348692776286,2.0841802960270095
Israel,ISR,2018,0,0,31.7683,35.2137,8510067.0,0.116,0.919,0.308,7.049,0.1097508639591192,0.6518042170255629,0.26849925303500694,2.0855478601115967
Israel,ISR,2019,0,0,31.7683,35.2137,8657466.0,0.088,0.921,0.302,6.809,0.08434114843375087,0.6528458837864196,0.2639015437863775,2.055276914680538
Israel,ISR,2020,0,0,31.7683,35.2137,8800380.0,0.046,0.927,0.287,6.737,0.044973365642731154,0.6559643894322293,0.2523139286139896,2.046014015567317
Israel,ISR,2021,0,0,31.7683,35.2137,8942925.0,0.02,0.939,0.285,6.592,0.019802627296179712,0.6621723762605147,0.2507587183471831,2.0270950613076266
Israel,ISR,2022,0,0,31.7683,35.2137,9103143.0,0.007,0.943,0.282,6.84,0.006975613736425242,0.664233170395303,0.24842135849847827,2.0592388343623163
Israel,ISR,2023,0,0,31.7683,35.2137,9256311.0,0.0,0.945,0.278,5.983,0.0,0.6652619770704096,0.24529635595534308,1.9434786238638981
Israel,ISR,2024,0,0,31.7683,35.2137,9387015.0,-0.004,0.955,0.272,5.607,0.0,0.6703901934373291,0.24059046491793043,1.8881296930477487
Japan,JPN,1961,0,1,35.6895,139.6917,97217594.0,0.693,0.569,0.224,2.912,0.5265021031509982,0.4504384737508955,0.20212418409013436,1.3640487521725708
Japan,JPN,1962,0,1,35.6895,139.6917,98076405.0,0.645,0.571,0.229,2.99,0.49774038421733524,0.4517123592734841,0.20620083058389777,1.3837912309017721
Japan,JPN,1963,0,1,35.6895,139.6917,98958230.0,0.627,0.581,0.233,3.287,0.48673782823690076,0.45805755822733496,0.20945022418220727,1.45558718761584
Japan,JPN,1964,0,1,35.6895,139.6917,99890175.0,0.578,0.593,0.235,3.597,0.4561582224236825,0.46561903092791146,0.2110709700799405,1.525403916824091
Japan,JPN,1965,0,1,35.6895,139.6917,100916018.0,0.529,0.603,0.238,3.835,0.4246139269469253,0.47187687362741587,0.21349717426240436,1.5758811289052577
Japan,JPN,1966,0,1,35.6895,139.6917,101887833.0,0.45,0.613,0.243,4.12,0.37156355643248307,0.4780957991430718,0.21752781252857406,1.6331544390514163
Japan,JPN,1967,0,1,35.6895,139.6917,102965530.0,0.511,0.637,0.25,4.758,0.41277168329060254,0.49286529838899784,0.22314355131420976,1.7505901921899842
Japan,JPN,1968,0,1,35.6895,139.6917,104237476.0,0.42,0.668,0.254,5.397,0.35065687161316933,0.511625303936555,0.22633844221072896,1.8558291304680006
Japan,JPN,1969,0,1,35.6895,139.6917,105475169.0,0.457,0.704,0.256,6.199,0.3763795272130678,0.532978428407124,0.22793206804600694,1.9739421274871658
Japan,JPN,1970,0,1,35.6895,139.6917,106712370.0,0.38,0.728,0.243,7.213,0.32208349916911333,0.5469646703818639,0.21752781252857406,2.1057182647580555
Japan,JPN,1971,0,1,35.6895,139.6917,107952031.0,0.341,0.671,0.243,7.407,0.2934156042995415,0.5134222496132567,0.21752781252857406,2.1290646921531597
Japan,JPN,1972,0,1,35.6895,139.6917,109238963.0,0.293,0.629,0.251,7.882,0.25696509978972043,0.4879663296199081,0.22394323148477407,2.1840267568699105
Japan,JPN,1973,0,1,35.6895,139.6917,110614742.0,0.26,0.611,0.26,8.265,0.23111172096338664,0.47685510419483734,0.23111172096338664,2.2262438597373233
Japan,JPN,1974,0,1,35.6895,139.6917,112009689.0,0.24,0.586,0.252,8.163,0.2151113796169455,0.46121512321265623,0.22474227267790678,2.215173635983076
Japan,JPN,1975,0,1,35.6895,139.6917,113321197.0,0.192,0.559,0.238,7.676,0.17563256864315802,0.4440445900756395,0.21349717426240436,2.160560592964628
Japan,JPN,1976,0,1,35.6895,139.6917,114502792.0,0.157,0.565,0.241,7.944,0.1458304482115395,0.4478858239921165,0.21591750622247016,2.1909829164127435
Japan,JPN,1977,0,1,35.6895,139.6917,115574278.0,0.136,0.562,0.244,8.095,0.12751332029895962,0.44596705141749426,0.2183319943169877,2.2077248119700856
Japan,JPN,1978,0,1,35.6895,139.6917,116576940.0,0.155,0.526,0.243,7.764,0.14410034397375687,0.42264993286226527,0.21752781252857406,2.17065242173322
Japan,JPN,1979,0,1,35.6895,139.6917,117521561.0,0.137,0.52,0.248,8.144,0.128393214768399,0.41871033485818504,0.22154226994723591,2.2130979264925097
Japan,JPN,1980,0,1,35.6895,139.6917,118358761.0,0.095,0.51,0.232,8.014,0.09075436326846414,0.412109650826833,0.20863886511132804,2.1987789242684563
Japan,JPN,1981,0,1,35.6895,139.6917,118994054.0,0.086,0.503,0.229,7.819,0.08250122151174369,0.40746311077083747,0.20620083058389777,2.176908484906044
Japan,JPN,1982,0,1,35.6895,139.6917,119485775.0,0.09,0.5,0.242,7.538,0.08617769624105233,0.4054651081081644,0.21672298351128702,2.1445267883357704
Japan,JPN,1983,0,1,35.6895,139.6917,119948943.0,0.077,0.497,0.247,7.373,0.07417939817425151,0.4034631054374913,0.2207406666978994,2.1250122432222947
Japan,JPN,1984,0,1,35.6895,139.6917,120384395.0,0.091,0.5,0.258,7.813,0.08709470685093376,0.4054651081081644,0.2295231582782488,2.1762279041175234
Japan,JPN,1985,0,1,35.6895,139.6917,120832158.0,0.055,0.495,0.262,7.575,0.053540766928029816,0.40212620684264977,0.23269776411902143,2.1488509930520037
Japan,JPN,1986,0,1,35.6895,139.6917,121366733.0,0.041,0.489,0.258,7.531,0.04018178963283183,0.3981047537018719,0.2295231582782488,2.1437065879265575
Japan,JPN,1987,0,1,35.6895,139.6917,121943588.0,0.036,0.464,0.259,7.399,0.035367143837291316,0.38117241553911985,0.2303177550622101,2.12811265114349
Japan,JPN,1988,0,1,35.6895,139.6917,122476957.0,0.053,0.455,0.272,8.04,0.05164323315183845,0.37500590062345585,0.24059046491793043,2.201659174404085
Japan,JPN,1989,0,1,35.6895,139.6917,122947411.0,0.04,0.45,0.273,8.307,0.039220713153281295,0.37156355643248307,0.24137631957526948,2.2307668052035736
Japan,JPN,1990,0,1,35.6895,139.6917,123399767.0,0.027,0.437,0.255,9.359,0.02664193094642118,0.3625576070968879,0.22713557258374723,2.337855707075965
Japan,JPN,1991,0,1,35.6895,139.6917,123889870.0,-0.012,0.434,0.259,9.416,0.0,0.3604677421774286,0.2303177550622101,2.3433430854662136
Japan,JPN,1992,0,1,35.6895,139.6917,124383707.0,-0.009,0.429,0.271,9.45,0.0,0.3569748989477303,0.23980399220731702,2.34660197841082
Japan,JPN,1993,0,1,35.6895,139.6917,124839955.0,-0.008,0.423,0.274,9.367,0.0,0.3527673191077153,0.24216155714997162,2.3386276843409752
Japan,JPN,1994,0,1,35.6895,139.6917,125286861.0,-0.003,0.423,0.294,9.763,0.0,0.3527673191077153,0.2577381960787088,2.376114326282161
Japan,JPN,1995,0,1,35.6895,139.6917,125672659.0,-0.035,0.411,0.295,9.834,0.0,0.34429867287067695,0.25851069515150105,2.382689337235707
Japan,JPN,1996,0,1,35.6895,139.6917,125975304.0,-0.01,0.396,0.315,9.912,0.0,0.33361100434018076,0.27383666562972786,2.3898631011011062
Japan,JPN,1997,0,1,35.6895,139.6917,126265926.0,-0.057,0.378,0.311,9.828,0.0,0.32063317259146684,0.2707902047815628,2.382135371752055
Japan,JPN,1998,0,1,35.6895,139.6917,126549182.0,-0.017,0.356,0.312,9.493,0.0,0.3045391895182038,0.2715526905218973,2.350708368175774
Japan,JPN,1999,0,1,35.6895,139.6917,126801566.0,-0.062,0.347,0.291,9.764,0.0,0.2978798974282269,0.25541711186450544,2.3762072328646595
Japan,JPN,2000,0,1,35.6895,139.6917,127027794.0,0.038,0.338,0.223,9.921,0.037295784743696894,0.2911759617060367,0.20130685670503531,2.3906875412155912
Japan,JPN,2001,0,1,35.6895,139.6917,127260144.0,-0.055,0.326,0.219,9.79,0.0,0.28216689176367077,0.19803085049913446,2.378619779270043
Japan,JPN,2002,0,1,35.6895,139.6917,127484599.0,-0.081,0.318,0.213,10.005,0.0,0.27611543608031547,0.19309662996191307,2.398349714978425
Japan,JPN,2003,0,1,35.6895,139.6917,127671254.0,-0.091,0.311,0.211,10.056,0.0,0.2707902047815628,0.19144646457095518,2.402973267025314
Japan,JPN,2004,0,1,35.6895,139.6917,127815769.0,-0.098,0.309,0.207,10.008,0.0,0.26926348692776286,0.18813794211539445,2.398622281190988
Japan,JPN,2005,0,1,35.6895,139.6917,127913331.0,-0.079,0.304,0.199,10.057,0.0,0.2654364635044612,0.1814878760453772,2.403063711560265
Japan,JPN,2006,0,1,35.6895,139.6917,127997247.0,-0.096,0.301,0.192,9.871,0.0,0.26313319953036823,0.17563256864315802,2.3860986932218635
Japan,JPN,2007,0,1,35.6895,139.6917,128087683.0,-0.075,0.302,0.19,10.141,0.0,0.2639015437863775,0.173953307123438,2.4106319970771795
Japan,JPN,2008,0,1,35.6895,139.6917,128155992.0,-0.063,0.283,0.176,9.587,0.0,0.24920108563349935,0.16211884947643518,2.3596268333612427
Japan,JPN,2009,0,1,35.6895,139.6917,128192471.0,-0.104,0.279,0.163,9.051,0.0,0.24607852259670565,0.1510028735365274,2.307672132042603
Japan,JPN,2010,0,1,35.6895,139.6917,128185273.0,-0.097,0.281,0.168,9.448,0.0,0.24764102291459722,0.15529288440603534,2.3464105725340754
Japan,JPN,2011,0,1,35.6895,139.6917,128096430.0,-0.032,0.273,0.16,9.846,0.0,0.24137631957526948,0.14842000511827327,2.383796348418869
Japan,JPN,2012,0,1,35.6895,139.6917,127928283.0,-0.019,0.266,0.161,10.178,0.0,0.23586232372198446,0.14928170271575444,2.4139475608475065
Japan,JPN,2013,0,1,35.6895,139.6917,127723642.0,-0.054,0.266,0.162,10.271,0.0,0.23586232372198446,0.1501426584297195,2.422233055259942
Japan,JPN,2014,0,1,35.6895,139.6917,127486601.0,-0.042,0.257,0.159,9.886,0.0,0.22872792960811036,0.14755756435761466,2.3874775600120084
Japan,JPN,2015,0,1,35.6895,139.6917,127275868.0,-0.035,0.251,0.157,9.585,0.0,0.22394323148477407,0.1458304482115395,2.3594379045868283
Japan,JPN,2016,0,1,35.6895,139.6917,127159950.0,-0.036,0.249,0.155,9.436,0.0,0.22234323114344062,0.14410034397375687,2.345261367274482
Japan,JPN,2017,0,1,35.6895,139.6917,127064686.0,-0.009,0.249,0.156,9.321,0.0,0.22234323114344062,0.14496577025018573,2.3341806545837964
Japan,JPN,2018,0,1,35.6895,139.6917,126913432.0,0.008,0.244,0.152,8.971,0.007968169649176874,0.2183319943169877,0.1414995622736995,2.299680879846656
Japan,JPN,2019,0,1,35.6895,139.6917,126699421.0,-0.02,0.239,0.151,8.698,0.0,0.21430460264700538,0.1406311297397456,2.2719196786831604
Japan,JPN,2020,0,1,35.6895,139.6917,126304533.0,0.011,0.235,0.148,8.213,0.010939940038334364,0.2110709700799405,0.13802129789737466,2.220615530126795
Japan,JPN,2021,0,1,35.6895,139.6917,125679342.0,0.036,0.235,0.152,8.422,0.035367143837291316,0.2110709700799405,0.1414995622736995,2.2430473802778494
Japan,JPN,2022,0,1,35.6895,139.6917,124997585.0,0.05,0.237,0.149,8.237,0.04879016416943201,0.21268909341035083,0.13889199886661863,2.223217157610473
Japan,JPN,2023,0,1,35.6895,139.6917,124370947.0,0.038,0.233,0.145,7.935,0.037295784743696894,0.20945022418220727,0.13540463700620295,2.1899761486113913
Japan,JPN,2024,0,1,35.6895,139.6917,123753041.0,0.044,0.233,0.145,7.772,0.04305948946044697,0.20945022418220727,0.13540463700620295,2.1715648305556416
Jordan,JOR,1961,0,0,31.9454,35.9284,897599.0,1.423,0.497,0.29,1.089,0.8850064418343887,0.4034631054374913,0.25464221837358075,0.7366854825744287
Jordan,JOR,1962,0,0,31.9454,35.9284,940564.0,1.118,0.544,0.313,1.113,0.7504722471792148,0.4343764516025845,0.27231459532065916,0.7481087386339197
Jordan,JOR,1963,0,0,31.9454,35.9284,984720.0,1.059,0.542,0.312,1.238,0.7222204280456523,0.4330802751411378,0.2715526905218973,0.8055826098897335
Jordan,JOR,1964,0,0,31.9454,35.9284,1035644.0,0.758,0.558,0.344,1.198,0.5641767992629853,0.4434029474485566,0.2956502421009578,0.7875478559814296
Jordan,JOR,1965,0,0,31.9454,35.9284,1099446.0,0.606,0.598,0.363,1.292,0.4737466155245699,0.4687528473440829,0.30968815271439554,0.8294247988524931
Jordan,JOR,1966,0,0,31.9454,35.9284,1178371.0,0.561,0.609,0.347,1.342,0.44532664153329504,0.47561286801024616,0.2978798974282269,0.8510052651755257
Jordan,JOR,1967,0,0,31.9454,35.9284,1271186.0,0.425,0.466,0.274,1.112,0.35417181372061385,0.38253760346445975,0.24216155714997162,0.7476353658440151
Jordan,JOR,1968,0,0,31.9454,35.9284,1372468.0,0.369,0.465,0.265,1.096,0.3140805463063118,0.38185524246903063,0.23507212217948356,0.7400307664587957
Jordan,JOR,1969,0,0,31.9454,35.9284,1473101.0,0.419,0.494,0.297,1.193,0.3499523981779056,0.4014570867106256,0.26005390533430683,0.7852704694357512
Jordan,JOR,1970,0,0,31.9454,35.9284,1565172.0,0.325,0.409,0.246,0.994,0.28141245943818555,0.3428802329165431,0.2199384203652614,0.6901426715396466
Jordan,JOR,1971,0,0,31.9454,35.9284,1645148.0,0.401,0.434,0.252,1.006,0.33718626735486995,0.3604677421774286,0.22474227267790678,0.6961426895397438
Jordan,JOR,1972,0,0,31.9454,35.9284,1714562.0,0.319,0.438,0.251,1.116,0.2768738737351776,0.36325325929885494,0.22394323148477407,0.749527513996053
Jordan,JOR,1973,0,0,31.9454,35.9284,1778096.0,0.412,0.454,0.252,1.237,0.3450071390710503,0.37431837911132765,0.22474227267790678,0.8051356825079926
Jordan,JOR,1974,0,0,31.9454,35.9284,1839191.0,0.274,0.437,0.25,1.21,0.24216155714997162,0.3625576070968879,0.22314355131420976,0.7929925155296614
Jordan,JOR,1975,0,0,31.9454,35.9284,1899059.0,0.29,0.433,0.241,1.311,0.25464221837358075,0.3597701488460348,0.21591750622247016,0.8376803312922436
Jordan,JOR,1976,0,0,31.9454,35.9284,1958181.0,0.226,0.406,0.234,1.505,0.20375683751401966,0.3407487933884732,0.21026092548319608,0.9182887345368281
Jordan,JOR,1977,0,0,31.9454,35.9284,2019008.0,0.303,0.414,0.227,1.564,0.26466929814270806,0.346422567474381,0.2045721657287744,0.9415685390584236
Jordan,JOR,1978,0,0,31.9454,35.9284,2083604.0,0.297,0.416,0.236,1.744,0.26005390533430683,0.34783599527152803,0.211880359035499,1.0094167098636389
Jordan,JOR,1979,0,0,31.9454,35.9284,2153891.0,0.283,0.429,0.247,1.758,0.24920108563349935,0.3569748989477303,0.2207406666978994,1.01450577937111
Jordan,JOR,1980,0,0,31.9454,35.9284,2234192.0,0.145,0.413,0.244,2.11,0.13540463700620295,0.3457151037023904,0.2183319943169877,1.1346227261911428
Jordan,JOR,1981,0,0,31.9454,35.9284,2325528.0,0.28,0.434,0.244,2.515,0.2468600779315258,0.3604677421774286,0.2183319943169877,1.2570395252626283
Jordan,JOR,1982,0,0,31.9454,35.9284,2426933.0,0.406,0.434,0.25,2.587,0.3407487933884732,0.3604677421774286,0.22314355131420976,1.2773161985501456
Jordan,JOR,1983,0,0,31.9454,35.9284,2537307.0,-0.296,0.428,0.247,2.894,0.0,0.35627486391739266,0.2207406666978994,1.359436906950008
Jordan,JOR,1984,0,0,31.9454,35.9284,2654689.0,0.907,0.427,0.233,3.135,0.645531326618282,0.3555743384946994,0.20945022418220727,1.4194873284756546
Jordan,JOR,1985,0,0,31.9454,35.9284,2778819.0,0.537,0.438,0.243,3.061,0.42983246455645885,0.36325325929885494,0.21752781252857406,1.4014292487041606
Jordan,JOR,1986,0,0,31.9454,35.9284,2909896.0,0.736,0.424,0.212,3.178,0.5515836162381584,0.353469812989784,0.1922718876471227,1.429832663134374
Jordan,JOR,1987,0,0,31.9454,35.9284,3047634.0,0.535,0.436,0.22,3.156,0.4285303810391605,0.36186147062603247,0.1988508587451652,1.4245530732369809
Jordan,JOR,1988,0,0,31.9454,35.9284,3193044.0,0.23,0.44,0.227,2.905,0.20701416938432612,0.36464311358790924,0.2045721657287744,1.3622577832916491
Jordan,JOR,1989,0,0,31.9454,35.9284,3349638.0,-0.382,0.447,0.214,2.744,0.0,0.3694924476493468,0.19392069263730652,1.3201545586153456
Jordan,JOR,1990,0,0,31.9454,35.9284,3621915.0,-0.455,0.443,0.2,2.924,0.0,0.36672427979173383,0.18232155679395465,1.3671115417031166
Jordan,JOR,1991,0,0,31.9454,35.9284,3915152.0,0.816,0.45,0.225,2.552,0.5966362801791015,0.37156355643248307,0.20294084399669032,1.2675108251299236
Jordan,JOR,1992,0,0,31.9454,35.9284,4127699.0,0.203,0.486,0.22,2.953,0.18481843699254183,0.39608794629556743,0.1988508587451652,1.3744747843145484
Jordan,JOR,1993,0,0,31.9454,35.9284,4348018.0,0.037,0.49,0.207,2.762,0.036331929247390274,0.3987761199573678,0.18813794211539445,1.3249507308788386
Jordan,JOR,1994,0,0,31.9454,35.9284,4561409.0,0.369,0.468,0.188,2.964,0.3140805463063118,0.38390093019232385,0.1722712209404532,1.3772536164677416
Jordan,JOR,1995,0,0,31.9454,35.9284,4752097.0,-0.063,0.471,0.19,2.831,0.0,0.38594244161930047,0.173953307123438,1.343125865718512
Jordan,JOR,1996,0,0,31.9454,35.9284,4912518.0,-0.018,0.458,0.183,2.865,0.0,0.37706563358646644,0.16805358499624973,1.3519616820393854
Jordan,JOR,1997,0,0,31.9454,35.9284,5046287.0,-0.045,0.444,0.184,2.835,0.0,0.3674170404706345,0.16889853646181394,1.3441694348192195
Jordan,JOR,1998,0,0,31.9454,35.9284,5164290.0,-0.036,0.447,0.18,2.798,0.0,0.3694924476493468,0.16551443847757338,1.3344746123900941
Jordan,JOR,1999,0,0,31.9454,35.9284,5276450.0,-0.021,0.449,0.177,2.742,0.0,0.3708736633385453,0.16296882827813966,1.3196202278518978
Jordan,JOR,2000,0,0,31.9454,35.9284,5386945.0,0.009,0.437,0.141,2.859,0.008959741371471904,0.3625576070968879,0.13190507087993858,1.3504080825554816
Jordan,JOR,2001,0,0,31.9454,35.9284,5498900.0,0.059,0.438,0.151,2.884,0.0573250666192694,0.36325325929885494,0.1406311297397456,1.3568655504290785
Jordan,JOR,2002,0,0,31.9454,35.9284,5616077.0,0.017,0.445,0.165,2.975,0.0168571170664229,0.36810932156439546,0.1527210870176639,1.3800247481062953
Jordan,JOR,2003,0,0,31.9454,35.9284,5741837.0,0.248,0.447,0.174,3.008,0.22154226994723591,0.3694924476493468,0.16041672140590468,1.3882923637825637
Jordan,JOR,2004,0,0,31.9454,35.9284,5882066.0,0.062,0.452,0.175,3.231,0.06015392281974709,0.3729419164026044,0.16126814759612226,1.4424383717379303
Jordan,JOR,2005,0,0,31.9454,35.9284,6029597.0,0.09,0.467,0.19,3.448,0.08617769624105233,0.3832194991608447,0.173953307123438,1.4924545569482812
Jordan,JOR,2006,0,0,31.9454,35.9284,6427377.0,-0.088,0.459,0.172,3.241,0.0,0.3777512695406486,0.15871169115482087,1.4447990904924537
Jordan,JOR,2007,0,0,31.9454,35.9284,6827235.0,0.015,0.465,0.171,3.178,0.014888612493750654,0.38185524246903063,0.1578580846155803,1.429832663134374
Jordan,JOR,2008,0,0,31.9454,35.9284,6989874.0,0.312,0.513,0.176,3.003,0.2715526905218973,0.4140944348062189,0.16211884947643518,1.3870440800104367
Jordan,JOR,2009,0,0,31.9454,35.9284,7141763.0,0.103,0.495,0.168,3.017,0.09803374027136541,0.40212620684264977,0.15529288440603534,1.3905353553771451
Jordan,JOR,2010,0,0,31.9454,35.9284,7297046.0,0.121,0.506,0.168,2.856,0.11422114409002286,0.40945712937770185,0.15529288440603534,1.349630376748299
Jordan,JOR,2011,0,0,31.9454,35.9284,7480431.0,0.326,0.538,0.17,2.862,0.28216689176367077,0.43048287108345223,0.15700374880966475,1.3511851840063227
Jordan,JOR,2012,0,0,31.9454,35.9284,7587133.0,0.252,0.555,0.176,3.172,0.22474227267790678,0.4414755456311975,0.16211884947643518,1.428395537138526
Jordan,JOR,2013,0,0,31.9454,35.9284,7991812.0,0.199,0.535,0.181,3.011,0.1814878760453772,0.4285303810391605,0.16636153721522526,1.3890405867879159
Jordan,JOR,2014,0,0,31.9454,35.9284,8791715.0,0.13,0.515,0.168,2.976,0.12221763272424921,0.4154154389613325,0.15529288440603534,1.3802762887943276
Jordan,JOR,2015,0,0,31.9454,35.9284,9544730.0,0.135,0.499,0.161,2.703,0.126632650933366,0.40479821912046066,0.14928170271575444,1.3091433019314755
Jordan,JOR,2016,0,0,31.9454,35.9284,10006369.0,0.004,0.502,0.153,2.493,0.003992021269537453,0.406797553341943,0.14236724128692196,1.250760965824695
Jordan,JOR,2017,0,0,31.9454,35.9284,10234227.0,0.074,0.496,0.149,2.548,0.07138999608667294,0.4027948795522855,0.13889199886661863,1.266384064447333
Jordan,JOR,2018,0,0,31.9454,35.9284,10462310.0,0.109,0.494,0.144,2.43,0.10345870836822998,0.4014570867106256,0.13453089295760615,1.2325602611778486
Jordan,JOR,2019,0,0,31.9454,35.9284,10671893.0,0.056,0.496,0.14,2.302,0.054488185284069734,0.4027948795522855,0.1310282624064041,1.1945283454979363
Jordan,JOR,2020,0,0,31.9454,35.9284,10865232.0,0.03,0.499,0.133,1.898,0.0295588022415444,0.40479821912046066,0.12486898204586927,1.0640208438984906
Jordan,JOR,2021,0,0,31.9454,35.9284,11066356.0,0.099,0.504,0.133,1.915,0.09440067542148431,0.4081282255276481,0.12486898204586927,1.0698698198024557
Jordan,JOR,2022,0,0,31.9454,35.9284,11256269.0,0.102,0.505,0.131,1.992,0.09712671073072274,0.408792898200839,0.1231021971339834,1.0959420601122307
Jordan,JOR,2023,0,0,31.9454,35.9284,11439220.0,0.11,0.507,0.13,2.021,0.10436001532424277,0.41012091964435843,0.12221763272424921,1.105587902404535
Jordan,JOR,2024,0,0,31.9454,35.9284,11552885.0,0.114,0.514,0.128,2.01,0.10795714150509228,0.41475515501525706,0.12044615307586716,1.1019400787607843
Kazakhstan,KAZ,1961,0,0,51.1605,71.4704,9742081.0,16.935,5.158,1.103,10.212,2.8867541109842456,1.8177520495023087,0.7433648967205627,2.4169846333025418
Kazakhstan,KAZ,1962,0,0,51.1605,71.4704,10058937.0,13.487,5.128,1.113,10.38,2.6732516955595145,1.8128684324382902,0.7481087386339197,2.431857428698185
Kazakhstan,KAZ,1963,0,0,51.1605,71.4704,10377471.0,10.967,5.169,1.086,10.788,2.4821528615913793,1.8195367502275015,0.7352483565785808,2.467082064875448
Kazakhstan,KAZ,1964,0,0,51.1605,71.4704,10690312.0,9.183,5.047,1.039,11.134,2.320719663189528,1.7995622812910759,0.7124594915923181,2.496011429520106
Kazakhstan,KAZ,1965,0,0,51.1605,71.4704,10993195.0,7.207,4.993,1.004,11.486,2.1049874486475746,1.7905921214760483,0.6951451832226183,2.5246080166395526
Kazakhstan,KAZ,1966,0,0,51.1605,71.4704,11288989.0,6.151,5.011,1.043,11.812,1.9672522070662588,1.793591124057025,0.714419315835485,2.550382231746912
Kazakhstan,KAZ,1967,0,0,51.1605,71.4704,11584428.0,5.195,4.916,1.026,12.034,1.8237425150811057,1.7776605448485534,0.7060634058264916,2.5675613279101888
Kazakhstan,KAZ,1968,0,0,51.1605,71.4704,11879184.0,4.679,4.707,1.013,12.062,1.7367751608952955,1.741693491554571,0.6996261466576544,2.5697072514804655
Kazakhstan,KAZ,1969,0,0,51.1605,71.4704,12156219.0,3.916,4.543,0.983,12.273,1.5924951917037884,1.7125358704376676,0.6846108495376589,2.585731896644065
Kazakhstan,KAZ,1970,0,0,51.1605,71.4704,12419056.0,3.505,4.919,0.969,12.639,1.5051878910603012,1.7781675157085879,0.6775257996569884,2.612933335944738
Kazakhstan,KAZ,1971,0,0,51.1605,71.4704,12684817.0,2.985,4.837,0.984,13.121,1.3825373122421782,1.764216966221654,0.6851150088626811,2.647663051087115
Kazakhstan,KAZ,1972,0,0,51.1605,71.4704,12951805.0,2.504,4.807,0.988,13.512,1.253905173074145,1.759064086389913,0.6871291082343823,2.674975893372781
Kazakhstan,KAZ,1973,0,0,51.1605,71.4704,13208122.0,2.503,4.797,1.012,13.8,1.2536197442153498,1.7573405423575958,0.6991292522374928,2.6946271807700692
Kazakhstan,KAZ,1974,0,0,51.1605,71.4704,13454576.0,1.969,4.74,1.008,14.053,1.0882251957816227,1.747459210331475,0.6971392018294827,2.711577306878367
Kazakhstan,KAZ,1975,0,0,51.1605,71.4704,13700850.0,1.763,4.75,1.001,14.496,1.0163170459412794,1.749199854809259,0.6936470556015963,2.740581926104695
Kazakhstan,KAZ,1976,0,0,51.1605,71.4704,13998737.0,1.563,4.748,1.007,14.72,0.941178447381934,1.7488519682167785,0.696641069814201,2.7549337870010606
Kazakhstan,KAZ,1977,0,0,51.1605,71.4704,14353262.0,1.198,4.611,0.979,14.832,0.7875478559814296,1.7247289567688349,0.6825916666204287,2.7620332083002648
Kazakhstan,KAZ,1978,0,0,51.1605,71.4704,14711507.0,0.895,4.513,0.997,14.954,0.6392188385343897,1.7071089396075465,0.6916460544336782,2.7697095814889376
Kazakhstan,KAZ,1979,0,0,51.1605,71.4704,14978703.0,0.846,4.438,0.968,14.798,0.6130211360806604,1.693411346210279,0.6770177986300616,2.7598833497422275
Kazakhstan,KAZ,1980,0,0,51.1605,71.4704,15152953.0,0.932,4.306,0.978,15.196,0.6585557357903263,1.668838255715548,0.6820862332005203,2.7847642981699146
Kazakhstan,KAZ,1981,0,0,51.1605,71.4704,15323086.0,0.808,4.154,0.946,14.721,0.5922212619699848,1.6397731122301733,0.6657759837638133,2.754997398209377
Kazakhstan,KAZ,1982,0,0,51.1605,71.4704,15492597.0,0.744,4.095,0.96,14.829,0.5561813254867879,1.628259666674688,0.6729444732424258,2.761843700703601
Kazakhstan,KAZ,1983,0,0,51.1605,71.4704,15665554.0,0.569,3.999,0.961,14.86,0.4504384737508955,1.6092378924314332,0.6734545472142092,2.7638002162067017
Kazakhstan,KAZ,1984,0,0,51.1605,71.4704,15844620.0,0.553,4.204,0.941,14.81,0.44018854416655007,1.6494275606502589,0.6632033041868731,2.7606426512213806
Kazakhstan,KAZ,1985,0,0,51.1605,71.4704,16031087.0,0.511,3.864,0.933,15.791,0.41277168329060254,1.581861144663866,0.6590732002261939,2.820843028577332
Kazakhstan,KAZ,1986,0,0,51.1605,71.4704,16262697.0,0.481,3.834,0.927,15.873,0.3927175352856617,1.5756742822812912,0.6559643894322293,2.8257147112162
Kazakhstan,KAZ,1987,0,0,51.1605,71.4704,16527717.0,0.278,3.784,0.936,15.531,0.24529635595534308,1.5652770166483305,0.6606239888543853,2.805237406070875
Kazakhstan,KAZ,1988,0,0,51.1605,71.4704,16781167.0,-0.047,3.708,0.907,16.312,0.0,1.5492631893980304,0.645531326618282,2.8513999026640713
Kazakhstan,KAZ,1989,0,0,51.1605,71.4704,16997012.0,-0.219,3.744,0.887,15.568,0.0,1.5568806616954243,0.6349882663864131,2.807473124093283
Kazakhstan,KAZ,1990,0,0,51.1605,71.4704,17154060.0,-0.177,4.198,0.974,15.588,0.0,1.6482739362192986,0.6800619410112898,2.8086795423841346
Kazakhstan,KAZ,1991,0,0,51.1605,71.4704,17278604.0,0.091,3.969,0.946,15.072,0.08709470685093376,1.6032186126201835,0.6657759837638133,2.7770786275126333
Kazakhstan,KAZ,1992,0,0,51.1605,71.4704,17332624.0,-0.044,3.858,0.928,13.473,0.0,1.5806268305799809,0.6564831961883539,2.6722848446554677
Kazakhstan,KAZ,1993,0,0,51.1605,71.4704,17274487.0,-0.58,3.617,0.844,12.015,0.0,1.529745143524852,0.611937125134402,2.5661025384465286
Kazakhstan,KAZ,1994,0,0,51.1605,71.4704,17043775.0,-0.341,3.1,0.799,10.248,0.0,1.410986973710262,0.5872309549683961,2.420190335068309
Kazakhstan,KAZ,1995,0,0,51.1605,71.4704,16730541.0,-2.848,2.624,0.69,10.069,0.0,1.287578388180733,0.5247285289349821,2.404148408403487
Kazakhstan,KAZ,1996,0,0,51.1605,71.4704,16416036.0,-2.734,2.414,0.618,9.425,0.0,1.227884624372249,0.4811908186362999,2.3442067676848652
Kazakhstan,KAZ,1997,0,0,51.1605,71.4704,16043250.0,-2.912,2.252,0.551,9.181,0.0,1.1792701916855641,0.4388998841944018,2.3205232381250585
Kazakhstan,KAZ,1998,0,0,51.1605,71.4704,15647789.0,-2.351,2.102,0.499,9.306,0.0,1.132047064754347,0.40479821912046066,2.3327262499060324
Kazakhstan,KAZ,1999,0,0,51.1605,71.4704,15455877.0,-4.869,1.895,0.461,7.684,0.0,1.0629851110249586,0.37912113276856246,2.1614822520160453
Kazakhstan,KAZ,2000,0,0,51.1605,71.4704,15501108.0,-5.258,2.117,0.447,9.173,0.0,1.1368710007852,0.3694924476493468,2.319737151811611
Kazakhstan,KAZ,2001,0,0,51.1605,71.4704,15575550.0,-6.016,2.191,0.488,8.862,0.0,1.1603343472961065,0.3974329364109001,2.2886889878019345
Kazakhstan,KAZ,2002,0,0,51.1605,71.4704,15656680.0,-5.123,2.459,0.772,10.013,0.0,1.2409795299550317,0.5721088521828892,2.3990763931828067
Kazakhstan,KAZ,2003,0,0,51.1605,71.4704,15747377.0,-4.179,2.42,0.564,11.114,0.0,1.2296405510745139,0.4472466421231193,2.4943618085587556
Kazakhstan,KAZ,2004,0,0,51.1605,71.4704,15850164.0,-3.661,2.565,0.625,11.702,0.0,1.2711640538662592,0.4855078157817008,2.5417594613807832
Kazakhstan,KAZ,2005,0,0,51.1605,71.4704,15968118.0,-3.265,2.611,0.644,12.428,0.0,1.2839847422953208,0.49713229663398817,2.5973420791177886
Kazakhstan,KAZ,2006,0,0,51.1605,71.4704,16103718.0,-2.992,2.785,0.696,13.639,0.0,1.3310458868894122,0.5282725373697112,2.6836892001892747
Kazakhstan,KAZ,2007,0,0,51.1605,71.4704,16257212.0,-2.971,2.748,0.632,13.884,0.0,1.3212223643761758,0.4898062565419153,2.7002868104843762
Kazakhstan,KAZ,2008,0,0,51.1605,71.4704,16426527.0,-2.44,2.973,0.657,13.764,0.0,1.379521476832462,0.5050087384444258,2.692191785167752
Kazakhstan,KAZ,2009,0,0,51.1605,71.4704,16619851.0,-2.16,2.879,0.59,13.429,0.0,1.3555773884578302,0.4637340162321401,2.669240070315119
Kazakhstan,KAZ,2010,0,0,51.1605,71.4704,16836808.0,-0.685,3.092,0.674,14.735,0.0,1.40903384808938,0.5152159720672836,2.7558875305163704
Kazakhstan,KAZ,2011,0,0,51.1605,71.4704,17065996.0,-0.716,2.982,0.6,13.955,0.0,1.3817842056420047,0.4700036292457355,2.7050456920819115
Kazakhstan,KAZ,2012,0,0,51.1605,71.4704,17306115.0,-0.79,2.966,0.584,14.172,0.0,1.3777580300976042,0.45995329339223406,2.7194516238266524
Kazakhstan,KAZ,2013,0,0,51.1605,71.4704,17556502.0,-0.934,2.861,0.524,14.441,0.0,1.3509262172820993,0.42133845726445457,2.7370263093387273
Kazakhstan,KAZ,2014,0,0,51.1605,71.4704,17816285.0,-0.209,2.895,0.589,16.79,0.0,1.3596936793227117,0.4631048875545789,2.8786365016777435
Kazakhstan,KAZ,2015,0,0,51.1605,71.4704,18084175.0,-0.675,2.567,0.604,16.758,0.0,1.2717249063767546,0.47250050944432276,2.876836118610135
Kazakhstan,KAZ,2016,0,0,51.1605,71.4704,18363600.0,-0.697,2.535,0.543,16.431,0.0,1.2627132993485362,0.43372857338102383,2.8582502302327284
Kazakhstan,KAZ,2017,0,0,51.1605,71.4704,18651931.0,-0.547,2.848,0.722,17.034,0.0,1.34755353280346,0.543486406005539,2.892258865077715
Kazakhstan,KAZ,2018,0,0,51.1605,71.4704,18932725.0,-0.843,2.76,0.573,17.408,0.0,1.324418957401803,0.45298462407614076,2.912785352733065
Kazakhstan,KAZ,2019,0,0,51.1605,71.4704,19209556.0,-0.432,2.766,0.616,15.411,0.0,1.3260134302349607,0.4799539600989036,2.7979518416974907
Kazakhstan,KAZ,2020,0,0,51.1605,71.4704,19482116.0,-0.308,2.673,0.594,14.464,0.0,1.3010087668375303,0.4662465803680233,2.73851474190603
Kazakhstan,KAZ,2021,0,0,51.1605,71.4704,19743607.0,-0.46,2.74,0.619,12.404,0.0,1.3190856114264407,0.4818086746954981,2.595553169875064
Kazakhstan,KAZ,2022,0,0,51.1605,71.4704,20034612.0,-0.429,2.721,0.595,13.694,0.0,1.3139924493644854,0.4668737362368079,2.687439247198086
Kazakhstan,KAZ,2023,0,0,51.1605,71.4704,20330109.0,-0.404,2.666,0.581,14.076,0.0,1.2991011494175133,0.45805755822733496,2.713104075404889
Kazakhstan,KAZ,2024,0,0,51.1605,71.4704,20592574.0,-0.379,2.67,0.581,13.937,0.0,1.3001916620664788,0.45805755822733496,2.703841356328155
Kuwait,KWT,1961,0,0,29.3759,47.9774,345953.0,-0.134,104.988,0.437,28.829,0.0,4.66332588015644,0.3625576070968879,3.3954810746660464
Kuwait,KWT,1962,0,0,29.3759,47.9774,385005.0,-0.103,96.461,0.407,37.087,0.0,4.579452297982462,0.341459778132252,3.639873016559102
Kuwait,KWT,1963,0,0,29.3759,47.9774,427702.0,-0.079,88.789,0.385,39.775,0.0,4.497462473373027,0.32570013963930183,3.7080691485070774
Kuwait,KWT,1964,0,0,29.3759,47.9774,473122.0,-0.063,82.073,0.368,53.505,0.0,4.419719739319502,0.3133498192003587,3.9982924405803217
Kuwait,KWT,1965,0,0,29.3759,47.9774,521180.0,-0.05,76.176,0.354,67.905,0.0,4.346088527868252,0.30306317449008324,4.232728744327108
Kuwait,KWT,1966,0,0,29.3759,47.9774,572597.0,-0.035,70.885,0.343,61.34,0.0,4.275067619874556,0.2949059175411005,4.132603274339191
Kuwait,KWT,1967,0,0,29.3759,47.9774,628104.0,-0.028,66.058,0.334,40.472,0.0,4.205557916555162,0.288181947493432,3.7250185007298096
Kuwait,KWT,1968,0,0,29.3759,47.9774,687726.0,-0.017,61.669,0.327,33.661,0.0,4.137866907511223,0.28292075535007044,3.545615135573508
Kuwait,KWT,1969,0,0,29.3759,47.9774,749460.0,-0.012,57.84,0.32,35.772,0.0,4.074821895733237,0.2776317365982795,3.604736686001508
Kuwait,KWT,1970,0,0,29.3759,47.9774,809118.0,-0.005,49.656,0.329,30.924,0.0,3.9250576836986015,0.2844267797311083,3.4633580780137625
Kuwait,KWT,1971,0,0,29.3759,47.9774,865079.0,-0.001,46.698,0.325,31.347,0.0,3.864889468294088,0.28141245943818555,3.4765212809434427
Kuwait,KWT,1972,0,0,29.3759,47.9774,920358.0,-0.0,47.314,0.32,30.001,-0.0,3.877721373731125,0.2776317365982795,3.434019462029382
Kuwait,KWT,1973,0,0,29.3759,47.9774,977665.0,0.002,41.168,0.282,24.776,0.001998002662673056,3.741661639552906,0.24842135849847827,3.2494438264346184
Kuwait,KWT,1974,0,0,29.3759,47.9774,1038354.0,0.003,33.084,0.24,18.599,0.002995508979798479,3.5288280659657096,0.2151113796169455,2.975478544526723
Kuwait,KWT,1975,0,0,29.3759,47.9774,1104869.0,0.004,25.896,0.217,15.217,0.003992021269537453,3.29197757666626,0.19638881400539013,2.7860600747372373
Kuwait,KWT,1976,0,0,29.3759,47.9774,1178717.0,0.005,24.93,0.208,15.659,0.004987541511039074,3.255400599550573,0.1889660995126232,2.81295061092758
Kuwait,KWT,1977,0,0,29.3759,47.9774,1258029.0,0.003,21.673,0.205,13.675,0.002995508979798479,3.1211747892445056,0.1864795669426183,2.68614536571416
Kuwait,KWT,1978,0,0,29.3759,47.9774,1340323.0,0.003,22.27,0.227,15.653,0.002995508979798479,3.1471649773142003,0.2045721657287744,2.812590380376134
Kuwait,KWT,1979,0,0,29.3759,47.9774,1423523.0,0.006,24.792,0.244,12.395,0.005982071677547464,3.2500643663242177,0.2183319943169877,2.594881502996572
Kuwait,KWT,1980,0,0,29.3759,47.9774,1504789.0,0.009,16.335,0.264,16.377,0.008959741371471904,2.8527275791369866,0.2342812957246657,2.8551474927401173
Kuwait,KWT,1981,0,0,29.3759,47.9774,1583428.0,0.008,11.109,0.273,15.901,0.007968169649176874,2.493948977772229,0.24137631957526948,2.827372791776091
Kuwait,KWT,1982,0,0,29.3759,47.9774,1662489.0,0.008,8.222,0.294,12.713,0.007968169649176874,2.221591933784514,0.2577381960787088,2.618344288017717
Kuwait,KWT,1983,0,0,29.3759,47.9774,1744302.0,0.009,9.748,0.295,12.371,0.008959741371471904,2.3747196907532446,0.25851069515150105,2.5930881826325285
Kuwait,KWT,1984,0,0,29.3759,47.9774,1820692.0,0.008,10.207,0.273,15.56,0.007968169649176874,2.416538583069891,0.24137631957526948,2.8069901489571136
Kuwait,KWT,1985,0,0,29.3759,47.9774,1894255.0,0.01,9.102,0.309,15.373,0.009950330853168083,2.312733424045861,0.26926348692776286,2.7956336366573553
Kuwait,KWT,1986,0,0,29.3759,47.9774,1972520.0,0.009,10.482,0.302,17.884,0.008959741371471904,2.440780591745445,0.2639015437863775,2.9383150026840403
Kuwait,KWT,1987,0,0,29.3759,47.9774,2053007.0,0.011,11.021,0.313,15.309,0.010939940038334364,2.4866551203221174,0.27231459532065916,2.791717102674781
Kuwait,KWT,1988,0,0,29.3759,47.9774,2134708.0,0.009,11.055,0.327,15.399,0.008959741371471904,2.4894795116331343,0.28292075535007044,2.7972203573613084
Kuwait,KWT,1989,0,0,29.3759,47.9774,2217470.0,0.009,12.454,0.35,16.161,0.008959741371471904,2.599276459603414,0.30010459245033805,2.842639367420166
Kuwait,KWT,1990,0,0,29.3759,47.9774,1684833.0,0.014,10.436,0.261,22.473,0.013902905168991422,2.4367662744600653,0.23190505698278252,3.15585082444675
Kuwait,KWT,1991,0,0,29.3759,47.9774,1351403.0,0.019,4.668,0.239,364.791,0.01882175424058776,1.734836321828434,0.21430460264700538,5.902062132045562
Kuwait,KWT,1992,0,0,29.3759,47.9774,1634968.0,0.015,11.179,0.234,18.155,0.014888612493750654,2.4997131571049733,0.21026092548319608,2.952563778152612
Kuwait,KWT,1993,0,0,29.3759,47.9774,1672158.0,0.008,17.448,0.255,29.401,0.007968169649176874,2.9149559635267033,0.22713557258374723,3.4144755026079983
Kuwait,KWT,1994,0,0,29.3759,47.9774,1664371.0,-0.0,18.74,0.294,34.406,-0.0,2.9826470340053355,0.2577381960787088,3.5668812973030866
Kuwait,KWT,1995,0,0,29.3759,47.9774,1681518.0,-0.002,17.453,0.309,33.46,0.0,2.915226958894341,0.26926348692776286,3.5397992310997837
Kuwait,KWT,1996,0,0,29.3759,47.9774,1730255.0,-0.006,17.54,0.33,29.919,0.0,2.919930560137709,0.2851789422336624,3.431370881669703
Kuwait,KWT,1997,0,0,29.3759,47.9774,1787692.0,-0.006,18.337,0.347,31.753,0.0,2.962020359068455,0.2978798974282269,3.4889945609393926
Kuwait,KWT,1998,0,0,29.3759,47.9774,1844308.0,-0.004,15.896,0.374,28.688,0.0,2.827076907523851,0.3177261938001576,3.3907429237582964
Kuwait,KWT,1999,0,0,29.3759,47.9774,1900035.0,0.011,14.525,0.397,28.992,0.010939940038334364,2.7424516278195425,0.3343270802748248,3.400930679433611
Kuwait,KWT,2000,0,0,29.3759,47.9774,1954713.0,0.015,15.883,0.352,28.127,0.014888612493750654,2.8263071984950567,0.30158497762077235,3.3716655790561174
Kuwait,KWT,2001,0,0,29.3759,47.9774,2008127.0,0.01,14.577,0.345,29.44,0.009950330853168083,2.7457954673444687,0.2963940130538024,3.415757532993485
Kuwait,KWT,2002,0,0,29.3759,47.9774,2059983.0,0.008,14.221,0.363,29.182,0.007968169649176874,2.72267605329753,0.30968815271439554,3.4072457201963586
Kuwait,KWT,2003,0,0,29.3759,47.9774,2109886.0,0.006,16.975,0.365,29.618,0.005982071677547464,2.8889819036071103,0.31115442863692305,3.4215880713098894
Kuwait,KWT,2004,0,0,29.3759,47.9774,2157329.0,0.006,16.66,0.358,30.526,0.005982071677547464,2.8713021951758138,0.30601302913650436,3.450812602204351
Kuwait,KWT,2005,0,0,29.3759,47.9774,2236797.0,0.006,17.251,0.37,33.358,0.005982071677547464,2.9042198730478836,0.31481073984003355,3.5368348882042535
Kuwait,KWT,2006,0,0,29.3759,47.9774,2364741.0,0.008,16.53,0.37,32.233,0.007968169649176874,2.863913698933143,0.31481073984003355,3.5035433581591104
Kuwait,KWT,2007,0,0,29.3759,47.9774,2507890.0,0.005,14.704,0.344,30.821,0.004987541511039074,2.75391545697416,0.2956502421009578,3.460126449191443
Kuwait,KWT,2008,0,0,29.3759,47.9774,2651433.0,0.005,13.547,0.356,31.848,0.004987541511039074,2.677384786791325,0.3045391895182038,3.4918908602765777
Kuwait,KWT,2009,0,0,29.3759,47.9774,2795489.0,0.006,11.619,0.341,31.777,0.005982071677547464,2.5352036146707735,0.2934156042995415,3.4897270499085082
Kuwait,KWT,2010,0,0,29.3759,47.9774,2943374.0,0.007,11.127,0.323,30.482,0.006975613736425242,2.495434371674655,0.27990188513281866,3.44941595393263
Kuwait,KWT,2011,0,0,29.3759,47.9774,3132815.0,0.005,11.629,0.31,27.819,0.004987541511039074,2.535995756664033,0.27002713721306015,3.361034891843081
Kuwait,KWT,2012,0,0,29.3759,47.9774,3337025.0,0.006,11.832,0.299,30.327,0.005982071677547464,2.5519420511241586,0.2615947376884625,3.444480345511771
Kuwait,KWT,2013,0,0,29.3759,47.9774,3507755.0,0.005,11.218,0.3,23.675,0.004987541511039074,2.5029102742275753,0.26236426446749106,3.205790585319545
Kuwait,KWT,2014,0,0,29.3759,47.9774,3665769.0,0.002,10.668,0.285,20.458,0.001998002662673056,2.456850052005475,0.2507587183471831,3.0660975362145546
Kuwait,KWT,2015,0,0,29.3759,47.9774,3834465.0,0.003,10.315,0.28,24.337,0.002995508979798479,2.4261292790855005,0.2468600779315258,3.2322657779869606
Kuwait,KWT,2016,0,0,29.3759,47.9774,4003976.0,0.004,10.216,0.273,25.979,0.003992021269537453,2.4173413302922344,0.24137631957526948,3.2950587856004883
Kuwait,KWT,2017,0,0,29.3759,47.9774,4154686.0,0.003,9.314,0.267,24.072,0.002995508979798479,2.333502195628767,0.23665190133900202,3.2217516856136648
Kuwait,KWT,2018,0,0,29.3759,47.9774,4323389.0,0.002,9.068,0.26,23.697,0.001998002662673056,2.3093620772730694,0.23111172096338664,3.2066817787674946
Kuwait,KWT,2019,0,0,29.3759,47.9774,4442201.0,0.002,8.73,0.255,23.559,0.001998002662673056,2.2752138961979136,0.22713557258374723,3.20107838583762
Kuwait,KWT,2020,0,0,29.3759,47.9774,4400146.0,0.002,8.355,0.247,20.477,0.001998002662673056,2.235910959726053,0.2207406666978994,3.0669825950821576
Kuwait,KWT,2021,0,0,29.3759,47.9774,4360748.0,0.002,8.434,0.274,20.15,0.001998002662673056,2.2443201848620697,0.24216155714997162,3.0516399054922867
Kuwait,KWT,2022,0,0,29.3759,47.9774,4589514.0,0.002,8.716,0.258,25.242,0.001998002662673056,2.273774011139926,0.2295231582782488,3.267361180683524
Kuwait,KWT,2023,0,0,29.3759,47.9774,4838781.0,0.002,8.101,0.247,25.454,0.001998002662673056,2.208384297595219,0.2207406666978994,3.2754073756038555
Kuwait,KWT,2024,0,0,29.3759,47.9774,4934508.0,0.002,8.01,0.248,26.248,0.001998002662673056,2.1983350716202463,0.22154226994723591,3.3049801239203327
Kyrgyzstan,KGZ,1961,0,0,42.8746,74.5698,2288672.0,3.196,1.527,0.611,3.729,1.4341316905340509,0.9270328284060572,0.47685510419483734,1.5537137636617389
Kyrgyzstan,KGZ,1962,0,0,42.8746,74.5698,2367299.0,2.547,1.558,0.62,3.785,1.2661021757914848,0.939225703156651,0.4824261492442927,1.5654860249049176
Kyrgyzstan,KGZ,1963,0,0,42.8746,74.5698,2449247.0,2.127,1.574,0.606,3.922,1.1400740784757042,0.945461109173935,0.4737466155245699,1.5937149519688643
Kyrgyzstan,KGZ,1964,0,0,42.8746,74.5698,2532153.0,1.908,1.503,0.581,4.034,1.067465559671273,0.9174900124496371,0.45805755822733496,1.616214896713124
Kyrgyzstan,KGZ,1965,0,0,42.8746,74.5698,2615065.0,1.523,1.478,0.562,4.144,0.9254486696589207,0.9074517832069507,0.44596705141749426,1.6378309869353183
Kyrgyzstan,KGZ,1966,0,0,42.8746,74.5698,2697630.0,1.373,1.505,0.588,4.242,0.8641549774536265,0.9182887345368281,0.46247536282494395,1.6567031049012146
Kyrgyzstan,KGZ,1967,0,0,42.8746,74.5698,2780172.0,1.187,1.508,0.58,4.304,0.7825307416946308,0.9194856227706742,0.4574248470388754,1.6684612528835614
Kyrgyzstan,KGZ,1968,0,0,42.8746,74.5698,2862894.0,1.143,1.473,0.574,4.297,0.76220671649144,0.9054319885392792,0.45362014999521144,1.6671406225623895
Kyrgyzstan,KGZ,1969,0,0,42.8746,74.5698,2944842.0,0.971,1.429,0.556,4.35,0.6785410281705831,0.8874796500200355,0.4421184257561999,1.6770965609079151
Kyrgyzstan,KGZ,1970,0,0,42.8746,74.5698,3025143.0,0.886,1.398,0.551,4.457,0.6344581842112658,0.8746350566053225,0.4388998841944018,1.696899188204095
Kyrgyzstan,KGZ,1971,0,0,42.8746,74.5698,3101444.0,0.812,1.424,0.561,4.613,0.5944312076207876,0.885419068207068,0.44532664153329504,1.7250853359600624
Kyrgyzstan,KGZ,1972,0,0,42.8746,74.5698,3173948.0,0.784,1.43,0.563,4.742,0.5788580341578177,0.8878912573524571,0.44660705143933954,1.7478075816988723
Kyrgyzstan,KGZ,1973,0,0,42.8746,74.5698,3244873.0,0.783,1.423,0.577,4.834,0.5782973388810033,0.8850064418343887,0.4555243079809013,1.7637028714455296
Kyrgyzstan,KGZ,1974,0,0,42.8746,74.5698,3314025.0,0.61,1.427,0.575,4.914,0.4762341789963716,0.8866559267444644,0.4542552722775964,1.7773224214302854
Kyrgyzstan,KGZ,1975,0,0,42.8746,74.5698,3381368.0,0.596,1.435,0.57,5.062,0.46750049902761703,0.8899467565345531,0.4510756193602167,1.8020397786356115
Kyrgyzstan,KGZ,1976,0,0,42.8746,74.5698,3447009.0,0.574,1.425,0.576,5.152,0.45362014999521144,0.8858315243894466,0.45488999143568737,1.8167772322033429
Kyrgyzstan,KGZ,1977,0,0,42.8746,74.5698,3514133.0,0.473,1.405,0.563,5.222,0.3873011374804932,0.8775499035577246,0.44660705143933954,1.8280913984754454
Kyrgyzstan,KGZ,1978,0,0,42.8746,74.5698,3584533.0,0.395,1.406,0.576,5.291,0.33289441527332897,0.8779656175524871,0.45488999143568737,1.8391200405878927
Kyrgyzstan,KGZ,1979,0,0,42.8746,74.5698,3656193.0,0.393,1.399,0.556,5.226,0.3314596947976687,0.8750519838575576,0.4421184257561999,1.8287340720194165
Kyrgyzstan,KGZ,1980,0,0,42.8746,74.5698,3729372.0,0.355,1.389,0.561,5.322,0.3038014543316642,0.8708748683436724,0.44532664153329504,1.844035613793426
Kyrgyzstan,KGZ,1981,0,0,42.8746,74.5698,3804455.0,0.373,1.366,0.541,5.115,0.316998126785834,0.8612007655561951,0.4324315563379787,1.8107447691391356
Kyrgyzstan,KGZ,1982,0,0,42.8746,74.5698,3882820.0,0.339,1.352,0.54,5.104,0.29192306670903545,0.8552660300363806,0.43178241642553783,1.8089442939821558
Kyrgyzstan,KGZ,1983,0,0,42.8746,74.5698,3965765.0,0.29,1.338,0.54,5.065,0.25464221837358075,0.8492958630498767,0.43178241642553783,1.8025345423960135
Kyrgyzstan,KGZ,1984,0,0,42.8746,74.5698,4039348.0,0.284,1.337,0.53,5.014,0.2499802052677694,0.8488680555567208,0.4252677354043441,1.7940900845663375
Kyrgyzstan,KGZ,1985,0,0,42.8746,74.5698,4102389.0,0.296,1.326,0.529,5.323,0.25928259793008296,0.8441500540964727,0.4246139269469253,1.8441937790764762
Kyrgyzstan,KGZ,1986,0,0,42.8746,74.5698,4168594.0,0.258,1.312,0.529,5.235,0.2295231582782488,0.838112950810131,0.4246139269469253,1.8301785791319998
Kyrgyzstan,KGZ,1987,0,0,42.8746,74.5698,4238467.0,0.212,1.306,0.528,5.006,0.1922718876471227,0.8355144218468673,0.42395969074432877,1.7927589695611386
Kyrgyzstan,KGZ,1988,0,0,42.8746,74.5698,4308022.0,0.139,1.273,0.511,4.956,0.1301506844650451,0.8211005448704061,0.41277168329060254,1.7843991148217626
Kyrgyzstan,KGZ,1989,0,0,42.8746,74.5698,4381999.0,0.121,1.259,0.495,4.731,0.11422114409002286,0.8149222374858661,0.40212620684264977,1.7458900355696003
Kyrgyzstan,KGZ,1990,0,0,42.8746,74.5698,4459545.0,0.121,1.255,0.496,4.306,0.11422114409002286,0.8131499729546416,0.4027948795522855,1.668838255715548
Kyrgyzstan,KGZ,1991,0,0,42.8746,74.5698,4532124.0,0.165,1.205,0.454,3.508,0.1527210870176639,0.7907275088988094,0.37431837911132765,1.50585359617753
Kyrgyzstan,KGZ,1992,0,0,42.8746,74.5698,4600308.0,0.565,1.082,0.415,2.4,0.4478858239921165,0.7333289701927772,0.34712953109520095,1.2237754316221157
Kyrgyzstan,KGZ,1993,0,0,42.8746,74.5698,4626809.0,0.558,1.0,0.372,1.83,0.4434029474485566,0.6931471805599453,0.31626952930369345,1.0402767116551463
Kyrgyzstan,KGZ,1994,0,0,42.8746,74.5698,4649190.0,0.756,0.886,0.322,1.322,0.5630384952129249,0.6344581842112658,0.27914574142949455,0.8424288832756998
Kyrgyzstan,KGZ,1995,0,0,42.8746,74.5698,4713641.0,0.658,0.742,0.259,0.956,0.5056120567131033,0.555033878430311,0.2303177550622101,0.6709015716126255
Kyrgyzstan,KGZ,1996,0,0,42.8746,74.5698,4782885.0,0.521,0.698,0.249,1.182,0.41936801327715584,0.5294510878891555,0.22234323114344062,0.7802418874108791
Kyrgyzstan,KGZ,1997,0,0,42.8746,74.5698,4847998.0,0.47,0.818,0.24,1.147,0.3852624007906449,0.597736995755287,0.2151113796169455,0.7640715188966439
Kyrgyzstan,KGZ,1998,0,0,42.8746,74.5698,4907792.0,0.551,0.812,0.247,1.202,0.4388998841944018,0.5944312076207876,0.2207406666978994,0.7893660383004882
Kyrgyzstan,KGZ,1999,0,0,42.8746,74.5698,4968593.0,0.334,0.818,0.246,0.934,0.288181947493432,0.597736995755287,0.2199384203652614,0.6595903970311026
Kyrgyzstan,KGZ,2000,0,0,42.8746,74.5698,5025150.0,0.293,0.828,0.245,0.91,0.25696509978972043,0.6032224730319582,0.21913552991667093,0.6471032420585385
Kyrgyzstan,KGZ,2001,0,0,42.8746,74.5698,5071960.0,0.237,0.828,0.246,0.76,0.21268909341035083,0.6032224730319582,0.2199384203652614,0.5653138090500605
Kyrgyzstan,KGZ,2002,0,0,42.8746,74.5698,5116252.0,0.262,0.837,0.226,0.961,0.23269776411902143,0.6081338062329886,0.20375683751401966,0.6734545472142092
Kyrgyzstan,KGZ,2003,0,0,42.8746,74.5698,5159422.0,0.25,0.835,0.251,1.042,0.22314355131420976,0.6070444815065336,0.22394323148477407,0.7139297197424739
Kyrgyzstan,KGZ,2004,0,0,42.8746,74.5698,5203048.0,0.013,0.83,0.246,1.116,0.012916225266546328,0.6043159668533296,0.2199384203652614,0.749527513996053
Kyrgyzstan,KGZ,2005,0,0,42.8746,74.5698,5246337.0,0.008,0.837,0.251,1.052,0.007968169649176874,0.6081338062329886,0.22394323148477407,0.7188149273085231
Kyrgyzstan,KGZ,2006,0,0,42.8746,74.5698,5282451.0,-0.015,0.796,0.251,1.033,0.0,0.5855619698800079,0.22394323148477407,0.7095125346462096
Kyrgyzstan,KGZ,2007,0,0,42.8746,74.5698,5313376.0,-0.024,0.811,0.261,1.228,0.0,0.5938791789012764,0.23190505698278252,0.8011043220650376
Kyrgyzstan,KGZ,2008,0,0,42.8746,74.5698,5342530.0,-0.047,0.845,0.265,1.4,0.0,0.6124792774924905,0.23507212217948356,0.8754687373538999
Kyrgyzstan,KGZ,2009,0,0,42.8746,74.5698,5398013.0,-0.06,0.89,0.287,1.243,0.0,0.636576829071551,0.2523139286139896,0.8078142555380713
Kyrgyzstan,KGZ,2010,0,0,42.8746,74.5698,5491763.0,-0.074,0.896,0.282,1.157,0.0,0.6397464038328301,0.24842135849847827,0.7687183674070194
Kyrgyzstan,KGZ,2011,0,0,42.8746,74.5698,5594537.0,-0.051,1.003,0.286,1.362,0.0,0.6946460566836812,0.25153662581542763,0.8595087177751706
Kyrgyzstan,KGZ,2012,0,0,42.8746,74.5698,5696521.0,-0.03,0.907,0.294,1.771,0.0,0.645531326618282,0.2577381960787088,1.0192082658808412
Kyrgyzstan,KGZ,2013,0,0,42.8746,74.5698,5797294.0,-0.024,0.985,0.301,1.679,0.0,0.6856189141391538,0.26313319953036823,0.9854435905624717
Kyrgyzstan,KGZ,2014,0,0,42.8746,74.5698,5898322.0,-0.015,1.077,0.303,1.735,0.0,0.7309245448939752,0.26466929814270806,1.0061314358739446
Kyrgyzstan,KGZ,2015,0,0,42.8746,74.5698,6001876.0,0.028,1.076,0.283,1.71,0.027615167032973367,0.7304429653036423,0.24920108563349935,0.9969486348916096
Kyrgyzstan,KGZ,2016,0,0,42.8746,74.5698,6108460.0,0.003,1.108,0.281,1.575,0.002995508979798479,0.745739630679116,0.24764102291459722,0.9458495341156995
Kyrgyzstan,KGZ,2017,0,0,42.8746,74.5698,6220148.0,-0.016,1.118,0.271,1.505,0.0,0.7504722471792148,0.23980399220731702,0.9182887345368281
Kyrgyzstan,KGZ,2018,0,0,42.8746,74.5698,6341733.0,-0.026,1.138,0.286,1.762,0.0,0.7598708126028534,0.25153662581542763,1.0159550549871004
Kyrgyzstan,KGZ,2019,0,0,42.8746,74.5698,6494036.0,-0.033,1.133,0.283,1.393,0.0,0.7575294394892135,0.24920108563349935,0.8725478089262363
Kyrgyzstan,KGZ,2020,0,0,42.8746,74.5698,6664143.0,-0.031,1.12,0.281,1.253,0.0,0.7514160886839212,0.24764102291459722,0.8122626614501073
Kyrgyzstan,KGZ,2021,0,0,42.8746,74.5698,6820483.0,-0.039,1.113,0.271,1.516,0.0,0.7481087386339197,0.23980399220731702,0.922670338838194
Kyrgyzstan,KGZ,2022,0,0,42.8746,74.5698,6955792.0,-0.042,1.112,0.271,1.655,0.0,0.7476353658440151,0.23980399220731702,0.9764446546939022
Kyrgyzstan,KGZ,2023,0,0,42.8746,74.5698,7073523.0,-0.044,1.108,0.269,1.576,0.0,0.745739630679116,0.23822918873225063,0.9462378082421072
Kyrgyzstan,KGZ,2024,0,0,42.8746,74.5698,7186014.0,-0.046,1.109,0.266,1.638,0.0,0.7462139014966376,0.23586232372198446,0.9700210542951229
Laos,LAO,1961,1,1,17.9757,102.6331,2169800.0,14.345,1.514,0.247,0.052,2.7307896880716998,0.9218751101680557,0.2207406666978994,0.050693114315518116
Laos,LAO,1962,1,1,17.9757,102.6331,2219918.0,11.387,1.461,0.25,0.059,2.516647535572063,0.9005677714089189,0.22314355131420976,0.0573250666192694
Laos,LAO,1963,1,1,17.9757,102.6331,2271068.0,9.325,1.47,0.258,0.065,2.3345681388470965,0.9042181506398859,0.2295231582782488,0.06297479916138844
Laos,LAO,1964,1,1,17.9757,102.6331,2322828.0,8.171,1.876,0.299,0.074,2.216046331576807,1.0564004398588003,0.2615947376884625,0.07138999608667294
Laos,LAO,1965,1,1,17.9757,102.6331,2376200.0,8.341,1.885,0.314,0.076,2.2344133128907115,1.0595248999600628,0.27307592006241876,0.07325046173959267
Laos,LAO,1966,1,1,17.9757,102.6331,2431088.0,7.417,1.924,0.336,0.096,2.130253470229439,1.072952541887532,0.289680075114454,0.0916671885258238
Laos,LAO,1967,1,1,17.9757,102.6331,2487719.0,7.563,1.991,0.361,0.128,2.147450596044055,1.095607779647811,0.30821972366932904,0.12044615307586716
Laos,LAO,1968,1,1,17.9757,102.6331,2546381.0,6.989,1.594,0.336,0.066,2.078065595499905,0.9532010858942521,0.289680075114454,0.0639133257436528
Laos,LAO,1969,1,1,17.9757,102.6331,2606965.0,7.024,1.539,0.324,0.122,2.0824370506596344,0.9317703027225414,0.28065745751481647,0.11511280710050457
Laos,LAO,1970,1,1,17.9757,102.6331,2669703.0,6.687,1.506,0.329,0.214,2.039530590366995,0.9186878564738765,0.2844267797311083,0.19392069263730652
Laos,LAO,1971,1,1,17.9757,102.6331,2734637.0,8.55,1.433,0.298,0.154,2.256541154492639,0.8891250638013856,0.26082461828189824,0.1432341680859078
Laos,LAO,1972,1,1,17.9757,102.6331,2801657.0,8.892,1.384,0.288,0.174,2.2917263496591698,0.8687797492031033,0.25309062768216184,0.16041672140590468
Laos,LAO,1973,1,1,17.9757,102.6331,2870578.0,9.911,1.343,0.286,0.18,2.3897714546729616,0.8514321595256585,0.25153662581542763,0.16551443847757338
Laos,LAO,1974,1,1,17.9757,102.6331,2939759.0,9.325,1.3,0.257,0.1,2.3345681388470965,0.832909122935104,0.22872792960811036,0.09531017980432487
Laos,LAO,1975,1,1,17.9757,102.6331,3005524.0,9.195,1.26,0.248,0.084,2.3218974040264184,0.8153648132841945,0.22154226994723591,0.08065790301745447
Laos,LAO,1976,1,1,17.9757,102.6331,3064882.0,8.198,1.088,0.229,0.073,2.218986069117732,0.7362066700203923,0.20620083058389777,0.07045846364856141
Laos,LAO,1977,1,1,17.9757,102.6331,3118926.0,8.182,1.147,0.251,0.074,2.2172450458270303,0.7640715188966439,0.22394323148477407,0.07138999608667294
Laos,LAO,1978,1,1,17.9757,102.6331,3171753.0,7.393,1.184,0.265,0.073,2.1273980251006903,0.7811580578826586,0.23507212217948356,0.07045846364856141
Laos,LAO,1979,1,1,17.9757,102.6331,3228198.0,6.346,1.278,0.269,0.069,1.9941559473974755,0.8232978650249904,0.23822918873225063,0.06672363204290818
Laos,LAO,1980,1,1,17.9757,102.6331,3292575.0,5.961,1.381,0.308,0.057,1.9403231421865295,0.8675205675047257,0.26849925303500694,0.055434706888100586
Laos,LAO,1981,1,1,17.9757,102.6331,3366638.0,5.989,1.37,0.302,0.045,1.9443374844949919,0.8628899551470398,0.2639015437863775,0.04401688541677432
Laos,LAO,1982,1,1,17.9757,102.6331,3450022.0,5.453,1.35,0.346,0.046,1.8645451389537027,0.8544153281560676,0.29713723122253605,0.044973365642731154
Laos,LAO,1983,1,1,17.9757,102.6331,3541003.0,5.532,1.332,0.336,0.051,1.8767131751082187,0.846726268488246,0.289680075114454,0.04974209189481407
Laos,LAO,1984,1,1,17.9757,102.6331,3637845.0,5.477,1.273,0.345,0.05,1.86825744020078,0.8211005448704061,0.2963940130538024,0.04879016416943201
Laos,LAO,1985,1,1,17.9757,102.6331,3739985.0,5.371,1.266,0.307,0.055,1.8517564431343512,0.8180161626058146,0.2677344346420849,0.053540766928029816
Laos,LAO,1986,1,1,17.9757,102.6331,3846720.0,5.074,1.25,0.315,0.054,1.804017366623557,0.8109302162163288,0.27383666562972786,0.05259245011917058
Laos,LAO,1987,1,1,17.9757,102.6331,3957624.0,5.376,1.204,0.327,0.054,1.852540941487914,0.790273891290668,0.28292075535007044,0.05259245011917058
Laos,LAO,1988,1,1,17.9757,102.6331,4072608.0,4.942,1.171,0.321,0.052,1.782045777040416,0.7751878908961548,0.2783890255401883,0.050693114315518116
Laos,LAO,1989,1,1,17.9757,102.6331,4190972.0,4.678,1.19,0.306,0.055,1.7365990580507795,0.7839015438284094,0.26696903085423934,0.053540766928029816
Laos,LAO,1990,1,1,17.9757,102.6331,4311960.0,4.425,1.286,0.34,0.119,1.6910178994265233,0.8268035653726189,0.29266961396282004,0.11243542932978817
Laos,LAO,1991,1,1,17.9757,102.6331,4435121.0,4.134,1.225,0.353,0.123,1.6358850824489488,0.7997569156182036,0.302324349188651,0.11600367575630613
Laos,LAO,1992,1,1,17.9757,102.6331,4559650.0,3.885,1.24,0.359,0.13,1.586169285494746,0.8064758658669485,0.30674913516900665,0.12221763272424921
Laos,LAO,1993,1,1,17.9757,102.6331,4685064.0,4.801,1.212,0.365,0.13,1.7580303164839273,0.7938970836600884,0.31115442863692305,0.12221763272424921
Laos,LAO,1994,1,1,17.9757,102.6331,4809223.0,4.622,1.246,0.358,0.131,1.7266874724843402,0.8091508563162514,0.30601302913650436,0.1231021971339834
Laos,LAO,1995,1,1,17.9757,102.6331,4929410.0,4.646,1.229,0.36,0.136,1.7309473298312976,0.8015530544037318,0.3074846997479606,0.12751332029895962
Laos,LAO,1996,1,1,17.9757,102.6331,5045686.0,6.187,1.202,0.352,0.149,1.9722738384863057,0.7893660383004882,0.30158497762077235,0.13889199886661863
Laos,LAO,1997,1,1,17.9757,102.6331,5152015.0,5.302,1.219,0.333,0.154,1.8408670433350829,0.7970566439504569,0.2874320411965716,0.1432341680859078
Laos,LAO,1998,1,1,17.9757,102.6331,5248273.0,5.565,1.133,0.313,0.156,1.8817525077547597,0.7575294394892135,0.27231459532065916,0.14496577025018573
Laos,LAO,1999,1,1,17.9757,102.6331,5340784.0,6.502,1.106,0.289,0.158,2.0151696516596957,0.7447904137117838,0.25386672395705034,0.1466943791508035
Laos,LAO,2000,1,1,17.9757,102.6331,5431213.0,8.979,1.168,0.309,0.177,2.3004828849021752,0.7738050835773997,0.26926348692776286,0.16296882827813966
Laos,LAO,2001,1,1,17.9757,102.6331,5521481.0,8.628,1.188,0.312,0.192,2.2646755199208255,0.7829878845597348,0.2715526905218973,0.17563256864315802
Laos,LAO,2002,1,1,17.9757,102.6331,5610888.0,8.982,1.192,0.317,0.208,2.3007834710474175,0.7848143690857691,0.27535642276114397,0.1889660995126232
Laos,LAO,2003,1,1,17.9757,102.6331,5697944.0,9.544,1.203,0.322,0.214,2.3555569777601515,0.7898200678202061,0.27914574142949455,0.19392069263730652
Laos,LAO,2004,1,1,17.9757,102.6331,5781627.0,10.645,1.229,0.374,0.222,2.4548769033363045,0.8015530544037318,0.3177261938001576,0.20048886074940359
Laos,LAO,2005,1,1,17.9757,102.6331,5869531.0,11.255,1.194,0.348,0.228,2.505934016980076,0.7857263618530385,0.2986220124901153,0.20538682972495073
Laos,LAO,2006,1,1,17.9757,102.6331,5963199.0,9.792,1.188,0.327,0.295,2.3788051189054547,0.7829878845597348,0.28292075535007044,0.25851069515150105
Laos,LAO,2007,1,1,17.9757,102.6331,6056237.0,11.16,1.219,0.392,0.303,2.498151876538021,0.7970566439504569,0.3307415619122279,0.26466929814270806
Laos,LAO,2008,1,1,17.9757,102.6331,6148974.0,11.781,1.247,0.342,0.347,2.5479596931495774,0.8095959932031922,0.29416103854949005,0.2978798974282269
Laos,LAO,2009,1,1,17.9757,102.6331,6241649.0,12.73,1.283,0.359,0.427,2.6195832197798796,0.8254903675476585,0.30674913516900665,0.3555743384946994
Laos,LAO,2010,1,1,17.9757,102.6331,6334198.0,10.046,1.332,0.412,0.474,2.402068371478996,0.846726268488246,0.3450071390710503,0.38797979376714486
Laos,LAO,2011,1,1,17.9757,102.6331,6426592.0,9.768,1.28,0.353,0.482,2.376578772902372,0.8241754429663494,0.302324349188651,0.39339252687389514
Laos,LAO,2012,1,1,17.9757,102.6331,6518981.0,10.794,1.355,0.4,0.511,2.4675909275783123,0.8565407274683811,0.33647223662121295,0.41277168329060254
Laos,LAO,2013,1,1,17.9757,102.6331,6611385.0,11.665,1.336,0.403,0.635,2.5388422834536386,0.8484400649659807,0.3386128011203239,0.4916428043492167
Laos,LAO,2014,1,1,17.9757,102.6331,6703170.0,11.745,1.35,0.401,0.654,2.5451390378280787,0.8544153281560676,0.33718626735486995,0.5031965966014996
Laos,LAO,2015,1,1,17.9757,102.6331,6801647.0,8.698,1.372,0.419,1.35,2.2719196786831604,0.8637334811354791,0.3499523981779056,0.8544153281560676
Laos,LAO,2016,1,1,17.9757,102.6331,6908800.0,6.198,1.431,0.452,2.375,1.973803209656839,0.8883026953339863,0.3729419164026044,1.2163953243244932
Laos,LAO,2017,1,1,17.9757,102.6331,7018150.0,5.008,1.402,0.42,2.796,1.7930919144618336,0.8763017236577918,0.35065687161316933,1.3339478807476814
Laos,LAO,2018,1,1,17.9757,102.6331,7128043.0,4.503,1.388,0.418,2.873,1.7052933980776217,0.8704561955303556,0.34924742810993575,1.3540294005326152
Laos,LAO,2019,1,1,17.9757,102.6331,7237635.0,3.404,1.389,0.44,2.534,1.4825132188604335,0.8708748683436724,0.36464311358790924,1.2624303738975047
Laos,LAO,2020,1,1,17.9757,102.6331,7346534.0,3.01,1.436,0.469,2.49,1.3887912413184778,0.8903573498476506,0.38458189719174024,1.2499017362143359
Laos,LAO,2021,1,1,17.9757,102.6331,7453192.0,4.211,1.406,0.428,2.93,1.6507717759270777,0.8779656175524871,0.35627486391739266,1.3686394258811698
Laos,LAO,2022,1,1,17.9757,102.6331,7559008.0,3.215,1.449,0.43,2.983,1.4386495914538187,0.8956797779700307,0.3576744442718159,1.3820353041995073
Laos,LAO,2023,1,1,17.9757,102.6331,7665001.0,2.793,1.453,0.469,3.152,1.3331572627067618,0.8973117652763523,0.38458189719174024,1.4235901458635876
Laos,LAO,2024,1,1,17.9757,102.6331,7769823.0,2.503,1.469,0.453,3.14,1.2536197442153498,0.9038132103630425,0.37363038458814585,1.420695787837223
Lebanon,LBN,1961,0,0,33.8938,35.5018,1850090.0,0.173,0.399,0.151,1.448,0.1595645696713384,0.3357576956833441,0.1406311297397456,0.8952713646500796
Lebanon,LBN,1962,0,0,33.8938,35.5018,1909583.0,0.048,0.406,0.148,1.493,0.04688358589885042,0.3407487933884732,0.13802129789737466,0.9134868045414208
Lebanon,LBN,1963,0,0,33.8938,35.5018,1970319.0,0.227,0.417,0.164,1.534,0.2045721657287744,0.3485419607085434,0.15186234930924608,0.9297990818989473
Lebanon,LBN,1964,0,0,33.8938,35.5018,2030547.0,0.425,0.413,0.165,1.606,0.35417181372061385,0.3457151037023904,0.1527210870176639,0.9578164787026534
Lebanon,LBN,1965,0,0,33.8938,35.5018,2088838.0,0.167,0.417,0.168,1.586,0.15443635330441893,0.3485419607085434,0.15529288440603534,0.9501122803496658
Lebanon,LBN,1966,0,0,33.8938,35.5018,2148255.0,0.304,0.418,0.177,1.686,0.2654364635044612,0.34924742810993575,0.16296882827813966,0.9880530981010458
Lebanon,LBN,1967,0,0,33.8938,35.5018,2206736.0,0.336,0.412,0.181,1.615,0.289680075114454,0.3450071390710503,0.16636153721522526,0.9612640975168862
Lebanon,LBN,1968,0,0,33.8938,35.5018,2266376.0,0.27,0.403,0.185,1.63,0.23901690047049992,0.3386128011203239,0.1697427745870945,0.9669838461896731
Lebanon,LBN,1969,0,0,33.8938,35.5018,2328162.0,0.261,0.405,0.196,1.866,0.23190505698278252,0.3400373027857091,0.17898265552844,1.0529173294059802
Lebanon,LBN,1970,0,0,33.8938,35.5018,2386119.0,0.25,0.383,0.182,1.652,0.22314355131420976,0.32425505268262117,0.16720791898390644,0.975314072323616
Lebanon,LBN,1971,0,0,33.8938,35.5018,2446319.0,0.263,0.414,0.204,2.167,0.23348984336835407,0.346422567474381,0.1856493468866293,1.1527847675565026
Lebanon,LBN,1972,0,0,33.8938,35.5018,2509730.0,0.34,0.42,0.212,2.253,0.29266961396282004,0.35065687161316933,0.1922718876471227,1.1795776474912145
Lebanon,LBN,1973,0,0,33.8938,35.5018,2572932.0,0.19,0.422,0.224,2.747,0.173953307123438,0.35206433138104914,0.20212418409013436,1.3209555198115503
Lebanon,LBN,1974,0,0,33.8938,35.5018,2635185.0,0.061,0.425,0.178,2.69,0.05921185963184608,0.35417181372061385,0.16381808522939495,1.3056264580524357
Lebanon,LBN,1975,0,0,33.8938,35.5018,2693197.0,0.027,0.415,0.135,2.326,0.02664193094642118,0.34712953109520095,0.126632650933366,1.201770380770736
Lebanon,LBN,1976,0,0,33.8938,35.5018,2726474.0,-0.02,0.41,0.147,2.173,0.0,0.3435897043900769,0.13714983814723364,1.1546775126010584
Lebanon,LBN,1977,0,0,33.8938,35.5018,2762162.0,-0.056,0.404,0.134,1.95,0.0,0.3393253056036194,0.12575120530556033,1.0818051703517284
Lebanon,LBN,1978,0,0,33.8938,35.5018,2822681.0,-0.098,0.429,0.153,1.947,0.0,0.3569748989477303,0.14236724128692196,1.0807877037555578
Lebanon,LBN,1979,0,0,33.8938,35.5018,2882635.0,-0.148,0.423,0.16,2.007,0.0,0.3527673191077153,0.14842000511827327,1.100942904006392
Lebanon,LBN,1980,0,0,33.8938,35.5018,2944765.0,-0.132,0.427,0.173,2.0,0.0,0.3555743384946994,0.1595645696713384,1.0986122886681098
Lebanon,LBN,1981,0,0,33.8938,35.5018,3008985.0,-0.122,0.424,0.171,1.942,0.0,0.353469812989784,0.1578580846155803,1.0790896221792459
Lebanon,LBN,1982,0,0,33.8938,35.5018,3054932.0,-0.108,0.418,0.175,1.872,0.0,0.34924742810993575,0.16126814759612226,1.0550086511859778
Lebanon,LBN,1983,0,0,33.8938,35.5018,3095001.0,-0.079,0.42,0.163,2.243,0.0,0.35065687161316933,0.1510028735365274,1.1764988273251809
Lebanon,LBN,1984,0,0,33.8938,35.5018,3152742.0,-0.062,0.42,0.163,2.129,0.0,0.35065687161316933,0.1510028735365274,1.1407134646867452
Lebanon,LBN,1985,0,0,33.8938,35.5018,3217377.0,-0.041,0.42,0.157,2.413,0.0,0.35065687161316933,0.1458304482115395,1.22759166992457
Lebanon,LBN,1986,0,0,33.8938,35.5018,3300373.0,0.012,0.415,0.152,2.266,0.011928570865273802,0.34712953109520095,0.1414995622736995,1.1835659945482733
Lebanon,LBN,1987,0,0,33.8938,35.5018,3385557.0,-0.016,0.409,0.146,2.266,0.0,0.3428802329165431,0.1362776182925478,1.1835659945482733
Lebanon,LBN,1988,0,0,33.8938,35.5018,3454647.0,-0.023,0.399,0.139,2.126,0.0,0.3357576956833441,0.1301506844650451,1.1397542319992848
Lebanon,LBN,1989,0,0,33.8938,35.5018,3525288.0,-0.0,0.395,0.146,2.19,-0.0,0.33289441527332897,0.1362776182925478,1.1600209167967532
Lebanon,LBN,1990,0,0,33.8938,35.5018,3595175.0,-0.006,0.393,0.139,2.189,0.0,0.3314596947976687,0.1301506844650451,1.1597073880279205
Lebanon,LBN,1991,0,0,33.8938,35.5018,3668916.0,-0.018,0.425,0.144,2.212,0.0,0.35417181372061385,0.13453089295760615,1.1668937960845154
Lebanon,LBN,1992,0,0,33.8938,35.5018,3747375.0,-0.022,0.442,0.151,2.596,0.0,0.36603103886275734,0.1406311297397456,1.279822116609374
Lebanon,LBN,1993,0,0,33.8938,35.5018,3820652.0,0.013,0.452,0.163,2.71,0.012916225266546328,0.3729419164026044,0.1510028735365274,1.3110318766193438
Lebanon,LBN,1994,0,0,33.8938,35.5018,3889802.0,0.014,0.457,0.154,2.856,0.013902905168991422,0.3763795272130678,0.1432341680859078,1.349630376748299
Lebanon,LBN,1995,0,0,33.8938,35.5018,3960741.0,0.123,0.459,0.182,3.094,0.11600367575630613,0.3777512695406486,0.16720791898390644,1.4095224872390977
Lebanon,LBN,1996,0,0,33.8938,35.5018,4034782.0,0.114,0.468,0.185,3.161,0.10795714150509228,0.38390093019232385,0.1697427745870945,1.4257554300008042
Lebanon,LBN,1997,0,0,33.8938,35.5018,4108409.0,0.053,0.463,0.192,3.675,0.05164323315183845,0.3804891220379873,0.17563256864315802,1.5422291627406504
Lebanon,LBN,1998,0,0,33.8938,35.5018,4181287.0,-0.371,0.461,0.198,3.895,0.0,0.37912113276856246,0.1806534996932576,1.5882142759824738
Lebanon,LBN,1999,0,0,33.8938,35.5018,4255278.0,-0.204,0.456,0.194,3.861,0.0,0.37569294977449424,0.17730901497041035,1.5812441780633184
Lebanon,LBN,2000,0,0,33.8938,35.5018,4329345.0,-0.233,0.455,0.175,3.572,0.0,0.37500590062345585,0.16126814759612226,1.5199507459325643
Lebanon,LBN,2001,0,0,33.8938,35.5018,4401923.0,-0.102,0.464,0.181,3.727,0.0,0.38117241553911985,0.16636153721522526,1.5532907518110992
Lebanon,LBN,2002,0,0,33.8938,35.5018,4463505.0,-0.011,0.477,0.17,3.639,0.0,0.39001300354924273,0.15700374880966475,1.5344988257696066
Lebanon,LBN,2003,0,0,33.8938,35.5018,4525513.0,-0.052,0.491,0.177,4.094,0.0,0.3994470357826014,0.16296882827813966,1.6280633765572654
Lebanon,LBN,2004,0,0,33.8938,35.5018,4599285.0,-0.024,0.503,0.178,3.742,0.0,0.40746311077083747,0.16381808522939495,1.5564589876432138
Lebanon,LBN,2005,0,0,33.8938,35.5018,4671105.0,-0.121,0.511,0.162,3.565,0.0,0.41277168329060254,0.1501426584297195,1.5184185140469317
Lebanon,LBN,2006,0,0,33.8938,35.5018,4751146.0,-0.063,0.512,0.153,3.113,0.0,0.4134332777573413,0.14236724128692196,1.414152689248287
Lebanon,LBN,2007,0,0,33.8938,35.5018,4844119.0,-0.101,0.51,0.152,2.838,0.0,0.412109650826833,0.1414995622736995,1.344951397585508
Lebanon,LBN,2008,0,0,33.8938,35.5018,4925359.0,-0.112,0.511,0.154,3.536,0.0,0.41277168329060254,0.1432341680859078,1.5120455664254508
Lebanon,LBN,2009,0,0,33.8938,35.5018,4992295.0,-0.2,0.519,0.16,4.198,0.0,0.4180522236136358,0.14842000511827327,1.6482739362192986
Lebanon,LBN,2010,0,0,33.8938,35.5018,5041290.0,-0.038,0.53,0.162,3.967,0.0,0.4252677354043441,0.1501426584297195,1.6028160361252135
Lebanon,LBN,2011,0,0,33.8938,35.5018,5096018.0,0.004,0.559,0.181,3.976,0.003992021269537453,0.4440445900756395,0.16636153721522526,1.6046263554368783
Lebanon,LBN,2012,0,0,33.8938,35.5018,5235742.0,-0.016,0.576,0.198,4.265,0.0,0.45488999143568737,0.1806534996932576,1.6610811455859387
Lebanon,LBN,2013,0,0,33.8938,35.5018,5743441.0,-0.003,0.554,0.176,3.859,0.0,0.4408322519454557,0.16211884947643518,1.580832655423766
Lebanon,LBN,2014,0,0,33.8938,35.5018,6346993.0,0.001,0.528,0.167,3.78,0.0009995003330835331,0.42395969074432877,0.15443635330441893,1.5644405465033646
Lebanon,LBN,2015,0,0,33.8938,35.5018,6472470.0,0.029,0.534,0.17,3.975,0.028587456851912555,0.42787870294506447,0.15700374880966475,1.604425370610556
Lebanon,LBN,2016,0,0,33.8938,35.5018,6323061.0,0.032,0.56,0.18,4.181,0.03149866705937099,0.44468582126144574,0.16551443847757338,1.6449980878326513
Lebanon,LBN,2017,0,0,33.8938,35.5018,6160129.0,-0.006,0.584,0.193,4.516,0.0,0.45995329339223406,0.17647114311577908,1.7076529599310555
Lebanon,LBN,2018,0,0,33.8938,35.5018,5984120.0,-0.018,0.605,0.19,4.313,0.0,0.4731237565819792,0.173953307123438,1.670156647468806
Lebanon,LBN,2019,0,0,33.8938,35.5018,5794601.0,0.029,0.637,0.199,4.339,0.028587456851912555,0.49286529838899784,0.1814878760453772,1.6750383695180493
Lebanon,LBN,2020,0,0,33.8938,35.5018,5702400.0,0.016,0.659,0.188,4.155,0.01587334915629015,0.5062150112083075,0.1722712209404532,1.6399671174689232
Lebanon,LBN,2021,0,0,33.8938,35.5018,5718129.0,-0.003,0.666,0.172,3.406,0.0,0.510425543744651,0.15871169115482087,1.4829672483801515
Lebanon,LBN,2022,0,0,33.8938,35.5018,5744492.0,0.001,0.673,0.169,2.674,0.0009995003330835331,0.514618422004687,0.15614868248993136,1.3012809867929338
Lebanon,LBN,2023,0,0,33.8938,35.5018,5773494.0,0.006,0.68,0.168,2.695,0.005982071677547464,0.5187937934151676,0.15529288440603534,1.3069805544001651
Lebanon,LBN,2024,0,0,33.8938,35.5018,5805962.0,0.012,0.686,0.153,2.696,0.011928570865273802,0.5223588595796638,0.14236724128692196,1.3072511537794378
Malaysia,MYS,1961,1,1,3.139,101.6869,8164448.0,6.32,0.776,0.218,0.574,1.9906103279732201,0.5743636445699783,0.19721016928770527,0.45362014999521144
Malaysia,MYS,1962,1,1,3.139,101.6869,8380174.0,10.452,0.782,0.217,0.57,2.4381643872358687,0.5777363290486176,0.19638881400539013,0.4510756193602167
Malaysia,MYS,1963,1,1,3.139,101.6869,8602166.0,8.293,0.782,0.213,0.678,2.229261428575202,0.5777363290486176,0.19309662996191307,0.5176026080450145
Malaysia,MYS,1964,1,1,3.139,101.6869,8828416.0,14.111,0.784,0.215,0.838,2.7154229554316234,0.5788580341578177,0.19474407679251177,0.6086780239334952
Malaysia,MYS,1965,1,1,3.139,101.6869,9056415.0,6.869,0.79,0.218,0.925,2.0629309895528465,0.5822156198526637,0.19721016928770527,0.6549259677397475
Malaysia,MYS,1966,1,1,3.139,101.6869,9284693.0,8.323,0.786,0.218,1.059,2.2324844653145566,0.5799784824543073,0.19721016928770527,0.7222204280456523
Malaysia,MYS,1967,1,1,3.139,101.6869,9507107.0,12.243,0.786,0.215,1.065,2.583469110944827,0.5799784824543073,0.19474407679251177,0.7251302264129961
Malaysia,MYS,1968,1,1,3.139,101.6869,9725283.0,9.62,0.798,0.213,1.083,2.362739015813793,0.5866749360494286,0.19309662996191307,0.733809162278835
Malaysia,MYS,1969,1,1,3.139,101.6869,9947604.0,13.151,0.781,0.218,0.919,2.6497852929702344,0.5771750043075247,0.19721016928770527,0.6518042170255629
Malaysia,MYS,1970,1,1,3.139,101.6869,10178802.0,12.655,0.798,0.24,1.433,2.614105754925668,0.5866749360494286,0.2151113796169455,0.8891250638013856
Malaysia,MYS,1971,1,1,3.139,101.6869,10423466.0,15.111,0.806,0.237,1.599,2.7795022685088497,0.5911144549947938,0.21268909341035083,0.9551267556593532
Malaysia,MYS,1972,1,1,3.139,101.6869,10676839.0,12.31,0.834,0.226,1.677,2.58851563240702,0.6064993738342731,0.20375683751401966,0.9846967645382154
Malaysia,MYS,1973,1,1,3.139,101.6869,10935622.0,11.424,0.813,0.24,1.601,2.519630085846386,0.594982931772714,0.2151113796169455,0.9558959864665145
Malaysia,MYS,1974,1,1,3.139,101.6869,11200903.0,12.778,0.79,0.217,1.7,2.623073117171004,0.5822156198526637,0.19638881400539013,0.9932517730102833
Malaysia,MYS,1975,1,1,3.139,101.6869,11471914.0,11.899,0.815,0.222,1.695,2.557149788982999,0.596085467716814,0.20048886074940359,0.9913982043609605
Malaysia,MYS,1976,1,1,3.139,101.6869,11750093.0,14.346,0.878,0.226,2.034,2.7308548537554733,0.6302073807860712,0.20375683751401966,1.1098818809263404
Malaysia,MYS,1977,1,1,3.139,101.6869,12035716.0,15.875,0.882,0.227,1.879,2.8258332367585934,0.632335041163188,0.2045721657287744,1.0574430116300388
Malaysia,MYS,1978,1,1,3.139,101.6869,12328158.0,14.714,0.861,0.228,1.887,2.75455203475363,0.6211139776601137,0.20538682972495073,1.0602179006807981
Malaysia,MYS,1979,1,1,3.139,101.6869,12627866.0,12.899,0.979,0.242,2.162,2.631816895102621,0.6825916666204287,0.21672298351128702,1.1512047387872804
Malaysia,MYS,1980,1,1,3.139,101.6869,12983365.0,13.942,0.95,0.241,2.159,2.7041760395536096,0.6678293725756554,0.21591750622247016,1.1502555218199482
Malaysia,MYS,1981,1,1,3.139,101.6869,13399206.0,10.829,0.91,0.231,2.304,2.4705541435636,0.6471032420585385,0.20782684720231648,1.1951338556587316
Malaysia,MYS,1982,1,1,3.139,101.6869,13832796.0,11.509,0.918,0.233,2.215,2.5264483852326043,0.6512829764612464,0.20945022418220727,1.1678273576895826
Malaysia,MYS,1983,1,1,3.139,101.6869,14285914.0,8.22,0.956,0.245,2.663,2.2213750375685026,0.6709015716126255,0.21913552991667093,1.2982824837966773
Malaysia,MYS,1984,1,1,3.139,101.6869,14759013.0,12.249,0.997,0.256,2.358,2.583922077885986,0.6916460544336782,0.22793206804600694,1.2113455586553492
Malaysia,MYS,1985,1,1,3.139,101.6869,15252262.0,18.798,0.994,0.245,2.382,2.9855809224976158,0.6901426715396466,0.21913552991667093,1.2184672504763885
Malaysia,MYS,1986,1,1,3.139,101.6869,15760425.0,22.32,1.019,0.235,2.544,3.1493113614822916,0.7026023393307004,0.2110709700799405,1.2652560327428346
Malaysia,MYS,1987,1,1,3.139,101.6869,16276735.0,22.895,1.002,0.236,2.511,3.1736692320301216,0.6941466808930289,0.211880359035499,1.2559008971862953
Malaysia,MYS,1988,1,1,3.139,101.6869,16796612.0,23.352,1.015,0.241,2.552,3.1926139816792753,0.7006191953986463,0.21591750622247016,1.2675108251299236
Malaysia,MYS,1989,1,1,3.139,101.6869,17315003.0,14.804,1.033,0.25,2.893,2.760263072549144,0.7095125346462096,0.22314355131420976,1.3591800686283186
Malaysia,MYS,1990,1,1,3.139,101.6869,17833179.0,10.487,1.045,0.249,3.043,2.4412159611632673,0.7153977894947651,0.22234323114344062,1.3969869906586339
Malaysia,MYS,1991,1,1,3.139,101.6869,18342474.0,8.296,1.044,0.237,3.586,2.229584200109555,0.714908672341458,0.21268909341035083,1.5230081844357126
Malaysia,MYS,1992,1,1,3.139,101.6869,18834569.0,9.18,1.038,0.247,3.874,2.3204250111223765,0.7119689348005331,0.2207406666978994,1.5839149552030145
Malaysia,MYS,1993,1,1,3.139,101.6869,19322667.0,9.645,1.041,0.251,4.482,2.365090298345443,0.7134398838277077,0.22394323148477407,1.701469997880594
Malaysia,MYS,1994,1,1,3.139,101.6869,19820446.0,9.66,1.056,0.243,4.415,2.3664984187376983,0.7207623475929187,0.21752781252857406,1.689172880452954
Malaysia,MYS,1995,1,1,3.139,101.6869,20330602.0,7.445,0.981,0.241,5.391,2.1335745502597634,0.6836017677164139,0.21591750622247016,1.8548907506681447
Malaysia,MYS,1996,1,1,3.139,101.6869,20850085.0,6.463,1.067,0.233,5.281,2.0099574781492504,0.7260982806996312,0.20945022418220727,1.8375292034722437
Malaysia,MYS,1997,1,1,3.139,101.6869,21375225.0,5.462,1.161,0.264,5.542,1.8659388674023065,0.770571077524749,0.2342812957246657,1.8782429291161922
Malaysia,MYS,1998,1,1,3.139,101.6869,21906713.0,5.992,0.989,0.277,5.011,1.9447666383532343,0.6876319998718351,0.24451357705040225,1.793591124057025
Malaysia,MYS,1999,1,1,3.139,101.6869,22435532.0,4.171,0.981,0.272,4.635,1.6430660934140844,0.6836017677164139,0.24059046491793043,1.7289971474917396
Malaysia,MYS,2000,1,1,3.139,101.6869,22967817.0,3.74,0.997,0.267,5.35,1.556037135706985,0.6916460544336782,0.23665190133900202,1.8484548129046001
Malaysia,MYS,2001,1,1,3.139,101.6869,23526535.0,4.81,0.991,0.254,5.564,1.7595805708638197,0.6886370250820593,0.22633844221072896,1.8816001732278445
Malaysia,MYS,2002,1,1,3.139,101.6869,24102477.0,5.179,0.993,0.277,5.478,1.8211564460788425,0.6896410412306576,0.24451357705040225,1.8684118207491376
Malaysia,MYS,2003,1,1,3.139,101.6869,24679604.0,3.859,1.089,0.302,6.215,1.580832655423766,0.7366854825744287,0.2639015437863775,1.9761621922258341
Malaysia,MYS,2004,1,1,3.139,101.6869,25256773.0,3.756,1.087,0.324,6.718,1.5594069788285354,0.7357276280950636,0.28065745751481647,2.043555263115427
Malaysia,MYS,2005,1,1,3.139,101.6869,25836075.0,3.58,1.089,0.329,6.579,1.5216989981260935,0.7366854825744287,0.2844267797311083,2.025381264829892
Malaysia,MYS,2006,1,1,3.139,101.6869,26417909.0,3.927,1.099,0.319,6.441,1.594730283561826,0.741461040838496,0.2768738737351776,2.007005248415124
Malaysia,MYS,2007,1,1,3.139,101.6869,26998383.0,4.434,1.072,0.324,6.499,1.692675511004156,0.7285143243972366,0.28065745751481647,2.014769678319252
Malaysia,MYS,2008,1,1,3.139,101.6869,27570052.0,4.96,1.078,0.339,6.995,1.7850704810772584,0.7314058926770357,0.29192306670903545,2.0788163462859175
Malaysia,MYS,2009,1,1,3.139,101.6869,28124779.0,6.259,1.072,0.291,6.831,1.9822420783027037,0.7285143243972366,0.25541711186450544,2.0580902157688006
Malaysia,MYS,2010,1,1,3.139,101.6869,28655772.0,5.665,0.959,0.337,6.957,1.896869953630672,0.6724341389624037,0.29042829811980614,2.0740520443953976
Malaysia,MYS,2011,1,1,3.139,101.6869,29162034.0,7.712,0.917,0.337,6.977,2.1647013856306594,0.6507614640635074,0.29042829811980614,2.0765624009289927
Malaysia,MYS,2012,1,1,3.139,101.6869,29662835.0,7.375,0.915,0.337,7.18,2.12525107771113,0.6497176226326093,0.29042829811980614,2.1016921506146558
Malaysia,MYS,2013,1,1,3.139,101.6869,30174269.0,8.571,0.893,0.309,8.009,2.2587376932137695,0.6381628722271858,0.26926348692776286,2.198224077669303
Malaysia,MYS,2014,1,1,3.139,101.6869,30696133.0,8.08,0.886,0.321,7.983,2.206074192613202,0.6344581842112658,0.2783890255401883,2.1953339022470697
Malaysia,MYS,2015,1,1,3.139,101.6869,31232796.0,5.602,0.903,0.303,7.554,1.8873726334310013,0.6434315883140125,0.26466929814270806,2.1463990098047168
Malaysia,MYS,2016,1,1,3.139,101.6869,31789692.0,4.041,0.914,0.293,7.464,1.6176044751004939,0.6491952930307625,0.25696509978972043,2.1358218751159437
Malaysia,MYS,2017,1,1,3.139,101.6869,32355642.0,3.439,0.904,0.281,7.555,1.4904291258518982,0.6439569363691736,0.24764102291459722,2.1465159073441566
Malaysia,MYS,2018,1,1,3.139,101.6869,32910963.0,2.747,0.892,0.259,7.981,1.3209555198115503,0.6376344706296866,0.2303177550622101,2.1951112346888126
Malaysia,MYS,2019,1,1,3.139,101.6869,33440590.0,2.298,0.872,0.238,8.303,1.1933162241374071,0.6270073780554003,0.21349717426240436,2.230336928786422
Malaysia,MYS,2020,1,1,3.139,101.6869,33889554.0,2.01,0.83,0.241,7.736,1.1019400787607843,0.6043159668533296,0.21591750622247016,2.167452419002549
Malaysia,MYS,2021,1,1,3.139,101.6869,34282404.0,2.135,0.814,0.258,7.973,1.142629174084884,0.5955343516929449,0.2295231582782488,2.1942200683159205
Malaysia,MYS,2022,1,1,3.139,101.6869,34695494.0,1.814,0.817,0.244,8.125,1.0346069586921973,0.5971867894140341,0.2183319943169877,2.211017899468555
Malaysia,MYS,2023,1,1,3.139,101.6869,35126295.0,1.76,0.82,0.244,7.866,1.0152306797290587,0.598836501088704,0.2183319943169877,2.182223736322862
Malaysia,MYS,2024,1,1,3.139,101.6869,35557670.0,1.743,0.796,0.249,8.162,1.0090522119554661,0.5855619698800079,0.22234323114344062,2.2150644954645506
Mongolia,MNG,1961,0,0,47.8864,106.9057,1009292.0,32.185,8.356,7.455,1.38,3.5020979665978884,2.2360178487219327,2.1347579823505436,0.8671004876833833
Mongolia,MNG,1962,0,0,47.8864,106.9057,1041446.0,25.805,7.481,6.889,1.893,3.288588437279501,2.137828367379563,2.0654693841129528,1.0622940259939981
Mongolia,MNG,1963,0,0,47.8864,106.9057,1071366.0,29.15,7.246,6.755,1.495,3.4061849231731944,2.109728234284708,2.0483377966285023,0.914288729203482
Mongolia,MNG,1964,0,0,47.8864,106.9057,1100238.0,25.53,7.591,6.755,1.858,3.2782761681496484,2.1507151436559195,2.0483377966285023,1.0501220795076758
Mongolia,MNG,1965,0,0,47.8864,106.9057,1131185.0,22.97,7.564,6.651,1.73,3.176803048446293,2.1475673707274363,2.0348363582497146,1.0043016091968684
Mongolia,MNG,1966,0,0,47.8864,106.9057,1163763.0,19.938,7.625,6.582,1.678,3.0415656898971632,2.1546649629174235,2.025777017094143,0.9850702472689807
Mongolia,MNG,1967,0,0,47.8864,106.9057,1196997.0,17.086,7.266,6.302,1.797,2.8951381583182885,2.1121507160895407,1.9881482832334452,1.0285474142198225
Mongolia,MNG,1968,0,0,47.8864,106.9057,1229931.0,15.467,7.102,6.104,2.017,2.8013583782358618,2.0921109447804986,1.960658005689869,1.104262960176924
Mongolia,MNG,1969,0,0,47.8864,106.9057,1262291.0,15.025,6.741,5.81,2.125,2.7741500028067336,2.046530878222576,1.918392120161421,1.1394342831883648
Mongolia,MNG,1970,0,0,47.8864,106.9057,1295275.0,15.27,6.112,5.748,2.198,2.7893229212309465,1.9617834982116034,1.909246164683722,1.1625256144117624
Mongolia,MNG,1971,0,0,47.8864,106.9057,1330076.0,13.429,6.209,5.723,2.28,2.669240070315119,1.9753302454224415,1.9055344834868997,1.1878434223960523
Mongolia,MNG,1972,0,0,47.8864,106.9057,1366829.0,13.526,6.072,5.586,2.397,2.6759401471839763,1.9561433253353424,1.8849461839541726,1.2228926891784468
Mongolia,MNG,1973,0,0,47.8864,106.9057,1405507.0,13.224,5.997,5.476,2.47,2.654930678771549,1.9454814857637597,1.8681030358153887,1.244154593958768
Mongolia,MNG,1974,0,0,47.8864,106.9057,1446056.0,13.117,5.893,5.353,2.587,2.6473797449020626,1.9305064039035147,1.8489271422843963,1.2773161985501456
Mongolia,MNG,1975,0,0,47.8864,106.9057,1488301.0,12.431,5.965,5.299,2.724,2.597565467926938,1.940897607231769,1.840390890639792,1.3147983594148207
Mongolia,MNG,1976,0,0,47.8864,106.9057,1531953.0,16.206,5.876,5.181,2.866,2.8452581601991564,1.9280370875206028,1.8214800706771364,1.3522203807861393
Mongolia,MNG,1977,0,0,47.8864,106.9057,1576248.0,14.727,5.672,5.006,3.147,2.7553789805085884,1.8979196650564456,1.7927589695611386,1.4223851812642443
Mongolia,MNG,1978,0,0,47.8864,106.9057,1619479.0,12.755,5.467,4.827,3.559,2.621402394376538,1.8667123224644557,1.7625022881609371,1.5171033012313044
Mongolia,MNG,1979,0,0,47.8864,106.9057,1660661.0,12.313,5.492,4.789,3.78,2.58874100144978,1.8705706496523449,1.7559595650968676,1.5644405465033646
Mongolia,MNG,1980,0,0,47.8864,106.9057,1701341.0,12.347,5.373,4.694,4.029,2.5912916404920145,1.852070316332157,1.7394129888558458,1.6152211571898276
Mongolia,MNG,1981,0,0,47.8864,106.9057,1742856.0,12.13,5.099,4.549,3.795,2.574899688314705,1.8081248233143192,1.7136177313437642,1.5675737083354015
Mongolia,MNG,1982,0,0,47.8864,106.9057,1785364.0,13.342,5.056,4.497,3.76,2.6631922954603833,1.8010495161351476,1.7042024888785232,1.5602476682433286
Mongolia,MNG,1983,0,0,47.8864,106.9057,1829093.0,11.833,5.003,4.438,3.81,2.552019978262324,1.7922593442697061,1.693411346210279,1.5706970841176697
Mongolia,MNG,1984,0,0,47.8864,106.9057,1874355.0,10.866,4.811,4.26,3.428,2.4736771678364513,1.7597526730929685,1.6601310267496185,1.4879480148463904
Mongolia,MNG,1985,0,0,47.8864,106.9057,1921519.0,9.228,4.678,4.171,4.683,2.3251290574289403,1.7365990580507795,1.6430660934140844,1.7374792623149844
Mongolia,MNG,1986,0,0,47.8864,106.9057,1970967.0,9.379,4.636,4.057,4.868,2.339784533983152,1.7291745940364338,1.620773422097846,1.7695138602807354
Mongolia,MNG,1987,0,0,47.8864,106.9057,2022803.0,9.211,4.637,3.989,5.182,2.323465570573401,1.7293520090994379,1.6072354888789002,1.8216418437099247
Mongolia,MNG,1988,0,0,47.8864,106.9057,2076326.0,8.586,4.567,3.921,5.535,2.2603037007374396,1.7168563092013707,1.593511761883841,1.8771723470761852
Mongolia,MNG,1989,0,0,47.8864,106.9057,2124190.0,7.766,4.538,3.848,4.924,2.1708806019966174,1.7116334247487701,1.5785662487670133,1.7790118964055524
Mongolia,MNG,1990,0,0,47.8864,106.9057,2164578.0,7.446,4.633,3.87,4.523,2.133692956511752,1.728642159912577,1.5830939370944985,1.7089211909190505
Mongolia,MNG,1991,0,0,47.8864,106.9057,2202772.0,7.324,5.054,3.875,5.429,2.119142908531388,1.8007192105995269,1.5841201044498106,1.8608190051595497
Mongolia,MNG,1992,0,0,47.8864,106.9057,2239130.0,5.461,4.807,3.774,4.887,1.8657841045760284,1.759064086389913,1.5631845279166383,1.7727465300461243
Mongolia,MNG,1993,0,0,47.8864,106.9057,2273515.0,4.641,4.576,3.699,4.044,1.730061354757839,1.7184716734582226,1.5473497201206787,1.618199418102673
Mongolia,MNG,1994,0,0,47.8864,106.9057,2305743.0,4.22,4.394,3.598,3.411,1.6524974018945473,1.6852872247175383,1.5256214263409897,1.4841014211228027
Mongolia,MNG,1995,0,0,47.8864,106.9057,2335717.0,3.85,4.638,3.676,3.355,1.5789787049493917,1.7295293926919209,1.542443043609822,1.4713246103044662
Mongolia,MNG,1996,0,0,47.8864,106.9057,2363469.0,6.002,4.587,3.737,3.358,1.9461958225324738,1.7204424704770116,1.5554040239416147,1.472013236522428
Mongolia,MNG,1997,0,0,47.8864,106.9057,2389133.0,7.924,4.771,3.865,3.187,2.188744276570286,1.7528453757288294,1.5820667156379684,1.4319844870370062
Mongolia,MNG,1998,0,0,47.8864,106.9057,2412793.0,5.996,4.856,3.846,3.159,1.9453385571563557,1.7674667766590104,1.578153622394334,1.4252746607607745
Mongolia,MNG,1999,0,0,47.8864,106.9057,2434041.0,5.903,5.014,3.875,3.076,1.9319560997213385,1.7940900845663375,1.5841201044498106,1.4051161153604783
Mongolia,MNG,2000,0,0,47.8864,106.9057,2455182.0,8.437,5.052,3.925,3.027,2.244638133039196,1.8003887959261093,1.5943242746240522,1.393021681869317
Mongolia,MNG,2001,0,0,47.8864,106.9057,2477704.0,6.467,4.303,3.551,3.15,2.0104933120535646,1.668272698154993,1.5153469890345048,1.423108334242607
Mongolia,MNG,2002,0,0,47.8864,106.9057,2500074.0,2.948,3.485,3.275,3.279,1.3732091215712352,1.5007384955107594,1.4527841023887236,1.4537193374346797
Mongolia,MNG,2003,0,0,47.8864,106.9057,2521809.0,2.274,3.472,3.272,3.146,1.1860124789489432,1.497835735852798,1.4520821016578938,1.422144014013588
Mongolia,MNG,2004,0,0,47.8864,106.9057,2542801.0,2.186,3.298,3.2,3.343,1.1587662114878567,1.4581497982203186,1.4350845252893227,1.4685653535526848
Mongolia,MNG,2005,0,0,47.8864,106.9057,2563466.0,2.431,4.249,3.326,3.322,1.2328517638763126,1.6580375822701627,1.464643327530867,1.4637182580846944
Mongolia,MNG,2006,0,0,47.8864,106.9057,2584761.0,2.211,4.752,3.52,3.591,1.166582415107377,1.7495476204187455,1.5085119938441398,1.5240978652670851
Mongolia,MNG,2007,0,0,47.8864,106.9057,2607976.0,2.835,5.42,3.775,4.585,1.3441694348192195,1.8594181177018698,1.5633939739326936,1.720084432521164
Mongolia,MNG,2008,0,0,47.8864,106.9057,2634431.0,4.151,5.525,3.759,4.524,1.6391908705834481,1.8756409532087572,1.5600375621389735,1.7091022355470458
Mongolia,MNG,2009,0,0,47.8864,106.9057,2665333.0,3.841,6.394,3.719,4.889,1.5771213109575573,2.0006688605144403,1.5515969127442504,1.7730862039624338
Mongolia,MNG,2010,0,0,47.8864,106.9057,2701739.0,4.428,7.399,3.23,5.098,1.6915707419726227,2.12811265114349,1.4422019930581866,1.807960848566063
Mongolia,MNG,2011,0,0,47.8864,106.9057,2745183.0,4.117,8.725,3.614,7.784,1.6325683298229547,2.27469988950451,1.5290951597515618,2.172931884767175
Mongolia,MNG,2012,0,0,47.8864,106.9057,2795463.0,3.212,8.367,3.804,12.519,1.4379375942717292,2.2371928742269938,1.569448904217737,2.6040961033822683
Mongolia,MNG,2013,0,0,47.8864,106.9057,2851887.0,3.188,8.261,3.836,15.245,1.4322232930082905,2.225812034188132,1.576087932752546,2.7877851691210638
Mongolia,MNG,2014,0,0,47.8864,106.9057,2913041.0,3.131,8.854,4.071,10.171,1.4185195084146274,2.287877464121771,1.623538036812882,2.413321134588711
Mongolia,MNG,2015,0,0,47.8864,106.9057,2976528.0,2.724,8.414,4.213,7.821,1.3147983594148207,2.2421979429789505,1.6511555057859688,2.1771352422766297
Mongolia,MNG,2016,0,0,47.8864,106.9057,3040815.0,2.534,10.219,4.265,8.428,1.2624303738975047,2.4176087695628277,1.6610811455859387,2.2436839850738846
Mongolia,MNG,2017,0,0,47.8864,106.9057,3104371.0,2.397,11.423,4.347,10.997,1.2228926891784468,2.51954959323154,1.6765356559665945,2.484656618532791
Mongolia,MNG,2018,0,0,47.8864,106.9057,3167714.0,0.057,11.553,4.255,14.307,0.055434706888100586,2.5299596808360714,1.6591800043289144,2.72831024010957
Mongolia,MNG,2019,0,0,47.8864,106.9057,3232118.0,0.65,12.023,4.309,14.578,0.5007752879124893,2.566717024985566,1.6694034936015345,2.745859662497757
Mongolia,MNG,2020,0,0,47.8864,106.9057,3290786.0,0.756,10.85,4.081,12.908,0.5630384952129249,2.47232786758114,1.625508092611595,2.6324642141456147
Mongolia,MNG,2021,0,0,47.8864,106.9057,3339676.0,0.975,10.45,4.096,10.771,0.6805683983530851,2.4379897300002487,1.6284559182698621,2.4656388794303434
Mongolia,MNG,2022,0,0,47.8864,106.9057,3386015.0,0.763,9.801,4.239,11.944,0.5670169034157332,2.379638722436337,1.6561306404260827,2.560632360316136
Mongolia,MNG,2023,0,0,47.8864,106.9057,3431938.0,0.595,13.827,4.301,12.874,0.4668737362368079,2.696449843035889,1.667895482005669,2.6300165849631094
Mongolia,MNG,2024,0,0,47.8864,106.9057,3475541.0,0.451,12.206,4.26,12.86,0.3722529739020508,2.5806712717723794,1.6601310267496185,2.6290069937617573
Myanmar,MMR,1961,1,1,19.7633,96.0785,22210580.0,3.836,1.459,0.22,0.117,1.576087932752546,0.8997547632340556,0.1988508587451652,0.11064652008706366
Myanmar,MMR,1962,1,1,19.7633,96.0785,22704722.0,3.427,1.511,0.219,0.127,1.487722153750004,0.9206810801754479,0.19803085049913446,0.11955923505763925
Myanmar,MMR,1963,1,1,19.7633,96.0785,23213406.0,3.718,1.55,0.226,0.113,1.5513849809854834,0.9360933591703348,0.20375683751401966,0.10705907229340778
Myanmar,MMR,1964,1,1,19.7633,96.0785,23737316.0,2.895,1.573,0.234,0.12,1.3596936793227117,0.945072533299607,0.21026092548319608,0.11332868530700317
Myanmar,MMR,1965,1,1,19.7633,96.0785,24279437.0,3.624,1.54,0.234,0.112,1.5312601313700764,0.9321640810304452,0.21026092548319608,0.10616019582839063
Myanmar,MMR,1966,1,1,19.7633,96.0785,24836494.0,2.997,1.442,0.222,0.113,1.3855440797291865,0.8928173756885129,0.20048886074940359,0.10705907229340778
Myanmar,MMR,1967,1,1,19.7633,96.0785,25406432.0,2.562,1.465,0.227,0.142,1.27032218486747,0.9021918074946534,0.2045721657287744,0.13278111123381847
Myanmar,MMR,1968,1,1,19.7633,96.0785,25989669.0,2.334,1.467,0.23,0.113,1.2041727843286023,0.9030028375472197,0.20701416938432612,0.10705907229340778
Myanmar,MMR,1969,1,1,19.7633,96.0785,26585110.0,24.281,1.425,0.232,0.121,3.230053125458326,0.8858315243894466,0.20863886511132804,0.11422114409002286
Myanmar,MMR,1970,1,1,19.7633,96.0785,27193015.0,13.379,1.439,0.246,0.17,2.6657688088456037,0.8915881192337832,0.2199384203652614,0.15700374880966475
Myanmar,MMR,1971,1,1,19.7633,96.0785,27807215.0,8.999,1.405,0.24,0.183,2.302485087993712,0.8775499035577246,0.2151113796169455,0.16805358499624973
Myanmar,MMR,1972,1,1,19.7633,96.0785,28428330.0,5.924,1.356,0.241,0.172,1.934993637313963,0.8569652657893403,0.21591750622247016,0.15871169115482087
Myanmar,MMR,1973,1,1,19.7633,96.0785,29026390.0,4.521,1.409,0.249,0.141,1.7085590033019076,0.8792117236327344,0.22234323114344062,0.13190507087993858
Myanmar,MMR,1974,1,1,19.7633,96.0785,29598163.0,3.728,1.376,0.236,0.158,1.5535022801037972,0.8654184015003984,0.211880359035499,0.1466943791508035
Myanmar,MMR,1975,1,1,19.7633,96.0785,30176563.0,3.206,1.38,0.237,0.152,1.436512077280508,0.8671004876833833,0.21268909341035083,0.1414995622736995
Myanmar,MMR,1976,1,1,19.7633,96.0785,30758818.0,2.762,1.347,0.235,0.159,1.3249507308788386,0.8531379168688864,0.2110709700799405,0.14755756435761466
Myanmar,MMR,1977,1,1,19.7633,96.0785,31355968.0,2.534,1.333,0.241,0.165,1.2624303738975047,0.8471549930392929,0.21591750622247016,0.1527210870176639
Myanmar,MMR,1978,1,1,19.7633,96.0785,31972974.0,2.336,1.344,0.25,0.161,1.2047724844965002,0.8518588717147663,0.22314355131420976,0.14928170271575444
Myanmar,MMR,1979,1,1,19.7633,96.0785,32596552.0,2.144,1.261,0.247,0.156,1.1454958745669601,0.8158071932958327,0.2207406666978994,0.14496577025018573
Myanmar,MMR,1980,1,1,19.7633,96.0785,33227204.0,2.129,1.303,0.256,0.166,1.1407134646867452,0.8342126208385481,0.22793206804600694,0.15357908792830063
Myanmar,MMR,1981,1,1,19.7633,96.0785,33858786.0,2.009,1.297,0.262,0.166,1.1016077976479082,0.8316039237069611,0.23269776411902143,0.15357908792830063
Myanmar,MMR,1982,1,1,19.7633,96.0785,34482967.0,1.892,1.261,0.276,0.162,1.0619483042965183,0.8158071932958327,0.24373018492259815,0.1501426584297195
Myanmar,MMR,1983,1,1,19.7633,96.0785,35162714.0,1.762,1.274,0.295,0.164,1.0159550549871004,0.8215403953283443,0.25851069515150105,0.15186234930924608
Myanmar,MMR,1984,1,1,19.7633,96.0785,35899313.0,1.621,1.237,0.28,0.182,0.9635559243412692,0.8051356825079926,0.2468600779315258,0.16720791898390644
Myanmar,MMR,1985,1,1,19.7633,96.0785,36622832.0,1.491,1.237,0.277,0.182,0.9126842362800434,0.8051356825079926,0.24451357705040225,0.16720791898390644
Myanmar,MMR,1986,1,1,19.7633,96.0785,37314882.0,1.35,1.216,0.273,0.181,0.8544153281560676,0.7957037688850374,0.24137631957526948,0.16636153721522526
Myanmar,MMR,1987,1,1,19.7633,96.0785,37971601.0,1.218,1.188,0.267,0.13,0.7966058889281753,0.7829878845597348,0.23665190133900202,0.12221763272424921
Myanmar,MMR,1988,1,1,19.7633,96.0785,38600928.0,1.249,1.172,0.263,0.106,0.8104856729771787,0.775648402071689,0.23348984336835407,0.10074990310014305
Myanmar,MMR,1989,1,1,19.7633,96.0785,39214624.0,1.301,1.132,0.237,0.113,0.8333438110532287,0.7570605063035981,0.21268909341035083,0.10705907229340778
Myanmar,MMR,1990,1,1,19.7633,96.0785,39817253.0,1.459,1.12,0.238,0.106,0.8997547632340556,0.7514160886839212,0.21349717426240436,0.10074990310014305
Myanmar,MMR,1991,1,1,19.7633,96.0785,40394159.0,1.493,1.084,0.237,0.102,0.9134868045414208,0.7342891238911206,0.21268909341035083,0.09712671073072274
Myanmar,MMR,1992,1,1,19.7633,96.0785,40950342.0,1.697,1.135,0.241,0.118,0.9921400441575929,0.7584666466805878,0.21591750622247016,0.11154137473290741
Myanmar,MMR,1993,1,1,19.7633,96.0785,41502423.0,1.586,1.152,0.243,0.128,0.9501122803496658,0.766397642299538,0.21752781252857406,0.12044615307586716
Myanmar,MMR,1994,1,1,19.7633,96.0785,42055150.0,1.857,1.164,0.253,0.147,1.0497721232486361,0.7719583609842351,0.22554067591393126,0.13714983814723364
Myanmar,MMR,1995,1,1,19.7633,96.0785,42605343.0,1.798,1.191,0.256,0.162,1.0289048762432895,0.7843580606133295,0.22793206804600694,0.1501426584297195
Myanmar,MMR,1996,1,1,19.7633,96.0785,43154858.0,1.774,1.162,0.257,0.167,1.0202903218926398,0.7710337192170165,0.22872792960811036,0.15443635330441893
Myanmar,MMR,1997,1,1,19.7633,96.0785,43708802.0,1.72,1.119,0.254,0.17,1.000631880307906,0.750944279286162,0.22633844221072896,0.15700374880966475
Myanmar,MMR,1998,1,1,19.7633,96.0785,44257793.0,2.281,1.123,0.256,0.182,1.1881482539789647,0.752830182721119,0.22793206804600694,0.16720791898390644
Myanmar,MMR,1999,1,1,19.7633,96.0785,44787727.0,2.616,1.19,0.261,0.199,1.28536844252993,0.7839015438284094,0.23190505698278252,0.1814878760453772
Myanmar,MMR,2000,1,1,19.7633,96.0785,45290850.0,2.59,1.201,0.266,0.226,1.2781522025001875,0.7889118025443247,0.23586232372198446,0.20375683751401966
Myanmar,MMR,2001,1,1,19.7633,96.0785,45771140.0,2.289,1.215,0.255,0.193,1.19058356720692,0.795252403497099,0.22713557258374723,0.17647114311577908
Myanmar,MMR,2002,1,1,19.7633,96.0785,46232656.0,2.26,1.216,0.249,0.202,1.1817271953786161,0.7957037688850374,0.22234323114344062,0.18398683611301583
Myanmar,MMR,2003,1,1,19.7633,96.0785,46667191.0,2.521,1.243,0.27,0.214,1.2587450401729154,0.8078142555380713,0.23901690047049992,0.19392069263730652
Myanmar,MMR,2004,1,1,19.7633,96.0785,47068779.0,2.734,1.269,0.292,0.267,1.3174800451195308,0.8193392057977046,0.2561914053604101,0.23665190133900202
Myanmar,MMR,2005,1,1,19.7633,96.0785,47438362.0,3.418,1.317,0.28,0.243,1.4856871049979254,0.8402732454502392,0.2468600779315258,0.21752781252857406
Myanmar,MMR,2006,1,1,19.7633,96.0785,47785141.0,3.971,1.383,0.288,0.268,1.6036210271125355,0.868360198116605,0.25309062768216184,0.2374408560150342
Myanmar,MMR,2007,1,1,19.7633,96.0785,48125047.0,4.038,1.406,0.308,0.267,1.6170091779304185,0.8779656175524871,0.26849925303500694,0.23665190133900202
Myanmar,MMR,2008,1,1,19.7633,96.0785,48390790.0,3.753,1.418,0.296,0.202,1.5587759976318725,0.8829407521926009,0.25928259793008296,0.18398683611301583
Myanmar,MMR,2009,1,1,19.7633,96.0785,48660458.0,3.26,1.429,0.314,0.21,1.449269160281279,0.8874796500200355,0.27307592006241876,0.1906203596086497
Myanmar,MMR,2010,1,1,19.7633,96.0785,49024376.0,2.882,1.439,0.322,0.268,1.3563504847468186,0.8915881192337832,0.27914574142949455,0.2374408560150342
Myanmar,MMR,2011,1,1,19.7633,96.0785,49419825.0,2.517,1.395,0.318,0.306,1.2576083534918454,0.8733832308628786,0.27611543608031547,0.26696903085423934
Myanmar,MMR,2012,1,1,19.7633,96.0785,49837451.0,2.455,1.378,0.331,0.237,1.2398224572196332,0.86625979826859,0.2859305394129746,0.21268909341035083
Myanmar,MMR,2013,1,1,19.7633,96.0785,50262658.0,2.317,1.382,0.341,0.253,1.1990607599649155,0.8679404709331083,0.2934156042995415,0.22554067591393126
Myanmar,MMR,2014,1,1,19.7633,96.0785,50681635.0,2.373,1.394,0.361,0.313,1.2158025560795132,0.8729656071357814,0.30821972366932904,0.27231459532065916
Myanmar,MMR,2015,1,1,19.7633,96.0785,51089060.0,2.24,1.415,0.359,0.428,1.1755733298042381,0.881699287104536,0.30674913516900665,0.35627486391739266
Myanmar,MMR,2016,1,1,19.7633,96.0785,51495701.0,2.247,1.427,0.363,0.411,1.1777314931207088,0.8866559267444644,0.30968815271439554,0.34429867287067695
Myanmar,MMR,2017,1,1,19.7633,96.0785,51894939.0,2.077,1.467,0.398,0.455,1.1239550963399048,0.9030028375472197,0.3350426438116185,0.37500590062345585
Myanmar,MMR,2018,1,1,19.7633,96.0785,52272250.0,1.755,1.117,0.264,0.651,1.0134174426048779,0.7499999921527281,0.2342812957246657,0.501381164937991
Myanmar,MMR,2019,1,1,19.7633,96.0785,52640718.0,1.621,1.103,0.276,0.639,0.9635559243412692,0.7433648967205627,0.24373018492259815,0.49408629976169266
Myanmar,MMR,2020,1,1,19.7633,96.0785,53016525.0,1.539,1.099,0.297,0.652,0.9317703027225414,0.741461040838496,0.26005390533430683,0.5019866750987864
Myanmar,MMR,2021,1,1,19.7633,96.0785,53387103.0,1.471,1.115,0.279,0.549,0.9046229270064731,0.7490548124982412,0.24607852259670565,0.4376095614347316
Myanmar,MMR,2022,1,1,19.7633,96.0785,53756791.0,1.43,1.092,0.244,0.589,0.8878912573524571,0.7381205462026765,0.2183319943169877,0.4631048875545789
Myanmar,MMR,2023,1,1,19.7633,96.0785,54133800.0,1.393,1.023,0.229,0.587,0.8725478089262363,0.7045815581856084,0.20620083058389777,0.461845441544272
Myanmar,MMR,2024,1,1,19.7633,96.0785,54500086.0,1.363,1.037,0.221,0.58,0.8599319982047707,0.7114781372446687,0.19967019512856762,0.4574248470388754
Nepal,NPL,1961,0,1,27.7172,85.324,10318399.0,1.576,1.194,0.202,0.008,0.9462378082421072,0.7857263618530385,0.18398683611301583,0.007968169649176874
Nepal,NPL,1962,0,1,27.7172,85.324,10521122.0,1.652,1.18,0.201,0.008,0.975314072323616,0.7793248768009976,0.1831545430978465,0.007968169649176874
Nepal,NPL,1963,0,1,27.7172,85.324,10729818.0,1.495,1.179,0.201,0.009,0.914288729203482,0.7788660559624828,0.1831545430978465,0.008959741371471904
Nepal,NPL,1964,0,1,27.7172,85.324,10946389.0,1.472,1.165,0.199,0.014,0.9050275395954444,0.7724203614544531,0.1814878760453772,0.013902905168991422
Nepal,NPL,1965,0,1,27.7172,85.324,11173411.0,1.448,1.155,0.198,0.016,0.8952713646500796,0.7677907235557111,0.1806534996932576,0.01587334915629015
Nepal,NPL,1966,0,1,27.7172,85.324,11408714.0,1.608,1.128,0.194,0.017,0.9585836440644065,0.7551825714793979,0.17730901497041035,0.0168571170664229
Nepal,NPL,1967,0,1,27.7172,85.324,11652717.0,1.49,1.137,0.194,0.018,0.9122827104766162,0.7594029763370106,0.17730901497041035,0.017839918128331
Nepal,NPL,1968,0,1,27.7172,85.324,11906275.0,1.432,1.131,0.194,0.021,0.8887139641039206,0.7565913531164801,0.17730901497041035,0.020782539182528505
Nepal,NPL,1969,0,1,27.7172,85.324,12167032.0,3.019,1.124,0.194,0.033,1.391033115467064,0.7533011033796925,0.17730901497041035,0.032467190137501496
Nepal,NPL,1970,0,1,27.7172,85.324,12436191.0,2.002,1.119,0.195,0.018,1.0992787332112701,0.750944279286162,0.178146185383474,0.017839918128331
Nepal,NPL,1971,0,1,27.7172,85.324,12710069.0,2.995,1.117,0.195,0.016,1.385043579218238,0.7499999921527281,0.178146185383474,0.01587334915629015
Nepal,NPL,1972,0,1,27.7172,85.324,12989103.0,3.475,1.104,0.194,0.021,1.4985063517268187,0.7438402948754634,0.17730901497041035,0.020782539182528505
Nepal,NPL,1973,0,1,27.7172,85.324,13275240.0,2.692,1.114,0.196,0.032,1.3061683166406057,0.748581887448046,0.17898265552844,0.03149866705937099
Nepal,NPL,1974,0,1,27.7172,85.324,13568436.0,2.318,1.115,0.196,0.031,1.1993621917682529,0.7490548124982412,0.17898265552844,0.030529205034822874
Nepal,NPL,1975,0,1,27.7172,85.324,13870692.0,2.15,1.125,0.197,0.025,1.1474024528375417,0.7537718023763802,0.1798184265758361,0.0246926125903715
Nepal,NPL,1976,0,1,27.7172,85.324,14177650.0,2.023,1.126,0.197,0.02,1.106249715797321,0.7542422799197561,0.1798184265758361,0.019802627296179712
Nepal,NPL,1977,0,1,27.7172,85.324,14499175.0,1.964,1.131,0.198,0.023,1.0865397074338405,0.7565913531164801,0.1806534996932576,0.02273948696948943
Nepal,NPL,1978,0,1,27.7172,85.324,14839704.0,1.851,1.127,0.198,0.022,1.0476698099305348,0.7547125362181002,0.1806534996932576,0.02176149178151269
Nepal,NPL,1979,0,1,27.7172,85.324,15190601.0,1.681,1.114,0.196,0.034,0.9861898592538223,0.748581887448046,0.17898265552844,0.03343477608623739
Nepal,NPL,1980,0,1,27.7172,85.324,15553106.0,1.423,1.13,0.2,0.035,0.8850064418343887,0.7561219797213337,0.18232155679395465,0.0344014267173324
Nepal,NPL,1981,0,1,27.7172,85.324,15922422.0,1.342,1.114,0.198,0.028,0.8510052651755257,0.748581887448046,0.1806534996932576,0.027615167032973367
Nepal,NPL,1982,0,1,27.7172,85.324,16297996.0,1.276,1.077,0.194,0.027,0.8224195162640845,0.7309245448939752,0.17730901497041035,0.02664193094642118
Nepal,NPL,1983,0,1,27.7172,85.324,16689121.0,1.245,1.08,0.199,0.03,0.8087055211942177,0.7323678937132266,0.1814878760453772,0.0295588022415444
Nepal,NPL,1984,0,1,27.7172,85.324,17085243.0,1.182,1.071,0.198,0.041,0.7802418874108791,0.7280315824134471,0.1806534996932576,0.04018178963283183
Nepal,NPL,1985,0,1,27.7172,85.324,17477694.0,1.171,1.054,0.196,0.039,0.7751878908961548,0.7197891115063665,0.17898265552844,0.03825871211709034
Nepal,NPL,1986,0,1,27.7172,85.324,17868128.0,1.109,1.031,0.193,0.039,0.7462139014966376,0.7085282825982476,0.17647114311577908,0.03825871211709034
Nepal,NPL,1987,0,1,27.7172,85.324,18250512.0,1.051,1.03,0.196,0.047,0.7183274790902435,0.708035793053696,0.17898265552844,0.045928931888399804
Nepal,NPL,1988,0,1,27.7172,85.324,18638660.0,1.007,1.019,0.198,0.052,0.696641069814201,0.7026023393307004,0.1806534996932576,0.050693114315518116
Nepal,NPL,1989,0,1,27.7172,85.324,19057811.0,0.964,1.0,0.198,0.047,0.6749832099322741,0.6931471805599453,0.1806534996932576,0.045928931888399804
Nepal,NPL,1990,0,1,27.7172,85.324,19524579.0,0.907,0.984,0.197,0.037,0.645531326618282,0.6851150088626811,0.1798184265758361,0.036331929247390274
Nepal,NPL,1991,0,1,27.7172,85.324,20036507.0,0.891,0.937,0.193,0.051,0.6371057896763205,0.6611403844248589,0.17647114311577908,0.04974209189481407
Nepal,NPL,1992,0,1,27.7172,85.324,20609708.0,0.848,0.942,0.191,0.06,0.6141039732194924,0.6637183698691331,0.17479329037316305,0.058268908123975775
Nepal,NPL,1993,0,1,27.7172,85.324,21180158.0,0.821,0.911,0.185,0.066,0.5993858007454709,0.647626665258136,0.1697427745870945,0.0639133257436528
Nepal,NPL,1994,0,1,27.7172,85.324,21717483.0,0.849,0.931,0.193,0.075,0.6146449524049877,0.6580380034463774,0.17647114311577908,0.07232066157962612
Nepal,NPL,1995,0,1,27.7172,85.324,22245443.0,0.711,0.934,0.195,0.104,0.5370779949100564,0.6595903970311026,0.178146185383474,0.09893994785490356
Nepal,NPL,1996,0,1,27.7172,85.324,22741867.0,0.626,0.925,0.192,0.103,0.48612301112561884,0.6549259677397475,0.17563256864315802,0.09803374027136541
Nepal,NPL,1997,0,1,27.7172,85.324,23219458.0,0.554,0.918,0.191,0.114,0.4408322519454557,0.6512829764612464,0.17479329037316305,0.10795714150509228
Nepal,NPL,1998,0,1,27.7172,85.324,23680358.0,0.828,0.914,0.192,0.094,0.6032224730319582,0.6491952930307625,0.17563256864315802,0.08984070399978947
Nepal,NPL,1999,0,1,27.7172,85.324,24125201.0,0.579,0.906,0.187,0.132,0.45679173527350503,0.6450068052320104,0.171429115627531,0.1239859797809912
Nepal,NPL,2000,0,1,27.7172,85.324,24546509.0,0.779,0.896,0.184,0.124,0.5760514086836981,0.6397464038328301,0.16889853646181394,0.11689375147149933
Nepal,NPL,2001,0,1,27.7172,85.324,24946755.0,0.751,0.896,0.183,0.13,0.5601870533037148,0.6397464038328301,0.16805358499624973,0.12221763272424921
Nepal,NPL,2002,0,1,27.7172,85.324,25328989.0,0.766,0.893,0.174,0.103,0.5687171021817683,0.6381628722271858,0.16041672140590468,0.09803374027136541
Nepal,NPL,2003,0,1,27.7172,85.324,25688762.0,0.864,0.898,0.174,0.109,0.6227247162633994,0.6408007001877362,0.16041672140590468,0.10345870836822998
Nepal,NPL,2004,0,1,27.7172,85.324,26016652.0,0.812,0.894,0.175,0.099,0.5944312076207876,0.6386909947638865,0.16126814759612226,0.09440067542148431
Nepal,NPL,2005,0,1,27.7172,85.324,26309462.0,0.813,0.899,0.175,0.114,0.594982931772714,0.6413274318301488,0.16126814759612226,0.10795714150509228
Nepal,NPL,2006,0,1,27.7172,85.324,26565430.0,0.737,0.89,0.175,0.092,0.5521594872589679,0.636576829071551,0.16126814759612226,0.0880108773227133
Nepal,NPL,2007,0,1,27.7172,85.324,26788498.0,0.707,0.911,0.178,0.096,0.5347374438123036,0.647626665258136,0.16381808522939495,0.0916671885258238
Nepal,NPL,2008,0,1,27.7172,85.324,26990036.0,0.702,0.919,0.182,0.124,0.5318040301511824,0.6518042170255629,0.16720791898390644,0.11689375147149933
Nepal,NPL,2009,0,1,27.7172,85.324,27173035.0,0.656,0.923,0.19,0.152,0.504405055963068,0.6538864666066427,0.173953307123438,0.1414995622736995
Nepal,NPL,2010,0,1,27.7172,85.324,27341955.0,0.655,0.934,0.198,0.177,0.5038010088290262,0.6595903970311026,0.1806534996932576,0.16296882827813966
Nepal,NPL,2011,0,1,27.7172,85.324,27464499.0,0.516,0.949,0.205,0.19,0.41607528722017995,0.6673164205254237,0.1864795669426183,0.173953307123438
Nepal,NPL,2012,0,1,27.7172,85.324,27534916.0,0.383,0.93,0.204,0.199,0.32425505268262117,0.6575200029167942,0.1856493468866293,0.1814878760453772
Nepal,NPL,2013,0,1,27.7172,85.324,27589997.0,0.257,0.958,0.217,0.225,0.22872792960811036,0.6719235441083187,0.19638881400539013,0.20294084399669032
Nepal,NPL,2014,0,1,27.7172,85.324,27672373.0,0.236,0.948,0.222,0.274,0.211880359035499,0.6668032052203433,0.20048886074940359,0.24216155714997162
Nepal,NPL,2015,0,1,27.7172,85.324,27823631.0,0.36,0.938,0.219,0.248,0.3074846997479606,0.6616565134685745,0.19803085049913446,0.22154226994723591
Nepal,NPL,2016,0,1,27.7172,85.324,27955471.0,0.406,0.963,0.234,0.361,0.3407487933884732,0.674473915294324,0.21026092548319608,0.30821972366932904
Nepal,NPL,2017,0,1,27.7172,85.324,28011258.0,0.391,0.957,0.228,0.443,0.33002291294130587,0.6714126884139392,0.20538682972495073,0.36672427979173383
Nepal,NPL,2018,0,1,27.7172,85.324,28079688.0,0.313,0.969,0.241,0.5,0.27231459532065916,0.6775257996569884,0.21591750622247016,0.4054651081081644
Nepal,NPL,2019,0,1,27.7172,85.324,28414066.0,0.324,0.963,0.241,0.449,0.28065745751481647,0.674473915294324,0.21591750622247016,0.3708736633385453
Nepal,NPL,2020,0,1,27.7172,85.324,28966580.0,0.323,0.955,0.242,0.54,0.27990188513281866,0.6703901934373291,0.21672298351128702,0.43178241642553783
Nepal,NPL,2021,0,1,27.7172,85.324,29475016.0,0.313,0.943,0.242,0.525,0.27231459532065916,0.664233170395303,0.21672298351128702,0.42199441005937494
Nepal,NPL,2022,0,1,27.7172,85.324,29715435.0,0.293,0.931,0.229,0.593,0.25696509978972043,0.6580380034463774,0.20620083058389777,0.46561903092791146
Nepal,NPL,2023,0,1,27.7172,85.324,29694614.0,0.267,0.936,0.235,0.618,0.23665190133900202,0.6606239888543853,0.2110709700799405,0.4811908186362999
Nepal,NPL,2024,0,1,27.7172,85.324,29651054.0,0.228,0.941,0.235,0.633,0.20538682972495073,0.6632033041868731,0.2110709700799405,0.49041881398832804
New Zealand,NZL,1961,0,0,-41.2866,174.7756,2429744.0,7.226,11.319,4.47,4.838,2.1072998698082324,2.511142785979837,1.6992786164338898,1.764388272431923
New Zealand,NZL,1962,0,0,-41.2866,174.7756,2484403.0,6.582,11.277,4.439,4.507,2.025777017094143,2.5077275931987026,1.6935952204408238,1.7060200102803444
New Zealand,NZL,1963,0,0,-41.2866,174.7756,2538117.0,6.716,11.306,4.436,4.813,2.0432960950434826,2.5100869483182984,1.6930434962888972,1.7600967887192134
New Zealand,NZL,1964,0,0,-41.2866,174.7756,2588770.0,4.921,11.264,4.413,5.057,1.7785053535496391,2.506668141569513,1.688803467814841,1.8012146279988102
New Zealand,NZL,1965,0,0,-41.2866,174.7756,2636493.0,5.334,11.389,4.478,5.191,1.845931948116448,2.5168089821336017,1.7007400708408864,1.823096624537095
New Zealand,NZL,1966,0,0,-41.2866,174.7756,2682589.0,4.9,11.831,4.67,5.219,1.7749523509116738,2.5518641179128814,1.7351891177396608,1.8276091221217523
New Zealand,NZL,1967,0,0,-41.2866,174.7756,2723417.0,5.151,12.252,4.845,5.004,1.8166146702262311,2.5841484844376494,1.7655865949240317,1.7924259137712155
New Zealand,NZL,1968,0,0,-41.2866,174.7756,2754522.0,4.394,12.558,4.944,4.891,1.6852872247175383,2.606976779008774,1.7823823074154581,1.7734257625395502
New Zealand,NZL,1969,0,0,-41.2866,174.7756,2784399.0,4.311,12.689,4.957,5.12,1.669780141440262,2.6165925906133753,1.7845669986465504,1.8115620965242347
New Zealand,NZL,1970,0,0,-41.2866,174.7756,2822184.0,3.813,12.67,4.936,5.024,1.5713205903209724,2.6152036507358583,1.7810355058650793,1.7957514904975924
New Zealand,NZL,1971,0,0,-41.2866,174.7756,2867168.0,12.122,11.933,4.634,5.249,2.574290210922686,2.5597821844331072,1.7288196694541809,1.8324214509469445
New Zealand,NZL,1972,0,0,-41.2866,174.7756,2919263.0,5.832,12.153,4.823,5.546,1.9216174564862687,2.5766498694866415,1.761815592854983,1.8788541760789887
New Zealand,NZL,1973,0,0,-41.2866,174.7756,2978989.0,5.524,11.76,4.626,6.11,1.8754876847587674,2.546315277916644,1.727398710067665,1.9615022438151495
New Zealand,NZL,1974,0,0,-41.2866,174.7756,3041223.0,12.824,11.647,4.56,6.169,2.6264062120617,2.537420032897839,1.715598108262491,1.9697661748707351
New Zealand,NZL,1975,0,0,-41.2866,174.7756,3094039.0,13.128,11.428,4.445,5.905,2.648158643861604,2.519951991530801,1.694697756384924,1.9322457868612555
New Zealand,NZL,1976,0,0,-41.2866,174.7756,3126639.0,6.943,11.266,4.411,6.156,2.072291037650995,2.506831207203792,1.688433918660598,1.9679511656464728
New Zealand,NZL,1977,0,0,-41.2866,174.7756,3140129.0,10.038,11.265,4.437,6.469,2.4013438650173096,2.5067496777104528,1.6932274381637837,2.0107611213749297
New Zealand,NZL,1978,0,0,-41.2866,174.7756,3142245.0,6.985,11.368,4.494,5.736,2.077564781666976,2.5151124918450662,1.703656587673082,1.9074662769400255
New Zealand,NZL,1979,0,0,-41.2866,174.7756,3141596.0,8.61,11.209,4.456,5.25,2.262804222982201,2.5021733846867185,1.696715920541161,1.8325814637483102
New Zealand,NZL,1980,0,0,-41.2866,174.7756,3146325.0,18.22,11.771,4.68,5.556,2.9559514035421466,2.547176975514125,1.7369512327330598,1.8803806608815832
New Zealand,NZL,1981,0,0,-41.2866,174.7756,3159844.0,7.559,11.757,4.688,5.241,2.1469833608994726,2.546080140556153,1.7383586925009398,1.831140425951906
New Zealand,NZL,1982,0,0,-41.2866,174.7756,3185129.0,6.269,11.674,4.68,5.736,1.9836187305024984,2.5395526509013253,1.7369512327330598,1.9074662769400255
New Zealand,NZL,1983,0,0,-41.2866,174.7756,3219281.0,5.614,11.464,4.635,5.591,1.889188614559601,2.5228444891283925,1.7289971474917396,1.885705082070583
New Zealand,NZL,1984,0,0,-41.2866,174.7756,3249828.0,5.566,11.457,4.582,5.95,1.881904819079401,2.5222827139039556,1.7195471351141305,1.9387416595767009
New Zealand,NZL,1985,0,0,-41.2866,174.7756,3268030.0,4.822,11.402,4.517,6.688,1.7616438453234315,2.517857749927686,1.7078342342902937,2.0396606716679915
New Zealand,NZL,1986,0,0,-41.2866,174.7756,3281510.0,4.996,11.575,4.551,6.993,1.7910925802403515,2.531710715985803,1.7139780917080243,2.078566158643882
New Zealand,NZL,1987,0,0,-41.2866,174.7756,3299443.0,3.936,11.148,4.379,7.324,1.5965552866030868,2.4971645471835022,1.6825024832911055,2.119142908531388
New Zealand,NZL,1988,0,0,-41.2866,174.7756,3316026.0,3.273,11.182,4.356,7.674,1.4523161566618878,2.4999594524142927,1.6782174278289261,2.1603300454131746
New Zealand,NZL,1989,0,0,-41.2866,174.7756,3333822.0,3.267,10.807,4.167,7.635,1.4509110042058628,2.468692575924973,1.6422922493050476,2.155823711598642
New Zealand,NZL,1990,0,0,-41.2866,174.7756,3396981.0,2.923,10.638,4.063,7.504,1.3668566672274156,2.454275606234478,1.6219591929877721,2.1405366410396467
New Zealand,NZL,1991,0,0,-41.2866,174.7756,3480933.0,3.001,10.267,3.896,7.518,1.386544329875098,2.421878099182029,1.588418545210025,2.1421815715010215
New Zealand,NZL,1992,0,0,-41.2866,174.7756,3532246.0,3.109,10.01,3.802,7.971,1.4131796899012727,2.3988039507345884,1.5690324977990615,2.1939971525771464
New Zealand,NZL,1993,0,0,-41.2866,174.7756,3573609.0,2.838,9.947,3.727,7.764,1.344951397585508,2.3930654461224203,1.5532907518110992,2.17065242173322
New Zealand,NZL,1994,0,0,-41.2866,174.7756,3621030.0,3.332,10.106,3.815,7.701,1.466029329138744,2.4074855028194153,1.5717360452500888,2.1634379615838872
New Zealand,NZL,1995,0,0,-41.2866,174.7756,3674434.0,2.499,10.153,3.861,7.617,1.252477213385551,2.4117085200123998,1.5812441780633184,2.1537369962576296
New Zealand,NZL,1996,0,0,-41.2866,174.7756,3729383.0,2.445,9.892,3.679,7.853,1.236923904465622,2.3880285748115133,1.5430844118840792,2.180756384628912
New Zealand,NZL,1997,0,0,-41.2866,174.7756,3776950.0,2.957,9.857,3.617,8.277,1.3754861624032872,2.384810033249715,1.529745143524852,2.2275382186711346
New Zealand,NZL,1998,0,0,-41.2866,174.7756,3811376.0,3.841,9.57,3.498,7.828,1.5771213109575573,2.3580197998821464,1.503632853537124,2.17792848839449
New Zealand,NZL,1999,0,0,-41.2866,174.7756,3835561.0,4.189,9.597,3.573,8.198,1.6465410003856027,2.360570942192699,1.5201694446759182,2.218986069117732
New Zealand,NZL,2000,0,0,-41.2866,174.7756,3857576.0,4.003,9.38,3.537,8.353,1.610037732506068,2.3398808777377424,1.512266000681827,2.235697147452414
New Zealand,NZL,2001,0,0,-41.2866,174.7756,3891763.0,5.953,9.402,3.541,8.828,1.9391732211168808,2.3419980953508808,1.513147252115814,2.2852354546589324
New Zealand,NZL,2002,0,0,-41.2866,174.7756,3951116.0,3.63,9.473,3.555,8.737,1.5325568680981427,2.348800516791009,1.5162255307119217,2.275933061996619
New Zealand,NZL,2003,0,0,-41.2866,174.7756,4022585.0,4.747,9.333,3.576,9.004,1.7486779795256044,2.335342657232218,1.5208252540774967,2.3029850130153724
New Zealand,NZL,2004,0,0,-41.2866,174.7756,4083912.0,3.116,9.224,3.529,8.768,1.4148818179718032,2.324737897635179,1.510501164574077,2.2791117368084035
New Zealand,NZL,2005,0,0,-41.2866,174.7756,4135002.0,2.352,9.133,3.502,9.045,1.2095571826198366,2.3157974244661803,1.5045217424845405,2.3070749982668977
New Zealand,NZL,2006,0,0,-41.2866,174.7756,4181943.0,4.57,9.154,3.419,8.92,1.7173950539391927,2.3178677165252024,1.485913426148603,2.2945529212967815
New Zealand,NZL,2007,0,0,-41.2866,174.7756,4223270.0,3.255,8.991,3.351,8.615,1.4480947620253375,2.3016846877508814,1.470405703738543,2.263324379040743
New Zealand,NZL,2008,0,0,-41.2866,174.7756,4261819.0,5.506,8.662,3.226,8.796,1.8727248280511597,2.268200666132215,1.441255919193865,2.2819741390899213
New Zealand,NZL,2009,0,0,-41.2866,174.7756,4304304.0,3.519,8.687,3.135,8.037,1.5082907304291426,2.270784780444248,1.4194873284756546,2.2013272609198187
New Zealand,NZL,2010,0,0,-41.2866,174.7756,4347766.0,3.195,8.646,3.15,8.001,1.4338933399191696,2.2665433216467803,1.423108334242607,2.1973356822749484
New Zealand,NZL,2011,0,0,-41.2866,174.7756,4382699.0,4.013,8.6,3.145,7.813,1.6120345382813663,2.2617630984737906,1.4219027885872584,2.1762279041175234
New Zealand,NZL,2012,0,0,-41.2866,174.7756,4411682.0,3.771,8.595,3.155,8.142,1.56255592653397,2.261242129459663,1.4243124283074116,2.2128791799095526
New Zealand,NZL,2013,0,0,-41.2866,174.7756,4453857.0,4.51,8.381,3.12,7.908,1.706564623164823,2.238686367143814,1.415853163361435,2.1869497493951213
New Zealand,NZL,2014,0,0,-41.2866,174.7756,4522976.0,3.621,8.355,3.124,7.827,1.5306111318881293,2.235910959726053,1.4168235661547135,2.1778152060380958
New Zealand,NZL,2015,0,0,-41.2866,174.7756,4614035.0,3.569,7.977,3.026,7.76,1.5192943625811344,2.1946657507745515,1.3927733272175997,2.1701959049483
New Zealand,NZL,2016,0,0,-41.2866,174.7756,4714768.0,3.474,7.853,2.951,7.24,1.498282863067938,2.180756384628912,1.3739687114292538,2.1090003439213802
New Zealand,NZL,2017,0,0,-41.2866,174.7756,4812749.0,3.725,7.66,2.901,7.41,1.552867560945706,2.1587147225743437,1.3612329305245194,2.1294214739848565
New Zealand,NZL,2018,0,0,-41.2866,174.7756,4900840.0,3.936,7.527,2.856,7.282,1.5965552866030868,2.1432375997599125,1.349630376748299,2.1140844851233753
New Zealand,NZL,2019,0,0,-41.2866,174.7756,4989410.0,3.658,7.281,2.793,7.358,1.5385861714621492,2.113963734051563,1.3331572627067618,2.1232191640257234
New Zealand,NZL,2020,0,0,-41.2866,174.7756,5069895.0,4.346,7.047,2.736,6.728,1.6763486177167273,2.0852993511639957,1.3180155203665962,2.044850096910217
New Zealand,NZL,2021,0,0,-41.2866,174.7756,5107694.0,3.559,6.99,2.686,6.773,1.5171033012313044,2.0781907597781832,1.3045418592476314,2.0506561902480827
New Zealand,NZL,2022,0,0,-41.2866,174.7756,5131731.0,3.338,6.874,2.624,6.229,1.4674134124046827,2.0635661925215456,1.287578388180733,1.9781007140181601
New Zealand,NZL,2023,0,0,-41.2866,174.7756,5172837.0,2.98,6.747,2.595,6.101,1.3812818192963463,2.0473056716497653,1.27954399117301,1.9602356191999566
New Zealand,NZL,2024,0,0,-41.2866,174.7756,5213942.0,2.635,6.635,2.542,6.229,1.2906091109854827,2.0327429386705957,1.2646915393606417,1.9781007140181601
North Korea,PRK,1961,0,1,39.0392,125.7625,11990714.0,0.784,0.757,0.186,2.204,0.5788580341578177,0.5636078092049601,0.1705863005755337,1.1644000292061127
North Korea,PRK,1962,0,1,39.0392,125.7625,12262886.0,0.701,0.786,0.199,2.502,0.5312163134137247,0.5799784824543073,0.1814878760453772,1.25333423386366
North Korea,PRK,1963,0,1,39.0392,125.7625,12567059.0,0.685,0.792,0.206,2.612,0.521765563804325,0.5833323145527387,0.1873090983049937,1.284261635554739
North Korea,PRK,1964,0,1,39.0392,125.7625,12889774.0,0.605,0.809,0.209,2.763,0.4731237565819792,0.5927742064131581,0.18979357163265562,1.3252165116113002
North Korea,PRK,1965,0,1,39.0392,125.7625,13219375.0,0.608,0.862,0.211,3.345,0.4749911707567746,0.6216511788548753,0.19144646457095518,1.4690257587173554
North Korea,PRK,1966,0,1,39.0392,125.7625,13569099.0,0.531,0.879,0.217,3.508,0.4259211166755467,0.6307397204313283,0.19638881400539013,1.50585359617753
North Korea,PRK,1967,0,1,39.0392,125.7625,13958350.0,0.455,0.896,0.22,3.753,0.37500590062345585,0.6397464038328301,0.1988508587451652,1.5587759976318725
North Korea,PRK,1968,0,1,39.0392,125.7625,14365601.0,0.471,0.922,0.22,4.126,0.38594244161930047,0.6533663105481008,0.1988508587451652,1.6343256279418794
North Korea,PRK,1969,0,1,39.0392,125.7625,14767625.0,0.58,0.949,0.229,4.339,0.4574248470388754,0.6673164205254237,0.20620083058389777,1.6750383695180493
North Korea,PRK,1970,0,1,39.0392,125.7625,15172777.0,0.62,1.091,0.252,4.843,0.4824261492442927,0.7376424204464965,0.22474227267790678,1.7652443635723
North Korea,PRK,1971,0,1,39.0392,125.7625,15572460.0,0.417,1.084,0.252,6.9,0.3485419607085434,0.7342891238911206,0.22474227267790678,2.066862759472976
North Korea,PRK,1972,0,1,39.0392,125.7625,15975065.0,1.02,1.078,0.253,5.603,0.7030975114131134,0.7314058926770357,0.22554067591393126,1.8875240912124343
North Korea,PRK,1973,0,1,39.0392,125.7625,16350372.0,0.65,1.083,0.263,5.952,0.5007752879124893,0.733809162278835,0.23348984336835407,1.9390293879630909
North Korea,PRK,1974,0,1,39.0392,125.7625,16673124.0,0.713,1.093,0.267,6.094,0.5382462193419828,0.7385984434638627,0.23665190133900202,1.9592493563514302
North Korea,PRK,1975,0,1,39.0392,125.7625,16971055.0,0.605,1.101,0.266,6.342,0.4731237565819792,0.7424134218628634,0.23586232372198446,1.9936112850746426
North Korea,PRK,1976,0,1,39.0392,125.7625,17243455.0,0.561,1.14,0.303,6.381,0.44532664153329504,0.76080582903376,0.26466929814270806,1.9989091307879152
North Korea,PRK,1977,0,1,39.0392,125.7625,17492797.0,0.604,1.184,0.324,6.498,0.47250050944432276,0.7811580578826586,0.28065745751481647,2.01463631831372
North Korea,PRK,1978,0,1,39.0392,125.7625,17736000.0,0.594,1.324,0.357,6.101,0.4662465803680233,0.8432898389896648,0.30527638085273207,1.9602356191999566
North Korea,PRK,1979,0,1,39.0392,125.7625,17983465.0,1.262,1.367,0.363,6.131,0.8162493776939287,0.8616233305318469,0.30968815271439554,1.9644514770461665
North Korea,PRK,1980,0,1,39.0392,125.7625,18236783.0,0.806,1.407,0.362,6.256,0.5911144549947938,0.8783811588009349,0.30895420772732063,1.9818287128128356
North Korea,PRK,1981,0,1,39.0392,125.7625,18501303.0,0.702,1.442,0.383,6.183,0.5318040301511824,0.8928173756885129,0.32425505268262117,1.9717171230926644
North Korea,PRK,1982,0,1,39.0392,125.7625,18776359.0,0.718,1.457,0.397,6.225,0.5411608235620636,0.8989410935390421,0.3343270802748248,1.9775472339984959
North Korea,PRK,1983,0,1,39.0392,125.7625,19054039.0,0.682,1.48,0.416,6.569,0.5199835615507563,0.9082585601768908,0.34783599527152803,2.0240609583270306
North Korea,PRK,1984,0,1,39.0392,125.7625,19335049.0,0.672,1.5,0.435,6.964,0.5140205146625099,0.9162907318741551,0.3611648492115844,2.07493138620195
North Korea,PRK,1985,0,1,39.0392,125.7625,19620396.0,0.556,1.529,0.459,7.354,0.4421184257561999,0.927823967687828,0.3777512695406486,2.122740466074984
North Korea,PRK,1986,0,1,39.0392,125.7625,19910856.0,0.538,1.493,0.453,7.877,0.43048287108345223,0.9134868045414208,0.37363038458814585,2.1834636620861825
North Korea,PRK,1987,0,1,39.0392,125.7625,20205485.0,0.499,1.448,0.452,8.692,0.40479821912046066,0.8952713646500796,0.3729419164026044,2.271300802954279
North Korea,PRK,1988,0,1,39.0392,125.7625,20503161.0,0.487,1.417,0.47,9.717,0.396760667478018,0.882527101721346,0.3852624007906449,2.3718312657308602
North Korea,PRK,1989,0,1,39.0392,125.7625,20804363.0,0.521,1.367,0.462,10.058,0.41936801327715584,0.8616233305318469,0.3798053613275868,2.4031541479157412
North Korea,PRK,1990,0,1,39.0392,125.7625,21112134.0,0.606,1.308,0.4,5.607,0.4737466155245699,0.8363813486458531,0.33647223662121295,1.8881296930477487
North Korea,PRK,1991,0,1,39.0392,125.7625,21428637.0,0.519,1.236,0.411,5.265,0.4180522236136358,0.8046885552928528,0.34429867287067695,1.8349785883480316
North Korea,PRK,1992,0,1,39.0392,125.7625,21750912.0,0.471,1.16,0.407,4.505,0.38594244161930047,0.7701082216960736,0.341459778132252,1.7056567701746432
North Korea,PRK,1993,0,1,39.0392,125.7625,22073354.0,1.228,1.092,0.398,4.059,0.8011043220650376,0.7381205462026765,0.3350426438116185,1.621168835309799
North Korea,PRK,1994,0,1,39.0392,125.7625,22393967.0,0.701,1.033,0.3,3.643,0.5312163134137247,0.7095125346462096,0.26236426446749106,1.5353607090377845
North Korea,PRK,1995,0,1,39.0392,125.7625,22669307.0,0.468,0.974,0.222,3.356,0.38390093019232385,0.6800619410112898,0.20048886074940359,1.471554205070714
North Korea,PRK,1996,0,1,39.0392,125.7625,22895753.0,0.496,0.986,0.185,2.895,0.4027948795522855,0.6861225656229808,0.1697427745870945,1.3596936793227117
North Korea,PRK,1997,0,1,39.0392,125.7625,23110836.0,0.51,0.966,0.173,2.755,0.412109650826833,0.6760010217249748,0.1595645696713384,1.3230882852160981
North Korea,PRK,1998,0,1,39.0392,125.7625,23311570.0,0.567,0.899,0.148,2.52,0.44916296337388373,0.6413274318301488,0.13802129789737466,1.2584609896100056
North Korea,PRK,1999,0,1,39.0392,125.7625,23497594.0,0.562,0.962,0.137,2.73,0.44596705141749426,0.6739643611431714,0.128393214768399,1.3164082336557241
North Korea,PRK,2000,0,1,39.0392,125.7625,23665909.0,0.513,0.99,0.135,2.923,0.4140944348062189,0.688134638736401,0.126632650933366,1.3668566672274156
North Korea,PRK,2001,0,1,39.0392,125.7625,23815364.0,0.481,1.01,0.144,3.009,0.3927175352856617,0.6981347220709844,0.13453089295760615,1.3885418336603699
North Korea,PRK,2002,0,1,39.0392,125.7625,23943975.0,0.48,0.984,0.116,2.867,0.3920420877760237,0.6851150088626811,0.1097508639591192,1.35247901262516
North Korea,PRK,2003,0,1,39.0392,125.7625,24090382.0,0.561,0.998,0.1,2.912,0.44532664153329504,0.6921466802263617,0.09531017980432487,1.3640487521725708
North Korea,PRK,2004,0,1,39.0392,125.7625,24254946.0,0.87,1.023,0.113,2.957,0.6259384308664953,0.7045815581856084,0.10705907229340778,1.3754861624032872
North Korea,PRK,2005,0,1,39.0392,125.7625,24396434.0,0.669,1.077,0.111,3.075,0.5122246446796981,0.7309245448939752,0.10526051065749295,1.404870746692826
North Korea,PRK,2006,0,1,39.0392,125.7625,24524508.0,0.619,1.083,0.116,3.106,0.4818086746954981,0.733809162278835,0.1097508639591192,1.4124493185967417
North Korea,PRK,2007,0,1,39.0392,125.7625,24646384.0,1.011,0.985,0.101,2.576,0.6986321107905149,0.6856189141391538,0.09621885774054292,1.2742448573112677
North Korea,PRK,2008,0,1,39.0392,125.7625,24764620.0,0.846,1.016,0.105,2.84,0.6130211360806604,0.7011153502091222,0.09984533496971613,1.3454723665996355
North Korea,PRK,2009,0,1,39.0392,125.7625,24878338.0,0.813,0.997,0.111,2.72,0.594982931772714,0.6916460544336782,0.10526051065749295,1.3137236682850553
North Korea,PRK,2010,0,1,39.0392,125.7625,24987257.0,0.564,1.001,0.115,2.616,0.4472466421231193,0.6936470556015963,0.10885440491208209,1.28536844252993
North Korea,PRK,2011,0,1,39.0392,125.7625,25097877.0,0.606,0.969,0.118,1.907,0.4737466155245699,0.6775257996569884,0.11154137473290741,1.067121621576739
North Korea,PRK,2012,0,1,39.0392,125.7625,25211737.0,0.559,0.95,0.108,1.854,0.4440445900756395,0.6678293725756554,0.10255658832509207,1.0487215190546446
North Korea,PRK,2013,0,1,39.0392,125.7625,25329456.0,0.526,0.956,0.104,1.427,0.42264993286226527,0.6709015716126255,0.09893994785490356,0.8866559267444644
North Korea,PRK,2014,0,1,39.0392,125.7625,25451263.0,0.49,0.958,0.101,1.565,0.3987761199573678,0.6719235441083187,0.09621885774054292,0.9419584786227329
North Korea,PRK,2015,0,1,39.0392,125.7625,25575355.0,0.498,0.931,0.092,1.223,0.40413088509502776,0.6580380034463774,0.0880108773227133,0.7988576349820595
North Korea,PRK,2016,0,1,39.0392,125.7625,25698325.0,0.437,0.996,0.1,1.332,0.3625576070968879,0.6911451778892722,0.09531017980432487,0.846726268488246
North Korea,PRK,2017,0,1,39.0392,125.7625,25817710.0,0.446,0.937,0.115,2.7,0.3688011237365729,0.6611403844248589,0.10885440491208209,1.308332819650179
North Korea,PRK,2018,0,1,39.0392,125.7625,25931153.0,0.406,0.84,0.124,2.414,0.3407487933884732,0.6097655716208943,0.11689375147149933,1.227884624372249
North Korea,PRK,2019,0,1,39.0392,125.7625,26037633.0,0.414,0.894,0.105,2.67,0.346422567474381,0.6386909947638865,0.09984533496971613,1.3001916620664788
North Korea,PRK,2020,0,1,39.0392,125.7625,26136312.0,0.401,0.862,0.093,2.509,0.33718626735486995,0.6216511788548753,0.08892620919440151,1.255331096601078
North Korea,PRK,2021,0,1,39.0392,125.7625,26232530.0,0.367,0.777,0.086,2.057,0.3126185577418125,0.5749265491725143,0.08250122151174369,1.1174340429086975
North Korea,PRK,2022,0,1,39.0392,125.7625,26328843.0,0.408,0.787,0.081,2.138,0.34217025773585064,0.5805382361772911,0.07788653865707122,1.143585654310841
North Korea,PRK,2023,0,1,39.0392,125.7625,26418196.0,0.382,0.762,0.083,2.348,0.32353172534547814,0.5664495275139878,0.07973496801885356,1.208363152627229
North Korea,PRK,2024,0,1,39.0392,125.7625,26498832.0,0.377,0.716,0.073,2.36,0.3199072197465178,0.5399960010657705,0.07045846364856141,1.2119409739751128
Pakistan,PAK,1961,0,1,33.6844,73.0479,46921277.0,1.374,0.913,0.167,0.263,0.8645762961874763,0.6486726904581158,0.15443635330441893,0.23348984336835407
Pakistan,PAK,1962,0,1,33.6844,73.0479,48156130.0,0.987,0.906,0.169,0.282,0.6866259635696798,0.6450068052320104,0.15614868248993136,0.24842135849847827
Pakistan,PAK,1963,0,1,33.6844,73.0479,49447780.0,1.244,0.912,0.174,0.315,0.8082599876604499,0.6481498146292095,0.16041672140590468,0.27383666562972786
Pakistan,PAK,1964,0,1,33.6844,73.0479,50799995.0,1.744,0.907,0.177,0.316,1.0094167098636389,0.645531326618282,0.16296882827813966,0.2745968329031255
Pakistan,PAK,1965,0,1,33.6844,73.0479,52209015.0,1.234,0.901,0.178,0.322,0.803793700647009,0.6423800635062922,0.16381808522939495,0.27914574142949455
Pakistan,PAK,1966,0,1,33.6844,73.0479,53678671.0,0.877,0.912,0.186,0.319,0.6296747576043717,0.6481498146292095,0.1705863005755337,0.2768738737351776
Pakistan,PAK,1967,0,1,33.6844,73.0479,55214772.0,0.531,0.899,0.194,0.329,0.4259211166755467,0.6413274318301488,0.17730901497041035,0.2844267797311083
Pakistan,PAK,1968,0,1,33.6844,73.0479,56810512.0,-0.059,0.899,0.199,0.367,0.0,0.6413274318301488,0.1814878760453772,0.3126185577418125
Pakistan,PAK,1969,0,1,33.6844,73.0479,58460945.0,0.066,0.886,0.206,0.346,0.0639133257436528,0.6344581842112658,0.1873090983049937,0.29713723122253605
Pakistan,PAK,1970,0,1,33.6844,73.0479,60166721.0,-0.075,0.859,0.2,0.341,0.0,0.620038708739307,0.18232155679395465,0.2934156042995415
Pakistan,PAK,1971,0,1,33.6844,73.0479,61847896.0,-0.038,0.847,0.206,0.314,0.0,0.6135627012171029,0.1873090983049937,0.27307592006241876
Pakistan,PAK,1972,0,1,33.6844,73.0479,63583192.0,0.566,0.84,0.209,0.297,0.44852459756861135,0.6097655716208943,0.18979357163265562,0.26005390533430683
Pakistan,PAK,1973,0,1,33.6844,73.0479,65461912.0,0.124,0.834,0.207,0.306,0.11689375147149933,0.6064993738342731,0.18813794211539445,0.26696903085423934
Pakistan,PAK,1974,0,1,33.6844,73.0479,67415487.0,0.231,0.831,0.209,0.317,0.20782684720231648,0.6048622656923737,0.18979357163265562,0.27535642276114397
Pakistan,PAK,1975,0,1,33.6844,73.0479,69461179.0,0.04,0.828,0.215,0.334,0.039220713153281295,0.6032224730319582,0.19474407679251177,0.288181947493432
Pakistan,PAK,1976,0,1,33.6844,73.0479,71620249.0,0.133,0.821,0.221,0.318,0.12486898204586927,0.5993858007454709,0.19967019512856762,0.27611543608031547
Pakistan,PAK,1977,0,1,33.6844,73.0479,73901831.0,0.366,0.826,0.225,0.329,0.3118867611485983,0.6021277821727767,0.20294084399669032,0.2844267797311083
Pakistan,PAK,1978,0,1,33.6844,73.0479,76307381.0,0.186,0.822,0.234,0.341,0.1705863005755337,0.5999347988377666,0.21026092548319608,0.2934156042995415
Pakistan,PAK,1979,0,1,33.6844,73.0479,78997040.0,0.725,0.814,0.24,0.356,0.5452270504833231,0.5955343516929449,0.2151113796169455,0.3045391895182038
Pakistan,PAK,1980,0,1,33.6844,73.0479,82291008.0,0.198,0.779,0.232,0.388,0.1806534996932576,0.5760514086836981,0.20863886511132804,0.32786386208461277
Pakistan,PAK,1981,0,1,33.6844,73.0479,85802048.0,0.984,0.772,0.227,0.399,0.6851150088626811,0.5721088521828892,0.2045721657287744,0.3357576956833441
Pakistan,PAK,1982,0,1,33.6844,73.0479,89089247.0,0.12,0.762,0.229,0.417,0.11332868530700317,0.5664495275139878,0.20620083058389777,0.3485419607085434
Pakistan,PAK,1983,0,1,33.6844,73.0479,92227711.0,0.363,0.753,0.223,0.434,0.30968815271439554,0.5613286059390975,0.20130685670503531,0.3604677421774286
Pakistan,PAK,1984,0,1,33.6844,73.0479,95164940.0,0.118,0.748,0.221,0.447,0.11154137473290741,0.5584722772333437,0.19967019512856762,0.3694924476493468
Pakistan,PAK,1985,0,1,33.6844,73.0479,98229291.0,-0.234,0.755,0.229,0.477,0.0,0.5624688569178291,0.20620083058389777,0.39001300354924273
Pakistan,PAK,1986,0,1,33.6844,73.0479,101606770.0,0.136,0.81,0.243,0.483,0.12751332029895962,0.5933268452777344,0.21752781252857406,0.39406706315579504
Pakistan,PAK,1987,0,1,33.6844,73.0479,105130710.0,-0.189,0.795,0.236,0.504,0.0,0.5850050219402422,0.211880359035499,0.4081282255276481
Pakistan,PAK,1988,0,1,33.6844,73.0479,108724740.0,-0.024,0.791,0.235,0.53,0.0,0.5827741230785748,0.2110709700799405,0.4252677354043441
Pakistan,PAK,1989,0,1,33.6844,73.0479,112336634.0,-0.165,0.784,0.24,0.537,0.0,0.5788580341578177,0.2151113796169455,0.42983246455645885
Pakistan,PAK,1990,0,1,33.6844,73.0479,116155584.0,-0.117,0.785,0.235,0.584,0.0,0.5794184152316024,0.2110709700799405,0.45995329339223406
Pakistan,PAK,1991,0,1,33.6844,73.0479,120060409.0,-0.065,0.751,0.232,0.562,0.0,0.5601870533037148,0.20863886511132804,0.44596705141749426
Pakistan,PAK,1992,0,1,33.6844,73.0479,123546855.0,0.057,0.751,0.239,0.583,0.055434706888100586,0.5601870533037148,0.21430460264700538,0.4593217808988751
Pakistan,PAK,1993,0,1,33.6844,73.0479,127020117.0,0.03,0.75,0.239,0.608,0.0295588022415444,0.5596157879354227,0.21430460264700538,0.4749911707567746
Pakistan,PAK,1994,0,1,33.6844,73.0479,130748076.0,0.084,0.743,0.242,0.643,0.08065790301745447,0.5556077665378839,0.21672298351128702,0.49652383905513103
Pakistan,PAK,1995,0,1,33.6844,73.0479,134582255.0,0.079,0.74,0.253,0.621,0.0760346862759976,0.5538851132264376,0.22554067591393126,0.48304324275353905
Pakistan,PAK,1996,0,1,33.6844,73.0479,138557089.0,0.217,0.749,0.247,0.675,0.19638881400539013,0.559044196036465,0.2207406666978994,0.5158131652770298
Pakistan,PAK,1997,0,1,33.6844,73.0479,142531801.0,0.191,0.745,0.248,0.658,0.17479329037316305,0.5567545556543905,0.22154226994723591,0.5056120567131033
Pakistan,PAK,1998,0,1,33.6844,73.0479,146522354.0,0.157,0.748,0.244,0.66,0.1458304482115395,0.5584722772333437,0.2183319943169877,0.5068176023684519
Pakistan,PAK,1999,0,1,33.6844,73.0479,150565381.0,0.117,0.742,0.246,0.66,0.11064652008706366,0.555033878430311,0.2199384203652614,0.5068176023684519
Pakistan,PAK,2000,0,1,33.6844,73.0479,154879124.0,0.178,0.737,0.244,0.671,0.16381808522939495,0.5521594872589679,0.2183319943169877,0.5134222496132567
Pakistan,PAK,2001,0,1,33.6844,73.0479,159270910.0,0.124,0.722,0.239,0.662,0.11689375147149933,0.543486406005539,0.21430460264700538,0.5080216964332565
Pakistan,PAK,2002,0,1,33.6844,73.0479,163222552.0,0.115,0.73,0.24,0.677,0.10885440491208209,0.5481214085096876,0.2151113796169455,0.5170064828410719
Pakistan,PAK,2003,0,1,33.6844,73.0479,167110250.0,-0.006,0.739,0.241,0.677,0.0,0.553310235372146,0.21591750622247016,0.5170064828410719
Pakistan,PAK,2004,0,1,33.6844,73.0479,171285999.0,-0.036,0.74,0.244,0.728,0.0,0.5538851132264376,0.2183319943169877,0.5469646703818639
Pakistan,PAK,2005,0,1,33.6844,73.0479,175453212.0,0.003,0.742,0.251,0.741,0.002995508979798479,0.555033878430311,0.22394323148477407,0.554459660786052
Pakistan,PAK,2006,0,1,33.6844,73.0479,179682690.0,-0.021,0.771,0.255,0.768,0.0,0.5715443588006965,0.22713557258374723,0.5698489642154517
Pakistan,PAK,2007,0,1,33.6844,73.0479,184493231.0,-0.086,0.764,0.251,0.804,0.0,0.5675839575845996,0.22394323148477407,0.5900064216404319
Pakistan,PAK,2008,0,1,33.6844,73.0479,189499112.0,-0.068,0.771,0.252,0.78,0.0,0.5715443588006965,0.22474227267790678,0.5766133643039938
Pakistan,PAK,2009,0,1,33.6844,73.0479,194376535.0,-0.048,0.768,0.266,0.763,0.0,0.5698489642154517,0.23586232372198446,0.5670169034157332
Pakistan,PAK,2010,0,1,33.6844,73.0479,199239048.0,0.103,0.748,0.257,0.74,0.09803374027136541,0.5584722772333437,0.22872792960811036,0.5538851132264376
Pakistan,PAK,2011,0,1,33.6844,73.0479,203746069.0,0.075,0.759,0.256,0.734,0.07232066157962612,0.5647454657554212,0.22793206804600694,0.5504308783583501
Pakistan,PAK,2012,0,1,33.6844,73.0479,207667129.0,0.084,0.762,0.245,0.725,0.08065790301745447,0.5664495275139878,0.21913552991667093,0.5452270504833231
Pakistan,PAK,2013,0,1,33.6844,73.0479,211073979.0,0.044,0.782,0.256,0.702,0.04305948946044697,0.5777363290486176,0.22793206804600694,0.5318040301511824
Pakistan,PAK,2014,0,1,33.6844,73.0479,214264649.0,0.023,0.795,0.254,0.704,0.02273948696948943,0.5850050219402422,0.22633844221072896,0.532978428407124
Pakistan,PAK,2015,0,1,33.6844,73.0479,217290884.0,0.139,0.802,0.256,0.667,0.1301506844650451,0.5888971591861462,0.22793206804600694,0.511025603768657
Pakistan,PAK,2016,0,1,33.6844,73.0479,220138863.0,0.123,0.813,0.261,0.803,0.11600367575630613,0.594982931772714,0.23190505698278252,0.5894519442211802
Pakistan,PAK,2017,0,1,33.6844,73.0479,223273974.0,0.069,0.825,0.273,0.949,0.06672363204290818,0.6015799870344548,0.24137631957526948,0.6673164205254237
Pakistan,PAK,2018,0,1,33.6844,73.0479,226928893.0,-0.015,0.836,0.273,0.897,0.0,0.6075892921982987,0.24137631957526948,0.6402736909528771
Pakistan,PAK,2019,0,1,33.6844,73.0479,230800908.0,0.053,0.844,0.271,0.827,0.05164323315183845,0.611937125134402,0.23980399220731702,0.6026752773958697
Pakistan,PAK,2020,0,1,33.6844,73.0479,235001745.0,-0.031,0.863,0.275,0.917,0.0,0.6221880916194514,0.24294617861038947,0.6507614640635074
Pakistan,PAK,2021,0,1,33.6844,73.0479,239477805.0,-0.041,0.876,0.282,1.017,0.0,0.6291418505840329,0.24842135849847827,0.7016112589720747
Pakistan,PAK,2022,0,1,33.6844,73.0479,243700667.0,-0.055,0.876,0.279,0.87,0.0,0.6291418505840329,0.24607852259670565,0.6259384308664953
Pakistan,PAK,2023,0,1,33.6844,73.0479,247504505.0,-0.063,0.9,0.28,0.755,0.0,0.6418538861723948,0.2468600779315258,0.5624688569178291
Pakistan,PAK,2024,0,1,33.6844,73.0479,251269160.0,-0.068,0.91,0.284,0.716,0.0,0.6471032420585385,0.2499802052677694,0.5399960010657705
Papua New Guinea,PNG,1961,0,0,-9.4438,147.1803,2046133.0,-3.824,0.36,0.161,0.098,0.0,0.3074846997479606,0.14928170271575444,0.09349034308733889
Papua New Guinea,PNG,1962,0,0,-9.4438,147.1803,2093926.0,-4.302,0.355,0.169,0.094,0.0,0.3038014543316642,0.15614868248993136,0.08984070399978947
Papua New Guinea,PNG,1963,0,0,-9.4438,147.1803,2141380.0,-1.836,0.353,0.177,0.12,0.0,0.302324349188651,0.16296882827813966,0.11332868530700317
Papua New Guinea,PNG,1964,0,0,-9.4438,147.1803,2188332.0,-0.476,0.35,0.184,0.122,0.0,0.30010459245033805,0.16889853646181394,0.11511280710050457
Papua New Guinea,PNG,1965,0,0,-9.4438,147.1803,2235830.0,-5.142,0.349,0.192,0.136,0.0,0.2993635772256188,0.17563256864315802,0.12751332029895962
Papua New Guinea,PNG,1966,0,0,-9.4438,147.1803,2285785.0,0.593,0.347,0.2,0.149,0.46561903092791146,0.2978798974282269,0.18232155679395465,0.13889199886661863
Papua New Guinea,PNG,1967,0,0,-9.4438,147.1803,2337542.0,2.335,0.345,0.207,0.187,1.204472679367587,0.2963940130538024,0.18813794211539445,0.171429115627531
Papua New Guinea,PNG,1968,0,0,-9.4438,147.1803,2390812.0,1.922,0.347,0.215,0.21,1.0722683133285078,0.2978798974282269,0.19474407679251177,0.1906203596086497
Papua New Guinea,PNG,1969,0,0,-9.4438,147.1803,2446932.0,1.277,0.347,0.223,0.228,0.8228587870816025,0.2978798974282269,0.20130685670503531,0.20538682972495073
Papua New Guinea,PNG,1970,0,0,-9.4438,147.1803,2505632.0,2.609,0.354,0.233,0.276,1.2834307256606514,0.30306317449008324,0.20945022418220727,0.24373018492259815
Papua New Guinea,PNG,1971,0,0,-9.4438,147.1803,2566429.0,1.714,0.357,0.239,0.321,0.9984235614126774,0.30527638085273207,0.21430460264700538,0.2783890255401883
Papua New Guinea,PNG,1972,0,0,-9.4438,147.1803,2628436.0,5.393,0.377,0.259,0.482,1.8552036417845899,0.3199072197465178,0.2303177550622101,0.39339252687389514
Papua New Guinea,PNG,1973,0,0,-9.4438,147.1803,2690639.0,4.33,0.37,0.255,0.5,1.673351238177753,0.31481073984003355,0.22713557258374723,0.4054651081081644
Papua New Guinea,PNG,1974,0,0,-9.4438,147.1803,2752679.0,6.015,0.374,0.261,0.576,1.9480507135544243,0.3177261938001576,0.23190505698278252,0.45488999143568737
Papua New Guinea,PNG,1975,0,0,-9.4438,147.1803,2814827.0,7.021,0.376,0.265,0.544,2.0820631023847875,0.31918073951115195,0.23507212217948356,0.4343764516025845
Papua New Guinea,PNG,1976,0,0,-9.4438,147.1803,2877337.0,7.12,0.385,0.275,0.546,2.0943301541735866,0.32570013963930183,0.24294617861038947,0.4356709501652302
Papua New Guinea,PNG,1977,0,0,-9.4438,147.1803,2940331.0,13.712,0.393,0.29,0.537,2.68866348730202,0.3314596947976687,0.25464221837358075,0.42983246455645885
Papua New Guinea,PNG,1978,0,0,-9.4438,147.1803,3003718.0,3.623,0.38,0.281,0.557,1.5310438450060884,0.32208349916911333,0.24764102291459722,0.4427608928518613
Papua New Guinea,PNG,1979,0,0,-9.4438,147.1803,3067350.0,4.386,0.387,0.284,0.585,1.6838029943894073,0.32714314133269456,0.2499802052677694,0.46058440732924394
Papua New Guinea,PNG,1980,0,0,-9.4438,147.1803,3131516.0,3.29,0.384,0.286,0.584,1.4562867329399256,0.32497785719547784,0.25153662581542763,0.45995329339223406
Papua New Guinea,PNG,1981,0,0,-9.4438,147.1803,3197030.0,3.141,0.377,0.293,0.604,1.4209373045634301,0.3199072197465178,0.25696509978972043,0.47250050944432276
Papua New Guinea,PNG,1982,0,0,-9.4438,147.1803,3264301.0,0.369,0.427,0.352,0.596,0.3140805463063118,0.3555743384946994,0.30158497762077235,0.46750049902761703
Papua New Guinea,PNG,1983,0,0,-9.4438,147.1803,3333642.0,7.885,0.379,0.321,0.602,2.1843644616066147,0.32135859881116474,0.2783890255401883,0.47125284864616745
Papua New Guinea,PNG,1984,0,0,-9.4438,147.1803,3405200.0,6.833,0.358,0.318,0.6,2.0583455783851017,0.30601302913650436,0.27611543608031547,0.4700036292457355
Papua New Guinea,PNG,1985,0,0,-9.4438,147.1803,3478945.0,9.397,0.355,0.303,0.611,2.3415173029958334,0.3038014543316642,0.26466929814270806,0.47685510419483734
Papua New Guinea,PNG,1986,0,0,-9.4438,147.1803,3554802.0,5.347,0.359,0.346,0.58,1.8479822603243332,0.30674913516900665,0.29713723122253605,0.4574248470388754
Papua New Guinea,PNG,1987,0,0,-9.4438,147.1803,3632546.0,10.178,0.365,0.348,0.643,2.4139475608475065,0.31115442863692305,0.2986220124901153,0.49652383905513103
Papua New Guinea,PNG,1988,0,0,-9.4438,147.1803,3711894.0,9.569,0.331,0.32,0.592,2.3579251880272105,0.2859305394129746,0.2776317365982795,0.46499108742219125
Papua New Guinea,PNG,1989,0,0,-9.4438,147.1803,3796088.0,10.921,0.326,0.299,0.536,2.4783015507358646,0.28216689176367077,0.2615947376884625,0.42918163472548043
Papua New Guinea,PNG,1990,0,0,-9.4438,147.1803,3896482.0,7.286,0.503,0.331,0.553,2.11456734365521,0.40746311077083747,0.2859305394129746,0.44018854416655007
Papua New Guinea,PNG,1991,0,0,-9.4438,147.1803,4021840.0,5.196,0.504,0.326,0.54,1.823903922554622,0.4081282255276481,0.28216689176367077,0.43178241642553783
Papua New Guinea,PNG,1992,0,0,-9.4438,147.1803,4166702.0,5.927,0.513,0.332,0.526,1.935426819040468,0.4140944348062189,0.2866815721181974,0.42264993286226527
Papua New Guinea,PNG,1993,0,0,-9.4438,147.1803,4320880.0,5.673,0.518,0.321,0.508,1.8980695339214695,0.4173936789734382,0.2783890255401883,0.41078426958576436
Papua New Guinea,PNG,1994,0,0,-9.4438,147.1803,4480210.0,6.274,0.516,0.299,0.488,1.9843063465647972,0.41607528722017995,0.2615947376884625,0.3974329364109001
Papua New Guinea,PNG,1995,0,0,-9.4438,147.1803,4644282.0,10.496,0.509,0.308,0.442,2.441999148776724,0.4114471797857118,0.26849925303500694,0.36603103886275734
Papua New Guinea,PNG,1996,0,0,-9.4438,147.1803,4813363.0,5.151,0.49,0.294,0.457,1.8166146702262311,0.3987761199573678,0.2577381960787088,0.3763795272130678
Papua New Guinea,PNG,1997,0,0,-9.4438,147.1803,4987887.0,8.774,0.464,0.293,0.523,2.279725798847963,0.38117241553911985,0.25696509978972043,0.42068207391302476
Papua New Guinea,PNG,1998,0,0,-9.4438,147.1803,5166390.0,8.825,0.927,0.283,0.684,2.284930157755325,0.6559643894322293,0.24920108563349935,0.521171915820135
Papua New Guinea,PNG,1999,0,0,-9.4438,147.1803,5349333.0,7.518,0.481,0.278,0.476,2.1421815715010215,0.3927175352856617,0.24529635595534308,0.3893357261782807
Papua New Guinea,PNG,2000,0,0,-9.4438,147.1803,5537068.0,5.717,0.569,0.285,0.531,1.9046416262847274,0.4504384737508955,0.2507587183471831,0.4259211166755467
Papua New Guinea,PNG,2001,0,0,-9.4438,147.1803,5728444.0,5.524,0.462,0.278,0.582,1.8754876847587674,0.3798053613275868,0.24529635595534308,0.45868986934546213
Papua New Guinea,PNG,2002,0,0,-9.4438,147.1803,5924010.0,4.893,0.495,0.281,0.619,1.7737652058557762,0.40212620684264977,0.24764102291459722,0.4818086746954981
Papua New Guinea,PNG,2003,0,0,-9.4438,147.1803,6124005.0,4.738,0.445,0.275,0.662,1.7471107175591731,0.36810932156439546,0.24294617861038947,0.5080216964332565
Papua New Guinea,PNG,2004,0,0,-9.4438,147.1803,6328042.0,5.061,0.471,0.297,0.741,1.801874802969148,0.38594244161930047,0.26005390533430683,0.554459660786052
Papua New Guinea,PNG,2005,0,0,-9.4438,147.1803,6535905.0,5.338,0.59,0.256,0.763,1.846563261268729,0.4637340162321401,0.22793206804600694,0.5670169034157332
Papua New Guinea,PNG,2006,0,0,-9.4438,147.1803,6747724.0,9.086,0.651,0.258,0.749,2.3111483236545336,0.501381164937991,0.2295231582782488,0.559044196036465
Papua New Guinea,PNG,2007,0,0,-9.4438,147.1803,6963353.0,7.523,0.505,0.235,0.945,2.1427683915401605,0.408792898200839,0.2110709700799405,0.6652619770704096
Papua New Guinea,PNG,2008,0,0,-9.4438,147.1803,7183002.0,7.261,0.598,0.227,0.772,2.1115456455803683,0.4687528473440829,0.2045721657287744,0.5721088521828892
Papua New Guinea,PNG,2009,0,0,-9.4438,147.1803,7406442.0,5.449,0.376,0.226,0.711,1.8639250800282403,0.31918073951115195,0.20375683751401966,0.5370779949100564
Papua New Guinea,PNG,2010,0,0,-9.4438,147.1803,7633524.0,4.544,0.323,0.217,0.618,1.712716261887602,0.27990188513281866,0.19638881400539013,0.4811908186362999
Papua New Guinea,PNG,2011,0,0,-9.4438,147.1803,7859349.0,4.281,0.313,0.205,0.674,1.664115473724796,0.27231459532065916,0.1864795669426183,0.5152159720672836
Papua New Guinea,PNG,2012,0,0,-9.4438,147.1803,8081396.0,4.27,0.307,0.203,0.541,1.6620303625532709,0.2677344346420849,0.18481843699254183,0.4324315563379787
Papua New Guinea,PNG,2013,0,0,-9.4438,147.1803,8302700.0,4.71,0.309,0.2,0.546,1.742219023667919,0.26926348692776286,0.18232155679395465,0.4356709501652302
Papua New Guinea,PNG,2014,0,0,-9.4438,147.1803,8523440.0,4.552,0.382,0.204,0.719,1.7141582232045034,0.32353172534547814,0.1856493468866293,0.5417427264007122
Papua New Guinea,PNG,2015,0,0,-9.4438,147.1803,8743247.0,4.072,0.439,0.218,0.722,1.6237352171349249,0.36394842790523074,0.19721016928770527,0.543486406005539
Papua New Guinea,PNG,2016,0,0,-9.4438,147.1803,8961717.0,7.648,0.428,0.187,0.784,2.157328080336907,0.35627486391739266,0.171429115627531,0.5788580341578177
Papua New Guinea,PNG,2017,0,0,-9.4438,147.1803,9178717.0,4.976,0.42,0.189,0.714,1.787751447830516,0.35065687161316933,0.17311261770864478,0.538829820175588
Papua New Guinea,PNG,2018,0,0,-9.4438,147.1803,9394518.0,3.812,0.397,0.198,0.809,1.5711127981124324,0.3343270802748248,0.1806534996932576,0.5927742064131581
Papua New Guinea,PNG,2019,0,0,-9.4438,147.1803,9609014.0,3.434,0.398,0.186,0.789,1.4893021111941198,0.3350426438116185,0.1705863005755337,0.5816568045265821
Papua New Guinea,PNG,2020,0,0,-9.4438,147.1803,9815743.0,3.175,0.385,0.176,0.806,1.4291143583028187,0.32570013963930183,0.16211884947643518,0.5911144549947938
Papua New Guinea,PNG,2021,0,0,-9.4438,147.1803,10012898.0,3.037,0.382,0.173,0.786,1.3955018418708038,0.32353172534547814,0.1595645696713384,0.5799784824543073
Papua New Guinea,PNG,2022,0,0,-9.4438,147.1803,10203177.0,2.589,0.375,0.175,0.827,1.2778736121654701,0.3184537311185346,0.16126814759612226,0.6026752773958697
Papua New Guinea,PNG,2023,0,0,-9.4438,147.1803,10389638.0,2.739,0.367,0.175,0.804,1.3188181959949767,0.3126185577418125,0.16126814759612226,0.5900064216404319
Papua New Guinea,PNG,2024,0,0,-9.4438,147.1803,10576509.0,2.644,0.361,0.171,0.789,1.293081979397712,0.30821972366932904,0.1578580846155803,0.5816568045265821
Philippines,PHL,1961,1,1,14.5995,120.9842,28792620.0,4.756,1.507,0.156,0.303,1.7502427890251213,0.9190868191761563,0.14496577025018573,0.26466929814270806
Philippines,PHL,1962,1,1,14.5995,120.9842,29723535.0,4.168,1.475,0.159,0.348,1.6424857664803008,0.9062403960206536,0.14755756435761466,0.2986220124901153
Philippines,PHL,1963,1,1,14.5995,120.9842,30674733.0,6.343,1.407,0.152,0.374,1.9937474784694735,0.8783811588009349,0.1414995622736995,0.3177261938001576
Philippines,PHL,1964,1,1,14.5995,120.9842,31643038.0,4.45,1.406,0.151,0.405,1.6956156086751528,0.8779656175524871,0.1406311297397456,0.3400373027857091
Philippines,PHL,1965,1,1,14.5995,120.9842,32625328.0,3.072,1.362,0.155,0.428,1.4041342792482217,0.8595087177751706,0.14410034397375687,0.35627486391739266
Philippines,PHL,1966,1,1,14.5995,120.9842,33617171.0,4.329,1.338,0.158,0.479,1.673163603314645,0.8492958630498767,0.1466943791508035,0.3913661837286627
Philippines,PHL,1967,1,1,14.5995,120.9842,34621326.0,2.97,1.365,0.158,0.526,1.3787660946990992,0.8607780219438963,0.1466943791508035,0.42264993286226527
Philippines,PHL,1968,1,1,14.5995,120.9842,35638338.0,2.318,1.356,0.161,0.624,1.1993621917682529,0.8569652657893403,0.14928170271575444,0.4848922417394862
Philippines,PHL,1969,1,1,14.5995,120.9842,36660795.0,2.396,1.299,0.168,0.623,1.2225982684491008,0.8324742457810445,0.15529288440603534,0.48427628853245414
Philippines,PHL,1970,1,1,14.5995,120.9842,37622203.0,1.792,1.28,0.168,0.658,1.0267581849001262,0.8241754429663494,0.15529288440603534,0.5056120567131033
Philippines,PHL,1971,1,1,14.5995,120.9842,38518656.0,2.833,1.3,0.169,0.715,1.343647786398418,0.832909122935104,0.15614868248993136,0.5394130806179033
Philippines,PHL,1972,1,1,14.5995,120.9842,39408560.0,3.108,1.255,0.167,0.67,1.4129362920663118,0.8131499729546416,0.15443635330441893,0.5128236264286637
Philippines,PHL,1973,1,1,14.5995,120.9842,40294126.0,4.266,1.334,0.18,0.782,1.6612710610741177,0.8475835338643642,0.16551443847757338,0.5777363290486176
Philippines,PHL,1974,1,1,14.5995,120.9842,41174338.0,5.644,1.296,0.169,0.741,1.8937141917510485,0.83116847845732,0.15614868248993136,0.554459660786052
Philippines,PHL,1975,1,1,14.5995,120.9842,42120830.0,7.246,1.248,0.153,0.771,2.109728234284708,0.8100409320314447,0.14236724128692196,0.5715443588006965
Philippines,PHL,1976,1,1,14.5995,120.9842,43201486.0,7.447,1.185,0.144,0.812,2.13381134874536,0.7816158285475535,0.13453089295760615,0.5944312076207876
Philippines,PHL,1977,1,1,14.5995,120.9842,44367965.0,4.83,1.153,0.144,0.826,1.763017000362401,0.766862218382226,0.13453089295760615,0.6021277821727767
Philippines,PHL,1978,1,1,14.5995,120.9842,45575286.0,4.827,1.133,0.149,0.82,1.7625022881609371,0.7575294394892135,0.13889199886661863,0.598836501088704
Philippines,PHL,1979,1,1,14.5995,120.9842,46807104.0,4.873,1.131,0.147,0.812,1.7703655765403825,0.7565913531164801,0.13714983814723364,0.5944312076207876
Philippines,PHL,1980,1,1,14.5995,120.9842,48043744.0,3.344,1.074,0.146,0.767,1.4687955826316343,0.7294791098073357,0.1362776182925478,0.5692831933375594
Philippines,PHL,1981,1,1,14.5995,120.9842,49311730.0,2.467,1.044,0.142,0.699,1.2432896667028863,0.714908672341458,0.13278111123381847,0.530039842689795
Philippines,PHL,1982,1,1,14.5995,120.9842,50695715.0,1.929,0.989,0.142,0.686,1.0746610678455963,0.6876319998718351,0.13278111123381847,0.5223588595796638
Philippines,PHL,1983,1,1,14.5995,120.9842,52194624.0,1.569,0.958,0.142,0.674,0.9435167181277465,0.6719235441083187,0.13278111123381847,0.5152159720672836
Philippines,PHL,1984,1,1,14.5995,120.9842,53726187.0,1.749,0.948,0.13,0.573,1.0112372091831088,0.6668032052203433,0.12221763272424921,0.45298462407614076
Philippines,PHL,1985,1,1,14.5995,120.9842,55213007.0,1.604,0.954,0.13,0.505,0.9570487243463228,0.669878553620591,0.12221763272424921,0.408792898200839
Philippines,PHL,1986,1,1,14.5995,120.9842,56645083.0,1.318,0.935,0.137,0.511,0.84070474491756,0.6601073264817452,0.128393214768399,0.41277168329060254
Philippines,PHL,1987,1,1,14.5995,120.9842,58157496.0,1.201,0.887,0.141,0.558,0.7889118025443247,0.6349882663864131,0.13190507087993858,0.4434029474485566
Philippines,PHL,1988,1,1,14.5995,120.9842,59739056.0,1.265,0.892,0.14,0.626,0.8175747589349973,0.6376344706296866,0.1310282624064041,0.48612301112561884
Philippines,PHL,1989,1,1,14.5995,120.9842,61265259.0,1.091,0.889,0.139,0.634,0.7376424204464965,0.6360475885193725,0.1301506844650451,0.4910309964378112
Philippines,PHL,1990,1,1,14.5995,120.9842,62854668.0,0.846,0.841,0.139,0.649,0.6130211360806604,0.6103089022509408,0.1301506844650451,0.5001690435774618
Philippines,PHL,1991,1,1,14.5995,120.9842,64382249.0,0.526,0.83,0.127,0.666,0.42264993286226527,0.6043159668533296,0.11955923505763925,0.510425543744651
Philippines,PHL,1992,1,1,14.5995,120.9842,65926130.0,0.413,0.777,0.129,0.725,0.3457151037023904,0.5749265491725143,0.12133228516752496,0.5452270504833231
Philippines,PHL,1993,1,1,14.5995,120.9842,67530621.0,0.462,0.769,0.133,0.716,0.3798053613275868,0.5704144151776482,0.12486898204586927,0.5399960010657705
Philippines,PHL,1994,1,1,14.5995,120.9842,69019297.0,0.532,0.797,0.133,0.775,0.4265740713183996,0.586118607801422,0.12486898204586927,0.5738004229273791
Philippines,PHL,1995,1,1,14.5995,120.9842,70546245.0,0.784,0.797,0.134,0.839,0.5788580341578177,0.586118607801422,0.12575120530556033,0.609221945622184
Philippines,PHL,1996,1,1,14.5995,120.9842,72190237.0,1.27,0.808,0.142,0.837,0.8197798314933114,0.5922212619699848,0.13278111123381847,0.6081338062329886
Philippines,PHL,1997,1,1,14.5995,120.9842,73908813.0,0.665,0.783,0.147,0.936,0.5098251234324072,0.5782973388810033,0.13714983814723364,0.6606239888543853
Philippines,PHL,1998,1,1,14.5995,120.9842,75791031.0,0.518,0.687,0.132,0.889,0.4173936789734382,0.5229518035638313,0.1239859797809912,0.6360475885193725
Philippines,PHL,1999,1,1,14.5995,120.9842,77753256.0,0.41,0.77,0.137,0.865,0.3435897043900769,0.5709795465857378,0.128393214768399,0.6232610530957788
Philippines,PHL,2000,1,1,14.5995,120.9842,79625401.0,0.369,0.76,0.134,0.898,0.3140805463063118,0.5653138090500605,0.12575120530556033,0.6408007001877362
Philippines,PHL,2001,1,1,14.5995,120.9842,81401488.0,0.326,0.75,0.133,0.857,0.28216689176367077,0.5596157879354227,0.12486898204586927,0.6189622823705687
Philippines,PHL,2002,1,1,14.5995,120.9842,83068889.0,0.611,0.746,0.128,0.837,0.47685510419483734,0.5573274574174104,0.12044615307586716,0.6081338062329886
Philippines,PHL,2003,1,1,14.5995,120.9842,84731836.0,0.987,0.733,0.135,0.82,0.6866259635696798,0.5498540107334691,0.126632650933366,0.598836501088704
Philippines,PHL,2004,1,1,14.5995,120.9842,86394510.0,0.411,0.737,0.139,0.833,0.34429867287067695,0.5521594872589679,0.1301506844650451,0.6059539688575679
Philippines,PHL,2005,1,1,14.5995,120.9842,88015959.0,0.922,0.724,0.131,0.822,0.6533663105481008,0.5446471722415014,0.1231021971339834,0.5999347988377666
Philippines,PHL,2006,1,1,14.5995,120.9842,89508992.0,1.209,0.72,0.123,0.733,0.7925399244379802,0.5423242908253617,0.11600367575630613,0.5498540107334691
Philippines,PHL,2007,1,1,14.5995,120.9842,91075180.0,1.344,0.732,0.127,0.769,0.8518588717147663,0.5492768101402434,0.11955923505763925,0.5704144151776482
Philippines,PHL,2008,1,1,14.5995,120.9842,92699091.0,1.043,0.741,0.118,0.826,0.714419315835485,0.554459660786052,0.11154137473290741,0.6021277821727767
Philippines,PHL,2009,1,1,14.5995,120.9842,94384256.0,0.71,0.748,0.118,0.801,0.5364933705145685,0.5584722772333437,0.11154137473290741,0.588342066193819
Philippines,PHL,2010,1,1,14.5995,120.9842,96337127.0,0.991,0.727,0.126,0.854,0.6886370250820593,0.5463857991645416,0.11867152971749864,0.6173454671436635
Philippines,PHL,2011,1,1,14.5995,120.9842,98248614.0,1.133,0.733,0.117,0.845,0.7575294394892135,0.5498540107334691,0.11064652008706366,0.6124792774924905
Philippines,PHL,2012,1,1,14.5995,120.9842,100175511.0,0.821,0.721,0.113,0.873,0.5993858007454709,0.5429055172294024,0.10705907229340778,0.6275414234619514
Philippines,PHL,2013,1,1,14.5995,120.9842,102076334.0,0.789,0.725,0.115,0.929,0.5816568045265821,0.5452270504833231,0.10885440491208209,0.6570017339235921
Philippines,PHL,2014,1,1,14.5995,120.9842,103767127.0,0.624,0.711,0.118,0.964,0.4848922417394862,0.5370779949100564,0.11154137473290741,0.6749832099322741
Philippines,PHL,2015,1,1,14.5995,120.9842,105312988.0,0.55,0.698,0.122,1.054,0.4382549309311553,0.5294510878891555,0.11511280710050457,0.7197891115063665
Philippines,PHL,2016,1,1,14.5995,120.9842,106735721.0,0.534,0.7,0.139,1.126,0.42787870294506447,0.5306282510621704,0.1301506844650451,0.7542422799197561
Philippines,PHL,2017,1,1,14.5995,120.9842,108119691.0,0.513,0.72,0.151,1.235,0.4140944348062189,0.5423242908253617,0.1406311297397456,0.8042412280655322
Philippines,PHL,2018,1,1,14.5995,120.9842,109465284.0,0.45,0.714,0.143,1.278,0.37156355643248307,0.538829820175588,0.13365638481267358,0.8232978650249904
Philippines,PHL,2019,1,1,14.5995,120.9842,110804685.0,0.418,0.705,0.152,1.287,0.34924742810993575,0.5335651107354801,0.1414995622736995,0.827240915040644
Philippines,PHL,2020,1,1,14.5995,120.9842,112081270.0,0.403,0.701,0.152,1.173,0.3386128011203239,0.5312163134137247,0.1414995622736995,0.7761087012742927
Philippines,PHL,2021,1,1,14.5995,120.9842,113100947.0,0.347,0.705,0.152,1.24,0.2978798974282269,0.5335651107354801,0.1414995622736995,0.8064758658669485
Philippines,PHL,2022,1,1,14.5995,120.9842,113964343.0,0.375,0.689,0.156,1.325,0.3184537311185346,0.524136637825663,0.14496577025018573,0.8437200390393196
Philippines,PHL,2023,1,1,14.5995,120.9842,114891199.0,0.364,0.683,0.158,1.401,0.31042155942127037,0.520577915208669,0.1466943791508035,0.8758853172391162
Philippines,PHL,2024,1,1,14.5995,120.9842,115843663.0,0.37,0.681,0.159,1.51,0.31481073984003355,0.5193888544264785,0.14755756435761466,0.9202827531436926
Qatar,QAT,1961,0,0,25.2854,51.531,39701.0,-0.503,19.976,2.174,4.061,0.0,3.043378927021344,1.1549926221042173,1.621564092231941
Qatar,QAT,1962,0,0,25.2854,51.531,44651.0,-0.378,20.883,2.001,4.267,0.0,3.0857100796722228,1.09894556645823,1.6614609405012524
Qatar,QAT,1963,0,0,25.2854,51.531,50396.0,-0.285,34.649,1.843,121.707,0.0,3.573721095975999,1.0448598326688627,4.809799399804344
Qatar,QAT,1964,0,0,25.2854,51.531,56882.0,-0.216,25.826,1.703,110.212,0.0,3.2893715664798986,0.9943622672943105,4.711438289663286
Qatar,QAT,1965,0,0,25.2854,51.531,64082.0,-0.165,24.267,1.576,98.115,0.0,3.2294991965053317,0.9462378082421072,4.596280792142174
Qatar,QAT,1966,0,0,25.2854,51.531,72207.0,-0.125,20.817,1.462,86.872,0.0,3.0826894824098874,0.9009740277622618,4.475881210145506
Qatar,QAT,1967,0,0,25.2854,51.531,81455.0,-0.095,25.451,1.352,82.047,0.0,3.2752939647729997,0.8552660300363806,4.4194067125892795
Qatar,QAT,1968,0,0,25.2854,51.531,91762.0,-0.073,63.404,1.247,77.104,0.0,4.165175742982692,0.8095959932031922,4.35804127192337
Qatar,QAT,1969,0,0,25.2854,51.531,103042.0,-0.055,88.75,1.149,69.55,0.0,4.497028027368389,0.7650026176603734,4.256321678298823
Qatar,QAT,1970,0,0,25.2854,51.531,116370.0,-0.041,74.795,0.722,64.978,0.0,4.328032327411981,0.543486406005539,4.189321353125187
Qatar,QAT,1971,0,0,25.2854,51.531,131356.0,-0.033,66.358,0.77,69.615,0.0,4.210021678281877,0.5709795465857378,4.257242586521027
Qatar,QAT,1972,0,0,25.2854,51.531,146518.0,-0.027,67.644,0.815,73.543,0.0,4.228933728540056,0.596085467716814,4.31137614008856
Qatar,QAT,1973,0,0,25.2854,51.531,161854.0,0.114,71.68,0.813,76.966,0.10795714150509228,4.28606624352797,0.594982931772714,4.35627283422279
Qatar,QAT,1974,0,0,25.2854,51.531,177372.0,0.041,58.914,0.659,59.077,0.04018178963283183,4.092910200683921,0.5062150112083075,4.09562707278706
Qatar,QAT,1975,0,0,25.2854,51.531,193103.0,0.016,46.959,0.597,56.692,0.01587334915629015,3.8703464792330102,0.4681268692328754,4.055118515721264
Qatar,QAT,1976,0,0,25.2854,51.531,209067.0,0.0,49.464,0.562,49.628,0.0,3.921260210780628,0.44596705141749426,3.9245047829302018
Qatar,QAT,1977,0,0,25.2854,51.531,225298.0,-0.004,40.651,0.514,44.019,0.0,3.7293253779284674,0.41475515501525706,3.807084622881822
Qatar,QAT,1978,0,0,25.2854,51.531,241820.0,0.075,41.284,0.518,43.51,0.07232066157962612,3.7444087639064167,0.4173936789734382,3.795713883027763
Qatar,QAT,1979,0,0,25.2854,51.531,258678.0,0.19,40.702,0.469,55.46,0.173953307123438,3.730549089285329,0.38458189719174024,4.033532422825343
Qatar,QAT,1980,0,0,25.2854,51.531,275923.0,0.163,36.186,0.399,47.426,0.1510028735365274,3.615932346357871,0.3357576956833441,3.8800368595702905
Qatar,QAT,1981,0,0,25.2854,51.531,293561.0,0.151,29.673,0.333,43.763,0.1406311297397456,3.4233827887973822,0.2874320411965716,3.8013819053263944
Qatar,QAT,1982,0,0,25.2854,51.531,311544.0,0.149,23.138,0.318,39.614,0.13889199886661863,3.183787362195706,0.27611543608031547,3.7041128347545254
Qatar,QAT,1983,0,0,25.2854,51.531,329720.0,0.146,19.897,0.29,34.135,0.1362776182925478,3.0396056079979608,0.25464221837358075,3.559197784644161
Qatar,QAT,1984,0,0,25.2854,51.531,347894.0,0.079,24.925,0.334,35.402,0.0760346862759976,3.2552077541155913,0.288181947493432,3.594623718188216
Qatar,QAT,1985,0,0,25.2854,51.531,365950.0,0.107,18.568,0.324,33.86,0.10165365372649983,2.9738955789448167,0.28065745751481647,3.551340040091875
Qatar,QAT,1986,0,0,25.2854,51.531,382426.0,0.121,18.39,0.331,34.729,0.11422114409002286,2.9647574692545606,0.2859305394129746,3.5759626839582372
Qatar,QAT,1987,0,0,25.2854,51.531,397012.0,0.072,16.933,0.337,28.93,0.06952606264861023,2.886642590966287,0.29042829811980614,3.3988613218646075
Qatar,QAT,1988,0,0,25.2854,51.531,411273.0,0.031,18.927,0.334,28.969,0.030529205034822874,2.992075596050447,0.288181947493432,3.400163514071858
Qatar,QAT,1989,0,0,25.2854,51.531,425658.0,0.075,20.164,0.356,33.619,0.07232066157962612,3.0523016250418853,0.3045391895182038,3.5444026642933317
Qatar,QAT,1990,0,0,25.2854,51.531,440184.0,0.044,20.77,0.342,25.962,0.04305948946044697,3.080532875246456,0.29416103854949005,3.2944284672688724
Qatar,QAT,1991,0,0,25.2854,51.531,454860.0,0.175,19.675,0.343,38.285,0.16126814759612226,3.028925240909755,0.2949059175411005,3.6708427666277847
Qatar,QAT,1992,0,0,25.2854,51.531,469657.0,0.143,20.399,0.348,57.097,0.13365638481267358,3.0633441919640108,0.2986220124901153,4.062114027412851
Qatar,QAT,1993,0,0,25.2854,51.531,484553.0,0.085,19.331,0.358,63.4,0.08157998699242287,3.012146814822086,0.30601302913650436,4.165113633110308
Qatar,QAT,1994,0,0,25.2854,51.531,499469.0,0.05,18.878,0.416,64.819,0.04879016416943201,2.9896135925458136,0.34783599527152803,4.186908550449309
Qatar,QAT,1995,0,0,25.2854,51.531,514334.0,0.077,16.714,0.425,64.491,0.07417939817425151,2.874355287387391,0.35417181372061385,4.18191272862018
Qatar,QAT,1996,0,0,25.2854,51.531,529024.0,0.044,23.089,0.391,65.162,0.04305948946044697,3.1817553047647595,0.33002291294130587,4.192106280004596
Qatar,QAT,1997,0,0,25.2854,51.531,550511.0,0.029,42.359,0.433,76.715,0.028587456851912555,3.7695142941348148,0.3597701488460348,4.353048288934861
Qatar,QAT,1998,0,0,25.2854,51.531,580543.0,0.027,39.026,0.421,63.665,0.02664193094642118,3.6895292429554334,0.35136084911496357,4.169220096867208
Qatar,QAT,1999,0,0,25.2854,51.531,612510.0,0.023,39.545,0.406,59.305,0.02273948696948943,3.7024124683965205,0.3407487933884732,4.099415019035206
Qatar,QAT,2000,0,0,25.2854,51.531,644993.0,0.033,42.768,0.363,62.646,0.032467190137501496,3.7789029567615247,0.30968815271439554,4.153336479352314
Qatar,QAT,2001,0,0,25.2854,51.531,677934.0,0.017,34.355,0.329,67.727,0.0168571170664229,3.565439825056204,0.2844267797311083,4.230142135119321
Qatar,QAT,2002,0,0,25.2854,51.531,711215.0,0.031,31.703,0.361,63.518,0.030529205034822874,3.4874668168143312,0.30821972366932904,4.166944254636444
Qatar,QAT,2003,0,0,25.2854,51.531,744690.0,0.009,35.006,0.346,62.618,0.008959741371471904,3.583685591235431,0.29713723122253605,4.152896449171716
Qatar,QAT,2004,0,0,25.2854,51.531,773341.0,0.001,30.933,0.352,61.344,0.0009995003330835331,3.463639957840863,0.30158497762077235,4.13266743654126
Qatar,QAT,2005,0,0,25.2854,51.531,825419.0,0.014,25.221,0.348,57.767,0.013902905168991422,3.2665606164336114,0.2986220124901153,4.073580472869373
Qatar,QAT,2006,0,0,25.2854,51.531,972841.0,0.016,21.643,0.326,61.421,0.01587334915629015,3.1198507533903843,0.28216689176367077,4.1339017572205545
Qatar,QAT,2007,0,0,25.2854,51.531,1208601.0,0.027,18.549,0.31,49.255,0.02664193094642118,2.9729241342279824,0.27002713721306015,3.9171100444767033
Qatar,QAT,2008,0,0,25.2854,51.531,1426942.0,0.023,15.483,0.29,43.359,0.02273948696948943,2.802329546749219,0.25464221837358075,3.7923156193966934
Qatar,QAT,2009,0,0,25.2854,51.531,1586052.0,0.022,13.575,0.278,41.175,0.02176149178151269,2.679307732236556,0.24529635595534308,3.741827628432032
Qatar,QAT,2010,0,0,25.2854,51.531,1709238.0,0.024,11.654,0.291,43.09,0.023716526617316044,2.5379733707246928,0.25541711186450544,3.7862329993698465
Qatar,QAT,2011,0,0,25.2854,51.531,1810960.0,0.021,12.212,0.285,45.175,0.020782539182528505,2.5811255075285433,0.2507587183471831,3.8324385260853036
Qatar,QAT,2012,0,0,25.2854,51.531,1907122.0,0.021,11.63,0.286,49.152,0.020782539182528505,2.5360749363624,0.25153662581542763,3.9150583939716674
Qatar,QAT,2013,0,0,25.2854,51.531,2032650.0,0.021,11.426,0.301,44.982,0.020782539182528505,2.5197910516415023,0.26313319953036823,3.8282500155617445
Qatar,QAT,2014,0,0,25.2854,51.531,2218378.0,0.011,10.443,0.303,41.31,0.010939940038334364,2.4373781893355777,0.26466929814270806,3.7450234647319762
Qatar,QAT,2015,0,0,25.2854,51.531,2427340.0,0.007,9.63,0.294,38.441,0.006975613736425242,2.363680192353857,0.2577381960787088,3.674805884382577
Qatar,QAT,2016,0,0,25.2854,51.531,2599382.0,0.014,9.031,0.296,35.154,0.013902905168991422,2.305680297901348,0.25928259793008296,3.5877875925526626
Qatar,QAT,2017,0,0,25.2854,51.531,2706716.0,0.025,8.401,0.297,39.035,0.0246926125903715,2.240816066596414,0.26005390533430683,3.689754071524597
Qatar,QAT,2018,0,0,25.2854,51.531,2761144.0,0.013,8.171,0.298,37.166,0.012916225266546328,2.216046331576807,0.26082461828189824,3.641945066924722
Qatar,QAT,2019,0,0,25.2854,51.531,2797927.0,0.008,7.772,0.301,36.252,0.007968169649176874,2.1715648305556416,0.26313319953036823,3.6177056346594116
Qatar,QAT,2020,0,0,25.2854,51.531,2803375.0,0.006,7.709,0.301,36.145,0.005982071677547464,2.1643569737106025,0.26313319953036823,3.61482917260377
Qatar,QAT,2021,0,0,25.2854,51.531,2814988.0,0.004,7.703,0.301,37.082,0.003992021269537453,2.1636677938073765,0.26313319953036823,3.639741729552388
Qatar,QAT,2022,0,0,25.2854,51.531,2892466.0,0.006,7.608,0.303,37.89,0.005982071677547464,2.1526920034194283,0.26466929814270806,3.660737148167656
Qatar,QAT,2023,0,0,25.2854,51.531,2979086.0,0.007,7.558,0.305,40.128,0.006975613736425242,2.146866517994625,0.26620304077465673,3.7166891547532037
Qatar,QAT,2024,0,0,25.2854,51.531,3048429.0,0.007,7.378,0.3,41.271,0.006975613736425242,2.1256092225248433,0.26236426446749106,3.744101271739131
Saudi Arabia,SAU,1961,0,0,24.7136,46.6753,2526350.0,0.226,3.427,0.251,1.412,0.20375683751401966,1.487722153750004,0.22394323148477407,0.8804562788649389
Saudi Arabia,SAU,1962,0,0,24.7136,46.6753,2620915.0,0.29,5.349,0.251,2.385,0.25464221837358075,1.8482973201883128,0.22394323148477407,1.2193539063642382
Saudi Arabia,SAU,1963,0,0,24.7136,46.6753,2719347.0,0.401,5.634,0.255,2.552,0.33718626735486995,1.8922079405248606,0.22713557258374723,1.2675108251299236
Saudi Arabia,SAU,1964,0,0,24.7136,46.6753,2821970.0,0.371,5.44,0.262,2.495,0.31554040058017735,1.8625285401162623,0.23269776411902143,1.2513333756857736
Saudi Arabia,SAU,1965,0,0,24.7136,46.6753,2928780.0,0.377,3.317,0.27,1.44,0.3199072197465178,1.4625607165733405,0.23901690047049992,0.8919980393051105
Saudi Arabia,SAU,1966,0,0,24.7136,46.6753,3039891.0,0.361,4.586,0.282,2.108,0.30821972366932904,1.720263467522985,0.24842135849847827,1.1339794325054011
Saudi Arabia,SAU,1967,0,0,24.7136,46.6753,3157247.0,0.513,4.614,0.283,8.072,0.4140944348062189,1.7252634779396907,0.24920108563349935,2.205192746985396
Saudi Arabia,SAU,1968,0,0,24.7136,46.6753,3282707.0,0.602,5.543,0.298,8.858,0.47125284864616745,1.8783957758876018,0.26082461828189824,2.288283308283186
Saudi Arabia,SAU,1969,0,0,24.7136,46.6753,3417123.0,0.608,6.827,0.308,10.322,0.4749911707567746,2.057579294822701,0.26849925303500694,2.426747735614468
Saudi Arabia,SAU,1970,0,0,24.7136,46.6753,3562475.0,0.631,8.984,0.287,12.702,0.4891933236388768,2.3009838116270718,0.2523139286139896,2.6175418075807073
Saudi Arabia,SAU,1971,0,0,24.7136,46.6753,3724039.0,0.667,8.68,0.297,16.046,0.511025603768657,2.2700619012884857,0.26005390533430683,2.835915572100106
Saudi Arabia,SAU,1972,0,0,24.7136,46.6753,3905729.0,0.702,10.293,0.31,17.994,0.5318040301511824,2.4241830647415332,0.27002713721306015,2.9441231398207606
Saudi Arabia,SAU,1973,0,0,24.7136,46.6753,4106346.0,0.824,12.201,0.349,23.148,0.6010318916521397,2.5802925842986224,0.2993635772256188,3.18420156093418
Saudi Arabia,SAU,1974,0,0,24.7136,46.6753,4323639.0,0.695,12.943,0.365,22.828,0.5276827408324135,2.634977590212884,0.31115442863692305,3.170861359766441
Saudi Arabia,SAU,1975,0,0,24.7136,46.6753,4556289.0,0.758,10.497,0.345,18.274,0.5641767992629853,2.442086131771603,0.2963940130538024,2.9587570374290957
Saudi Arabia,SAU,1976,0,0,24.7136,46.6753,4807936.0,0.7,11.985,0.376,21.102,0.5306282510621704,2.5637948451147117,0.31918073951115195,3.0956681021665906
Saudi Arabia,SAU,1977,0,0,24.7136,46.6753,5083043.0,0.651,12.119,0.387,23.228,0.501381164937991,2.574061561098893,0.32714314133269456,3.187508989118701
Saudi Arabia,SAU,1978,0,0,24.7136,46.6753,5381901.0,0.62,10.67,0.427,21.372,0.4824261492442927,2.4570214462984645,0.3555743384946994,3.1078101769593416
Saudi Arabia,SAU,1979,0,0,24.7136,46.6753,5703704.0,0.59,11.402,0.467,24.195,0.4637340162321401,2.517857749927686,0.3832194991608447,3.2266455621325614
Saudi Arabia,SAU,1980,0,0,24.7136,46.6753,6047997.0,0.553,11.514,0.495,27.982,0.44018854416655007,2.526848017576172,0.40212620684264977,3.3666749476237325
Saudi Arabia,SAU,1981,0,0,24.7136,46.6753,6420554.0,0.543,10.823,0.477,27.302,0.43372857338102383,2.4700467868809763,0.39001300354924273,3.3429324735301797
Saudi Arabia,SAU,1982,0,0,24.7136,46.6753,6824484.0,1.116,7.278,0.507,23.133,0.749527513996053,2.1136013933265407,0.41012091964435843,3.183580198473476
Saudi Arabia,SAU,1983,0,0,24.7136,46.6753,7252947.0,1.143,5.702,0.579,22.172,0.76220671649144,1.9024059893151186,0.45679173527350503,3.1429446532343777
Saudi Arabia,SAU,1984,0,0,24.7136,46.6753,7697312.0,1.322,5.194,0.553,20.201,0.8424288832756998,1.823581081551011,0.44018854416655007,3.054048350376827
Saudi Arabia,SAU,1985,0,0,24.7136,46.6753,8151782.0,1.211,4.08,0.554,21.148,0.7934449018753092,1.6253112615903906,0.4408322519454557,3.097747198960721
Saudi Arabia,SAU,1986,0,0,24.7136,46.6753,8628639.0,1.291,5.098,0.538,23.708,0.8289884034713584,1.807960848566063,0.43048287108345223,3.2071270778336527
Saudi Arabia,SAU,1987,0,0,24.7136,46.6753,9130207.0,1.141,4.401,0.556,20.855,0.7612730096075457,1.686584121610754,0.4421184257561999,3.084429728315278
Saudi Arabia,SAU,1988,0,0,24.7136,46.6753,9629172.0,1.087,4.793,0.541,21.0,0.7357276280950636,1.756650292114487,0.4324315563379787,3.091042453358316
Saudi Arabia,SAU,1989,0,0,24.7136,46.6753,10128397.0,1.132,4.59,0.526,20.08,0.7570605063035981,1.7209792871670078,0.42264993286226527,3.0483247236731614
Saudi Arabia,SAU,1990,0,0,24.7136,46.6753,10640697.0,1.139,5.186,0.535,17.101,0.7603384301002686,1.8222886742628779,0.4285303810391605,2.895967185364416
Saudi Arabia,SAU,1991,0,0,24.7136,46.6753,11160752.0,0.834,5.964,0.529,21.91,0.6064993738342731,1.9407540219059427,0.4246139269469253,3.1315734964654043
Saudi Arabia,SAU,1992,0,0,24.7136,46.6753,11686682.0,0.576,5.867,0.524,23.618,0.45488999143568737,1.9267273296385394,0.42133845726445457,3.203477882688104
Saudi Arabia,SAU,1993,0,0,24.7136,46.6753,12215864.0,0.344,5.639,0.501,24.374,0.2956502421009578,1.8929613497370223,0.4061315526513249,3.2337250277184064
Saudi Arabia,SAU,1994,0,0,24.7136,46.6753,12750037.0,0.244,5.364,0.478,22.84,0.2183319943169877,1.8506571104755405,0.39068982252601003,3.171364842197149
Saudi Arabia,SAU,1995,0,0,24.7136,46.6753,13289246.0,0.172,5.041,0.435,20.664,0.15871169115482087,1.7985695611566042,0.3611648492115844,3.0756518967298647
Saudi Arabia,SAU,1996,0,0,24.7136,46.6753,13831002.0,0.125,5.048,0.444,19.485,0.11778303565638346,1.7997276388772319,0.3674170404706345,3.019692910998834
Saudi Arabia,SAU,1997,0,0,24.7136,46.6753,14374948.0,0.092,5.018,0.456,15.802,0.0880108773227133,1.7947549782078533,0.37569294977449424,2.8214979269426554
Saudi Arabia,SAU,1998,0,0,24.7136,46.6753,14922188.0,0.142,4.785,0.458,14.67,0.13278111123381847,1.7552683606456398,0.37706563358646644,2.7517480563679295
Saudi Arabia,SAU,1999,0,0,24.7136,46.6753,15472076.0,0.096,4.308,0.448,15.364,0.0916671885258238,1.6692151164699611,0.3701832939635246,2.795083800067152
Saudi Arabia,SAU,2000,0,0,24.7136,46.6753,16177733.0,0.073,4.471,0.413,19.14,0.07045846364856141,1.699461415081689,0.3457151037023904,3.0027078872904163
Saudi Arabia,SAU,2001,0,0,24.7136,46.6753,17041405.0,0.056,4.202,0.4,19.034,0.054488185284069734,1.6490431670264598,0.33647223662121295,2.9974308301895722
Saudi Arabia,SAU,2002,0,0,24.7136,46.6753,17910909.0,0.105,3.87,0.39,19.37,0.09984533496971613,1.5830939370944985,0.3293037471426004,3.0140632302387145
Saudi Arabia,SAU,2003,0,0,24.7136,46.6753,18786771.0,0.082,4.214,0.38,18.695,0.07881118042428978,1.65134731551131,0.32208349916911333,2.9803647964228692
Saudi Arabia,SAU,2004,0,0,24.7136,46.6753,19669486.0,0.057,4.08,0.376,20.728,0.055434706888100586,1.6253112615903906,0.31918073951115195,3.0786017513762856
Saudi Arabia,SAU,2005,0,0,24.7136,46.6753,20559886.0,0.04,4.159,0.356,20.05,0.039220713153281295,1.6407427622625128,0.3045391895182038,3.0469005601283903
Saudi Arabia,SAU,2006,0,0,24.7136,46.6753,21459141.0,0.048,4.085,0.347,20.736,0.04688358589885042,1.6262950295005232,0.2978798974282269,3.0789698721240466
Saudi Arabia,SAU,2007,0,0,24.7136,46.6753,22368313.0,0.054,3.905,0.351,18.925,0.05259245011917058,1.5902550930173263,0.3008450589780618,2.991975224676279
Saudi Arabia,SAU,2008,0,0,24.7136,46.6753,23287884.0,0.036,3.888,0.323,20.158,0.035367143837291316,1.586783221869294,0.27990188513281866,3.052018084564583
Saudi Arabia,SAU,2009,0,0,24.7136,46.6753,24217656.0,0.016,3.549,0.311,20.81,0.01587334915629015,1.514907428587867,0.2707902047815628,3.0823685802135374
Saudi Arabia,SAU,2010,0,0,24.7136,46.6753,25157134.0,0.015,3.474,0.323,22.087,0.014888612493750654,1.498282863067938,0.27990188513281866,3.139269688550187
Saudi Arabia,SAU,2011,0,0,24.7136,46.6753,26105636.0,0.013,3.647,0.336,20.694,0.012916225266546328,1.5362218501028413,0.289680075114454,3.0770357246180255
Saudi Arabia,SAU,2012,0,0,24.7136,46.6753,27062447.0,0.017,3.684,0.339,22.382,0.0168571170664229,1.544152445735471,0.29192306670903545,3.1519664955846274
Saudi Arabia,SAU,2013,0,0,24.7136,46.6753,28026825.0,-0.031,3.549,0.334,20.808,0.0,1.514907428587867,0.288181947493432,3.082276874954177
Saudi Arabia,SAU,2014,0,0,24.7136,46.6753,28998127.0,-0.028,3.493,0.33,20.177,0.0,1.502520630088023,0.2851789422336624,3.0529156870814447
Saudi Arabia,SAU,2015,0,0,24.7136,46.6753,29974944.0,-0.024,3.496,0.327,20.836,0.0,1.50318811259139,0.28292075535007044,3.083559983919511
Saudi Arabia,SAU,2016,0,0,24.7136,46.6753,30717804.0,0.014,3.507,0.318,20.873,0.013902905168991422,1.5056317437085112,0.27611543608031547,3.085252999492403
Saudi Arabia,SAU,2017,0,0,24.7136,46.6753,30782400.0,0.037,3.443,0.307,20.937,0.036331929247390274,1.4913298239537713,0.2677344346420849,3.0881747089435505
Saudi Arabia,SAU,2018,0,0,24.7136,46.6753,30365119.0,0.013,3.593,0.313,21.479,0.012916225266546328,1.5245334053436563,0.27231459532065916,3.112581540050283
Saudi Arabia,SAU,2019,0,0,24.7136,46.6753,30472809.0,0.015,3.502,0.316,23.245,0.014888612493750654,1.5045217424845405,0.2745968329031255,3.1882104105573155
Saudi Arabia,SAU,2020,0,0,24.7136,46.6753,30991206.0,0.001,3.438,0.356,21.089,0.0009995003330835331,1.4902038245104021,0.3045391895182038,3.0950797470546894
Saudi Arabia,SAU,2021,0,0,24.7136,46.6753,31328374.0,-0.001,3.401,0.353,22.197,0.0,1.4818317878289544,0.302324349188651,3.1440229599661333
Saudi Arabia,SAU,2022,0,0,24.7136,46.6753,32175351.0,0.007,3.637,0.367,20.73,0.006975613736425242,1.5340676054093239,0.3126185577418125,3.078693794268338
Saudi Arabia,SAU,2023,0,0,24.7136,46.6753,33264289.0,0.011,3.402,0.372,20.365,0.010939940038334364,1.4820589831042699,0.31626952930369345,3.061754069095988
Saudi Arabia,SAU,2024,0,0,24.7136,46.6753,33962751.0,0.014,3.445,0.384,20.379,0.013902905168991422,1.491779868965868,0.32497785719547784,3.062409131818271
Singapore,SGP,1961,1,1,1.3521,103.8198,1670469.0,-0.136,0.316,1.314,1.252,0.0,0.2745968329031255,0.8389776287714849,0.8118187102774439
Singapore,SGP,1962,1,1,1.3521,103.8198,1721183.0,-0.118,0.33,1.374,1.46,0.0,0.2851789422336624,0.8645762961874763,0.9001613499442714
Singapore,SGP,1963,1,1,1.3521,103.8198,1771517.0,-0.102,0.329,1.432,1.864,0.0,0.2844267797311083,0.8887139641039206,1.0522192490983993
Singapore,SGP,1964,1,1,1.3521,103.8198,1821468.0,-0.061,0.301,1.488,1.977,0.0,0.26313319953036823,0.911479174876933,1.0909160820336394
Singapore,SGP,1965,1,1,1.3521,103.8198,1870828.0,-0.079,0.311,1.556,1.297,0.0,0.2707902047815628,0.9384435365152884,0.8316039237069611
Singapore,SGP,1966,1,1,1.3521,103.8198,1919088.0,-0.057,0.29,1.619,0.25,0.0,0.25464221837358075,0.9627925655255748,0.22314355131420976
Singapore,SGP,1967,1,1,1.3521,103.8198,1965686.0,-0.064,0.318,1.68,1.435,0.0,0.27611543608031547,0.9858167945227653,0.8899467565345531
Singapore,SGP,1968,1,1,1.3521,103.8198,2010102.0,-0.065,0.333,1.739,2.554,0.0,0.2874320411965716,1.0075928902809412,1.2680737297324596
Singapore,SGP,1969,1,1,1.3521,103.8198,2052163.0,-0.055,0.35,1.799,3.357,0.0,0.30010459245033805,1.0292622105333165,1.471783747135305
Singapore,SGP,1970,1,1,1.3521,103.8198,2091568.0,-0.04,0.36,1.865,8.526,0.0,0.3074846997479606,1.052568350166703,2.2540249023786685
Singapore,SGP,1971,1,1,1.3521,103.8198,2128445.0,0.015,0.368,1.924,7.647,0.014888612493750654,0.3133498192003587,1.072952541887532,2.1572124399782933
Singapore,SGP,1972,1,1,1.3521,103.8198,2164344.0,0.004,0.389,1.794,10.035,0.003992021269537453,0.3285840637722067,1.02747426083477,2.4010720397086995
Singapore,SGP,1973,1,1,1.3521,103.8198,2200145.0,-0.058,0.407,1.767,9.404,0.0,0.341459778132252,1.0177637008047888,2.342190347586405
Singapore,SGP,1974,1,1,1.3521,103.8198,2235079.0,-0.05,0.396,1.208,9.587,0.0,0.33361100434018076,0.7920871284148489,2.3596268333612427
Singapore,SGP,1975,1,1,1.3521,103.8198,2268532.0,-0.034,0.368,1.564,10.519,0.0,0.3133498192003587,0.9415685390584236,2.443997845944369
Singapore,SGP,1976,1,1,1.3521,103.8198,2300749.0,0.004,0.376,1.421,12.751,0.003992021269537453,0.31918073951115195,0.8841806779559215,2.6211115487408074
Singapore,SGP,1977,1,1,1.3521,103.8198,2331547.0,0.034,0.404,0.98,11.843,0.03343477608623739,0.3393253056036194,0.6830968447064438,2.552798915830919
Singapore,SGP,1978,1,1,1.3521,103.8198,2360611.0,0.017,0.388,0.976,13.752,0.0168571170664229,0.32786386208461277,0.681074599325676,2.691378666814238
Singapore,SGP,1979,1,1,1.3521,103.8198,2388159.0,0.015,0.392,1.232,14.831,0.014888612493750654,0.3307415619122279,0.8028980445190645,2.7619700430916403
Singapore,SGP,1980,1,1,1.3521,103.8198,2437496.0,0.011,0.385,1.241,12.485,0.010939940038334364,0.32570013963930183,0.80692219481879,2.601577956591693
Singapore,SGP,1981,1,1,1.3521,103.8198,2531801.0,-0.0,0.382,1.658,10.153,-0.0,0.32353172534547814,0.9775739602910536,2.4117085200123998
Singapore,SGP,1982,1,1,1.3521,103.8198,2627420.0,0.018,0.364,1.44,10.802,0.017839918128331,0.31042155942127037,0.8919980393051105,2.468269008634977
Singapore,SGP,1983,1,1,1.3521,103.8198,2685982.0,0.017,0.358,1.417,12.434,0.0168571170664229,0.30601302913650436,0.882527101721346,2.597788806844673
Singapore,SGP,1984,1,1,1.3521,103.8198,2720930.0,0.054,0.453,1.177,11.749,0.05259245011917058,0.37363038458814585,0.7779477822524105,2.545452837155985
Singapore,SGP,1985,1,1,1.3521,103.8198,2735032.0,0.077,0.444,1.056,11.845,0.07417939817425151,0.3674170404706345,0.7207623475929187,2.552954630561847
Singapore,SGP,1986,1,1,1.3521,103.8198,2744656.0,0.098,0.446,1.451,12.424,0.09349034308733889,0.3688011237365729,0.8964961045459755,2.59704414972485
Singapore,SGP,1987,1,1,1.3521,103.8198,2781625.0,0.112,0.445,1.543,11.436,0.10616019582839063,0.36810932156439546,0.9333444864399826,2.5205954921965072
Singapore,SGP,1988,1,1,1.3521,103.8198,2849043.0,0.1,0.423,1.434,12.383,0.09531017980432487,0.3527673191077153,0.8895359945653354,2.5939852448142373
Singapore,SGP,1989,1,1,1.3521,103.8198,2938656.0,0.083,0.417,1.341,13.953,0.07973496801885356,0.3485419607085434,0.8505781885087736,2.7049119486017066
Singapore,SGP,1990,1,1,1.3521,103.8198,3039593.0,0.058,0.425,1.209,14.323,0.05638033343610764,0.35417181372061385,0.7925399244379802,2.729354967596039
Singapore,SGP,1991,1,1,1.3521,103.8198,3136294.0,0.053,0.417,1.586,14.104,0.05164323315183845,0.3485419607085434,0.9501122803496658,2.7149596094031447
Singapore,SGP,1992,1,1,1.3521,103.8198,3226461.0,0.071,0.414,1.923,14.704,0.06859279146561172,0.346422567474381,1.0726104861291088,2.75391545697416
Singapore,SGP,1993,1,1,1.3521,103.8198,3317892.0,0.069,0.426,0.244,14.968,0.06672363204290818,0.3548733219921042,0.2183319943169877,2.770586719569108
Singapore,SGP,1994,1,1,1.3521,103.8198,3417818.0,0.142,0.493,0.363,17.58,0.13278111123381847,0.4007875185570533,0.30968815271439554,2.922085733385692
Singapore,SGP,1995,1,1,1.3521,103.8198,3533624.0,0.097,0.475,0.814,11.474,0.0925791812930932,0.3886579897917831,0.5955343516929449,2.523646478103931
Singapore,SGP,1996,1,1,1.3521,103.8198,3664566.0,0.077,0.475,0.95,13.102,0.07417939817425151,0.3886579897917831,0.6678293725756554,2.6463166312968487
Singapore,SGP,1997,1,1,1.3521,103.8198,3796629.0,0.079,0.525,1.327,14.944,0.0760346862759976,0.42199441005937494,0.8445798843201546,2.7690825829104937
Singapore,SGP,1998,1,1,1.3521,103.8198,3901418.0,0.073,0.521,2.711,12.153,0.07045846364856141,0.41936801327715584,1.3113013820784605,2.5766498694866415
Singapore,SGP,1999,1,1,1.3521,103.8198,3966562.0,0.054,0.5,1.989,12.404,0.05259245011917058,0.4054651081081644,1.0949388833018008,2.595553169875064
Singapore,SGP,2000,1,1,1.3521,103.8198,4035251.0,0.05,0.478,1.957,9.261,0.04879016416943201,0.39068982252601003,1.0841752408703402,2.328350300880072
Singapore,SGP,2001,1,1,1.3521,103.8198,4116169.0,0.057,0.538,2.084,9.359,0.055434706888100586,0.43048287108345223,1.1262274557010832,2.337855707075965
Singapore,SGP,2002,1,1,1.3521,103.8198,4146898.0,0.056,0.59,0.246,9.696,0.054488185284069734,0.4637340162321401,0.2199384203652614,2.369869839799642
Singapore,SGP,2003,1,1,1.3521,103.8198,4138241.0,0.031,0.656,0.307,9.553,0.030529205034822874,0.504405055963068,0.2677344346420849,2.3564101796889534
Singapore,SGP,2004,1,1,1.3521,103.8198,4172767.0,0.035,0.725,0.301,9.826,0.0344014267173324,0.5452270504833231,0.26313319953036823,2.381950648374786
Singapore,SGP,2005,1,1,1.3521,103.8198,4268363.0,0.038,0.733,0.264,9.278,0.037295784743696894,0.5498540107334691,0.2342812957246657,2.3300056885700378
Singapore,SGP,2006,1,1,1.3521,103.8198,4407064.0,0.015,0.725,0.264,9.212,0.014888612493750654,0.5452270504833231,0.2342812957246657,2.3235634993792376
Singapore,SGP,2007,1,1,1.3521,103.8198,4596516.0,0.029,0.72,0.253,8.942,0.028587456851912555,0.5423242908253617,0.22554067591393126,2.2967682076724807
Singapore,SGP,2008,1,1,1.3521,103.8198,4806742.0,0.029,0.666,0.187,8.363,0.028587456851912555,0.510425543744651,0.171429115627531,2.236765751956752
Singapore,SGP,2009,1,1,1.3521,103.8198,4968574.0,0.036,0.636,0.149,8.212,0.035367143837291316,0.4922542381805553,0.13889199886661863,2.220506981958439
Singapore,SGP,2010,1,1,1.3521,103.8198,5077020.0,0.039,0.721,0.261,8.745,0.03825871211709034,0.5429055172294024,0.23190505698278252,2.276754332959524
Singapore,SGP,2011,1,1,1.3521,103.8198,5182242.0,0.052,0.717,0.232,9.069,0.050693114315518116,0.5405785819153385,0.20863886511132804,2.309461396933478
Singapore,SGP,2012,1,1,1.3521,103.8198,5293345.0,0.045,0.709,0.203,8.709,0.04401688541677432,0.5359084041334539,0.18481843699254183,2.273053290388008
Singapore,SGP,2013,1,1,1.3521,103.8198,5385589.0,0.05,0.808,0.212,8.727,0.04879016416943201,0.5922212619699848,0.1922718876471227,2.2749055238873033
Singapore,SGP,2014,1,1,1.3521,103.8198,5457899.0,0.057,0.83,0.22,8.721,0.055434706888100586,0.6043159668533296,0.1988508587451652,2.274288493838932
Singapore,SGP,2015,1,1,1.3521,103.8198,5525343.0,0.023,0.854,0.217,8.941,0.02273948696948943,0.6173454671436635,0.19638881400539013,2.296667619230008
Singapore,SGP,2016,1,1,1.3521,103.8198,5577936.0,0.019,0.804,0.214,8.803,0.01882175424058776,0.5900064216404319,0.19392069263730652,2.282688461279589
Singapore,SGP,2017,1,1,1.3521,103.8198,5604087.0,0.018,0.881,0.236,8.94,0.017839918128331,0.6318035503188933,0.211880359035499,2.2965670206684825
Singapore,SGP,2018,1,1,1.3521,103.8198,5634366.0,0.013,0.875,0.236,8.927,0.012916225266546328,0.6286086594223741,0.211880359035499,2.2952583176075847
Singapore,SGP,2019,1,1,1.3521,103.8198,5669562.0,0.013,0.894,0.239,8.643,0.012916225266546328,0.6386909947638865,0.21430460264700538,2.2662322635282472
Singapore,SGP,2020,1,1,1.3521,103.8198,5620151.0,0.019,0.863,0.238,8.309,0.01882175424058776,0.6221880916194514,0.21349717426240436,2.2309816741343527
Singapore,SGP,2021,1,1,1.3521,103.8198,5546291.0,0.019,0.922,0.245,9.033,0.01882175424058776,0.6533663105481008,0.21913552991667093,2.305879659943476
Singapore,SGP,2022,1,1,1.3521,103.8198,5649888.0,0.017,0.943,0.235,8.661,0.0168571170664229,0.664233170395303,0.2110709700799405,2.2680971625353723
Singapore,SGP,2023,1,1,1.3521,103.8198,5789092.0,0.017,0.999,0.23,8.821,0.0168571170664229,0.692647055518263,0.20701416938432612,2.2845229501756372
Singapore,SGP,2024,1,1,1.3521,103.8198,5832387.0,0.017,0.995,0.229,9.245,0.0168571170664229,0.6906440503418267,0.20620083058389777,2.326789781690863
South Korea,KOR,1961,0,1,37.5665,126.978,26852962.0,-0.269,0.693,0.11,0.538,0.0,0.5265021031509982,0.10436001532424277,0.43048287108345223
South Korea,KOR,1962,0,1,37.5665,126.978,27509235.0,-0.152,0.7,0.108,0.627,0.0,0.5306282510621704,0.10255658832509207,0.48673782823690076
South Korea,KOR,1963,0,1,37.5665,126.978,28145547.0,0.276,0.71,0.108,0.749,0.24373018492259815,0.5364933705145685,0.10255658832509207,0.559044196036465
South Korea,KOR,1964,0,1,37.5665,126.978,28744980.0,0.433,0.705,0.102,0.772,0.3597701488460348,0.5335651107354801,0.09712671073072274,0.5721088521828892
South Korea,KOR,1965,0,1,37.5665,126.978,29284343.0,0.27,0.698,0.107,0.853,0.23901690047049992,0.5294510878891555,0.10165365372649983,0.6168059473032227
South Korea,KOR,1966,0,1,37.5665,126.978,29845941.0,0.189,0.698,0.115,1.005,0.17311261770864478,0.5294510878891555,0.10885440491208209,0.6956440607585325
South Korea,KOR,1967,0,1,37.5665,126.978,30495725.0,0.16,0.669,0.12,1.151,0.14842000511827327,0.5122246446796981,0.11332868530700317,0.765932850285593
South Korea,KOR,1968,0,1,37.5665,126.978,31175295.0,0.071,0.59,0.119,1.193,0.06859279146561172,0.4637340162321401,0.11243542932978817,0.7852704694357512
South Korea,KOR,1969,0,1,37.5665,126.978,31852769.0,0.049,0.573,0.126,1.333,0.04783732941416013,0.45298462407614076,0.11867152971749864,0.8471549930392929
South Korea,KOR,1970,0,1,37.5665,126.978,32542203.0,0.022,0.622,0.133,1.651,0.02176149178151269,0.4836599556932212,0.12486898204586927,0.9749369273068885
South Korea,KOR,1971,0,1,37.5665,126.978,33239859.0,-0.05,0.616,0.129,1.761,0.0,0.4799539600989036,0.12133228516752496,1.0155929329480173
South Korea,KOR,1972,0,1,37.5665,126.978,33936470.0,0.016,0.613,0.133,1.775,0.01587334915629015,0.4780957991430718,0.12486898204586927,1.0206507471983979
South Korea,KOR,1973,0,1,37.5665,126.978,34625848.0,0.004,0.647,0.142,2.108,0.003992021269537453,0.4989554511955033,0.13278111123381847,1.1339794325054011
South Korea,KOR,1974,0,1,37.5665,126.978,35287834.0,0.049,0.68,0.152,2.141,0.04783732941416013,0.5187937934151676,0.1414995622736995,1.1445412205565095
South Korea,KOR,1975,0,1,37.5665,126.978,35875741.0,0.0,0.695,0.158,2.276,0.0,0.5276827408324135,0.1466943791508035,1.1866231659908228
South Korea,KOR,1976,0,1,37.5665,126.978,36379928.0,-0.027,0.679,0.138,2.559,0.0,0.5181983780954038,0.12927233570413918,1.2694796065280556
South Korea,KOR,1977,0,1,37.5665,126.978,36843638.0,-0.036,0.702,0.145,2.862,0.0,0.5318040301511824,0.13540463700620295,1.3511851840063227
South Korea,KOR,1978,0,1,37.5665,126.978,37281935.0,-0.032,0.711,0.163,3.034,0.0,0.5370779949100564,0.1510028735365274,1.39475843953202
South Korea,KOR,1979,0,1,37.5665,126.978,37710898.0,0.002,0.724,0.164,3.523,0.001998002662673056,0.5446471722415014,0.15186234930924608,1.5091754904957062
South Korea,KOR,1980,0,1,37.5665,126.978,38141109.0,-0.027,0.73,0.157,3.527,0.0,0.5481214085096876,0.1458304482115395,1.5100594684538216
South Korea,KOR,1981,0,1,37.5665,126.978,38689192.0,-0.004,0.742,0.161,3.608,0.0,0.555033878430311,0.14928170271575444,1.5277939233935902
South Korea,KOR,1982,0,1,37.5665,126.978,39356159.0,-0.014,0.732,0.145,3.577,0.0,0.5492768101402434,0.13540463700620295,1.5210437616715051
South Korea,KOR,1983,0,1,37.5665,126.978,40000945.0,-0.003,0.753,0.164,3.728,0.0,0.5613286059390975,0.15186234930924608,1.5535022801037972
South Korea,KOR,1984,0,1,37.5665,126.978,40598302.0,-0.021,0.789,0.175,3.958,0.0,0.5816568045265821,0.16126814759612226,1.6010024336129989
South Korea,KOR,1985,0,1,37.5665,126.978,41148956.0,-0.017,0.816,0.181,4.101,0.0,0.5966362801791015,0.16636153721522526,1.6294365989407895
South Korea,KOR,1986,0,1,37.5665,126.978,41718508.0,0.007,0.836,0.184,4.226,0.006975613736425242,0.6075892921982987,0.16889853646181394,1.6536461670984208
South Korea,KOR,1987,0,1,37.5665,126.978,42322092.0,-0.015,0.819,0.187,4.38,0.0,0.5982868995359851,0.171429115627531,1.682688374173693
South Korea,KOR,1988,0,1,37.5665,126.978,42922980.0,-0.006,0.804,0.198,4.915,0.0,0.5900064216404319,0.1806534996932576,1.7774914974303502
South Korea,KOR,1989,0,1,37.5665,126.978,43524765.0,0.016,0.76,0.211,5.135,0.01587334915629015,0.5653138090500605,0.19144646457095518,1.8140100781628747
South Korea,KOR,1990,0,1,37.5665,126.978,44081425.0,-0.009,0.737,0.229,5.683,0.0,0.5521594872589679,0.20620083058389777,1.899566988528933
South Korea,KOR,1991,0,1,37.5665,126.978,44439146.0,-0.081,0.721,0.303,6.204,0.0,0.5429055172294024,0.26466929814270806,1.9746364273137096
South Korea,KOR,1992,0,1,37.5665,126.978,44653699.0,-0.0,0.685,0.331,6.716,-0.0,0.521765563804325,0.2859305394129746,2.0432960950434826
South Korea,KOR,1993,0,1,37.5665,126.978,44887721.0,-0.048,0.651,0.291,7.356,0.0,0.501381164937991,0.25541711186450544,2.1229798436943192
South Korea,KOR,1994,0,1,37.5665,126.978,45130842.0,-0.044,0.631,0.315,7.881,0.0,0.4891933236388768,0.27383666562972786,2.1839141632763672
South Korea,KOR,1995,0,1,37.5665,126.978,45368425.0,-0.106,0.623,0.328,8.457,0.0,0.48427628853245414,0.2836740510542421,2.2467552080333753
South Korea,KOR,1996,0,1,37.5665,126.978,45638701.0,-0.079,0.642,0.366,9.225,0.0,0.4959150110302365,0.3118867611485983,2.3248357019288655
South Korea,KOR,1997,0,1,37.5665,126.978,45941541.0,-0.072,0.643,0.443,9.686,0.0,0.49652383905513103,0.36672427979173383,2.3689344735355795
South Korea,KOR,1998,0,1,37.5665,126.978,46230885.0,-0.064,0.617,0.372,8.177,0.0,0.48057258059496977,0.31626952930369345,2.216700353836876
South Korea,KOR,1999,0,1,37.5665,126.978,46500382.0,-0.001,0.604,0.372,8.828,0.0,0.47250050944432276,0.31626952930369345,2.2852354546589324
South Korea,KOR,2000,0,1,37.5665,126.978,46766660.0,-0.059,0.638,0.353,9.408,0.0,0.4934759854308777,0.302324349188651,2.3425747412102043
South Korea,KOR,2001,0,1,37.5665,126.978,47043467.0,-0.072,0.628,0.344,9.685,0.0,0.48735226758034855,0.2956502421009578,2.368840888771111
South Korea,KOR,2002,0,1,37.5665,126.978,47299118.0,-0.079,0.585,0.273,10.065,0.0,0.46058440732924394,0.24137631957526948,2.403786973503013
South Korea,KOR,2003,0,1,37.5665,126.978,47514158.0,-0.076,0.585,0.266,10.212,0.0,0.46058440732924394,0.23586232372198446,2.4169846333025418
South Korea,KOR,2004,0,1,37.5665,126.978,47697076.0,-0.065,0.591,0.274,10.302,0.0,0.4643627493556498,0.24216155714997162,2.4249797012076515
South Korea,KOR,2005,0,1,37.5665,126.978,47851646.0,-0.076,0.593,0.274,10.422,0.0,0.46561903092791146,0.24216155714997162,2.4355413202426712
South Korea,KOR,2006,0,1,37.5665,126.978,48006518.0,-0.088,0.603,0.259,10.488,0.0,0.47187687362741587,0.2303177550622101,2.4413030123058683
South Korea,KOR,2007,0,1,37.5665,126.978,48178122.0,-0.085,0.607,0.256,10.829,0.0,0.47436908675537554,0.22793206804600694,2.4705541435636
South Korea,KOR,2008,0,1,37.5665,126.978,48356485.0,-0.077,0.544,0.24,11.015,0.0,0.4343764516025845,0.2151113796169455,2.4861558691884325
South Korea,KOR,2009,0,1,37.5665,126.978,48546690.0,-0.065,0.555,0.236,11.078,0.0,0.4414755456311975,0.211880359035499,2.4913856158857093
South Korea,KOR,2010,0,1,37.5665,126.978,48769329.0,-0.08,0.563,0.249,12.187,0.0,0.44660705143933954,0.22234323114344062,2.579231495825562
South Korea,KOR,2011,0,1,37.5665,126.978,49127640.0,0.029,0.561,0.258,12.69,0.028587456851912555,0.44532664153329504,0.2295231582782488,2.6166656393003573
South Korea,KOR,2012,0,1,37.5665,126.978,49599580.0,-0.085,0.57,0.26,12.66,0.0,0.4510756193602167,0.23111172096338664,2.614471854142644
South Korea,KOR,2013,0,1,37.5665,126.978,50071168.0,-0.101,0.566,0.255,12.674,0.0,0.44852459756861135,0.22713557258374723,2.615496219491602
South Korea,KOR,2014,0,1,37.5665,126.978,50539055.0,-0.043,0.567,0.242,12.453,0.0,0.44916296337388373,0.21672298351128702,2.599202129503406
South Korea,KOR,2015,0,1,37.5665,126.978,50983909.0,-0.037,0.575,0.244,12.439,0.0,0.4542552722775964,0.2183319943169877,2.598160927564927
South Korea,KOR,2016,0,1,37.5665,126.978,51297836.0,-0.084,0.572,0.274,12.435,0.0,0.4523486940070148,0.24216155714997162,2.597863242067455
South Korea,KOR,2017,0,1,37.5665,126.978,51486268.0,-0.089,0.579,0.284,12.713,0.0,0.45679173527350503,0.2499802052677694,2.618344288017717
South Korea,KOR,2018,0,1,37.5665,126.978,51640894.0,-0.057,0.581,0.285,12.977,0.0,0.45805755822733496,0.2507587183471831,2.6374131215027696
South Korea,KOR,2019,0,1,37.5665,126.978,51767844.0,-0.093,0.582,0.281,12.481,0.0,0.45868986934546213,0.24764102291459722,2.601281286708927
South Korea,KOR,2020,0,1,37.5665,126.978,51858481.0,-0.106,0.636,0.275,11.524,0.0,0.4922542381805553,0.24294617861038947,2.527646803464159
South Korea,KOR,2021,0,1,37.5665,126.978,51848401.0,-0.13,0.704,0.278,11.882,0.0,0.532978428407124,0.24529635595534308,2.5558309881246988
South Korea,KOR,2022,0,1,37.5665,126.978,51782515.0,-0.074,0.717,0.271,11.72,0.0,0.5405785819153385,0.23980399220731702,2.543175557911976
South Korea,KOR,2023,0,1,37.5665,126.978,51748744.0,-0.072,0.704,0.267,11.385,0.0,0.532978428407124,0.23665190133900202,2.516486062941323
South Korea,KOR,2024,0,1,37.5665,126.978,51717587.0,-0.07,0.767,0.265,11.286,0.0,0.5692831933375594,0.23507212217948356,2.5084604027417354
Sri Lanka,LKA,1961,0,1,6.9271,79.8612,9899372.0,1.318,0.665,0.113,0.236,0.84070474491756,0.5098251234324072,0.10705907229340778,0.211880359035499
Sri Lanka,LKA,1962,0,1,6.9271,79.8612,10143750.0,11.498,0.653,0.115,0.252,2.5255686315068897,0.5025918188388871,0.10885440491208209,0.22474227267790678
Sri Lanka,LKA,1963,0,1,6.9271,79.8612,10395039.0,7.516,0.678,0.114,0.244,2.1419467470312332,0.5176026080450145,0.10795714150509228,0.2183319943169877
Sri Lanka,LKA,1964,0,1,6.9271,79.8612,10653403.0,5.833,0.715,0.12,0.213,1.9217638157986412,0.5394130806179033,0.11332868530700317,0.19309662996191307
Sri Lanka,LKA,1965,0,1,6.9271,79.8612,10916965.0,4.572,0.688,0.12,0.243,1.7177540559175593,0.5235443961737654,0.11332868530700317,0.21752781252857406
Sri Lanka,LKA,1966,0,1,6.9271,79.8612,11183925.0,3.863,0.652,0.114,0.238,1.5816555314216487,0.5019866750987864,0.10795714150509228,0.21349717426240436
Sri Lanka,LKA,1967,0,1,6.9271,79.8612,11457329.0,3.837,0.636,0.11,0.257,1.5762946938408462,0.4922542381805553,0.10436001532424277,0.22872792960811036
Sri Lanka,LKA,1968,0,1,6.9271,79.8612,11736084.0,2.678,0.629,0.115,0.276,1.3023691261821293,0.4879663296199081,0.10885440491208209,0.24373018492259815
Sri Lanka,LKA,1969,0,1,6.9271,79.8612,12013864.0,2.149,0.603,0.108,0.359,1.1470849421188876,0.47187687362741587,0.10255658832509207,0.30674913516900665
Sri Lanka,LKA,1970,0,1,6.9271,79.8612,12287113.0,1.868,0.62,0.11,0.292,1.053614922737374,0.4824261492442927,0.10436001532424277,0.2561914053604101
Sri Lanka,LKA,1971,0,1,6.9271,79.8612,12551910.0,1.676,0.622,0.11,0.254,0.9843231422659819,0.4836599556932212,0.10436001532424277,0.22633844221072896
Sri Lanka,LKA,1972,0,1,6.9271,79.8612,12809207.0,1.533,0.603,0.106,0.276,0.9294043710195381,0.47187687362741587,0.10074990310014305,0.24373018492259815
Sri Lanka,LKA,1973,0,1,6.9271,79.8612,13060920.0,1.422,0.603,0.107,0.281,0.8845936451309004,0.47187687362741587,0.10165365372649983,0.24764102291459722
Sri Lanka,LKA,1974,0,1,6.9271,79.8612,13305697.0,1.268,0.629,0.106,0.219,0.8188983858655057,0.4879663296199081,0.10074990310014305,0.19803085049913446
Sri Lanka,LKA,1975,0,1,6.9271,79.8612,13548989.0,1.811,0.593,0.097,0.212,1.0335402919243948,0.46561903092791146,0.0925791812930932,0.1922718876471227
Sri Lanka,LKA,1976,0,1,6.9271,79.8612,13796776.0,2.028,0.602,0.102,0.202,1.1079023355752025,0.47125284864616745,0.09712671073072274,0.18398683611301583
Sri Lanka,LKA,1977,0,1,6.9271,79.8612,14049365.0,2.11,0.612,0.107,0.206,1.1346227261911428,0.47747564408443655,0.10165365372649983,0.1873090983049937
Sri Lanka,LKA,1978,0,1,6.9271,79.8612,14310127.0,1.197,0.608,0.112,0.238,0.7870927934024732,0.4749911707567746,0.10616019582839063,0.21349717426240436
Sri Lanka,LKA,1979,0,1,6.9271,79.8612,14579616.0,0.911,0.6,0.111,0.259,0.647626665258136,0.4700036292457355,0.10526051065749295,0.2303177550622101
Sri Lanka,LKA,1980,0,1,6.9271,79.8612,14847972.0,0.807,0.609,0.116,0.226,0.5916680116100914,0.47561286801024616,0.1097508639591192,0.20375683751401966
Sri Lanka,LKA,1981,0,1,6.9271,79.8612,15099417.0,0.617,0.617,0.111,0.263,0.48057258059496977,0.48057258059496977,0.10526051065749295,0.23348984336835407
Sri Lanka,LKA,1982,0,1,6.9271,79.8612,15286571.0,0.754,0.594,0.11,0.29,0.5618988939499913,0.4662465803680233,0.10436001532424277,0.25464221837358075
Sri Lanka,LKA,1983,0,1,6.9271,79.8612,15388795.0,0.676,0.602,0.113,0.314,0.5164100020598913,0.47125284864616745,0.10705907229340778,0.27307592006241876
Sri Lanka,LKA,1984,0,1,6.9271,79.8612,15441858.0,0.673,0.635,0.123,0.248,0.514618422004687,0.4916428043492167,0.11600367575630613,0.22154226994723591
Sri Lanka,LKA,1985,0,1,6.9271,79.8612,15544152.0,0.775,0.632,0.123,0.25,0.5738004229273791,0.4898062565419153,0.11600367575630613,0.22314355131420976
Sri Lanka,LKA,1986,0,1,6.9271,79.8612,15731253.0,0.765,0.623,0.121,0.23,0.5681506903852601,0.48427628853245414,0.11422114409002286,0.20701416938432612
Sri Lanka,LKA,1987,0,1,6.9271,79.8612,15916578.0,0.702,0.597,0.121,0.251,0.5318040301511824,0.4681268692328754,0.11422114409002286,0.22394323148477407
Sri Lanka,LKA,1988,0,1,6.9271,79.8612,16078624.0,0.673,0.613,0.122,0.213,0.514618422004687,0.4780957991430718,0.11511280710050457,0.19309662996191307
Sri Lanka,LKA,1989,0,1,6.9271,79.8612,16248560.0,0.615,0.588,0.12,0.21,0.47933495667461984,0.46247536282494395,0.11332868530700317,0.1906203596086497
Sri Lanka,LKA,1990,0,1,6.9271,79.8612,16352460.0,0.629,0.607,0.116,0.233,0.4879663296199081,0.47436908675537554,0.1097508639591192,0.20945022418220727
Sri Lanka,LKA,1991,0,1,6.9271,79.8612,16475354.0,0.771,0.572,0.111,0.249,0.5715443588006965,0.4523486940070148,0.10526051065749295,0.22234323114344062
Sri Lanka,LKA,1992,0,1,6.9271,79.8612,16739297.0,0.727,0.575,0.115,0.301,0.5463857991645416,0.4542552722775964,0.10885440491208209,0.26313319953036823
Sri Lanka,LKA,1993,0,1,6.9271,79.8612,17025924.0,0.813,0.576,0.119,0.289,0.594982931772714,0.45488999143568737,0.11243542932978817,0.25386672395705034
Sri Lanka,LKA,1994,0,1,6.9271,79.8612,17275777.0,1.051,0.584,0.121,0.309,0.7183274790902435,0.45995329339223406,0.11422114409002286,0.26926348692776286
Sri Lanka,LKA,1995,0,1,6.9271,79.8612,17564065.0,0.955,0.575,0.117,0.325,0.6703901934373291,0.4542552722775964,0.11064652008706366,0.28141245943818555
Sri Lanka,LKA,1996,0,1,6.9271,79.8612,17905020.0,0.95,0.527,0.116,0.383,0.6678293725756554,0.4233050262364954,0.1097508639591192,0.32425505268262117
Sri Lanka,LKA,1997,0,1,6.9271,79.8612,18248205.0,0.744,0.519,0.115,0.406,0.5561813254867879,0.4180522236136358,0.10885440491208209,0.3407487933884732
Sri Lanka,LKA,1998,0,1,6.9271,79.8612,18596006.0,0.821,0.464,0.112,0.41,0.5993858007454709,0.38117241553911985,0.10616019582839063,0.3435897043900769
Sri Lanka,LKA,1999,0,1,6.9271,79.8612,18944734.0,0.647,0.473,0.119,0.442,0.4989554511955033,0.3873011374804932,0.11243542932978817,0.36603103886275734
Sri Lanka,LKA,2000,0,1,6.9271,79.8612,19293056.0,0.629,0.463,0.117,0.518,0.4879663296199081,0.3804891220379873,0.11064652008706366,0.4173936789734382
Sri Lanka,LKA,2001,0,1,6.9271,79.8612,19600361.0,0.583,0.444,0.112,0.518,0.4593217808988751,0.3674170404706345,0.10616019582839063,0.4173936789734382
Sri Lanka,LKA,2002,0,1,6.9271,79.8612,19805750.0,0.664,0.445,0.121,0.545,0.5092243423990168,0.36810932156439546,0.11422114409002286,0.43502391034970883
Sri Lanka,LKA,2003,0,1,6.9271,79.8612,19951521.0,0.739,0.459,0.111,0.539,0.553310235372146,0.3777512695406486,0.10526051065749295,0.4311328548567422
Sri Lanka,LKA,2004,0,1,6.9271,79.8612,20087608.0,2.607,0.436,0.114,0.593,1.282876401921402,0.36186147062603247,0.10795714150509228,0.46561903092791146
Sri Lanka,LKA,2005,0,1,6.9271,79.8612,20216531.0,1.099,0.468,0.122,0.577,0.741461040838496,0.38390093019232385,0.11511280710050457,0.4555243079809013
Sri Lanka,LKA,2006,0,1,6.9271,79.8612,20352416.0,1.027,0.467,0.119,0.565,0.7065568674698629,0.3832194991608447,0.11243542932978817,0.4478858239921165
Sri Lanka,LKA,2007,0,1,6.9271,79.8612,20492546.0,2.675,0.456,0.115,0.578,1.3015531326648,0.37569294977449424,0.10885440491208209,0.4561582224236825
Sri Lanka,LKA,2008,0,1,6.9271,79.8612,20629377.0,1.695,0.494,0.129,0.565,0.9913982043609605,0.4014570867106256,0.12133228516752496,0.4478858239921165
Sri Lanka,LKA,2009,0,1,6.9271,79.8612,20756438.0,1.323,0.474,0.12,0.606,0.8428594537882721,0.38797979376714486,0.11332868530700317,0.4737466155245699
Sri Lanka,LKA,2010,0,1,6.9271,79.8612,20879092.0,1.946,0.503,0.12,0.608,1.0804483180404385,0.40746311077083747,0.11332868530700317,0.4749911707567746
Sri Lanka,LKA,2011,0,1,6.9271,79.8612,21009054.0,1.302,0.491,0.13,0.689,0.833778310299691,0.3994470357826014,0.12221763272424921,0.524136637825663
Sri Lanka,LKA,2012,0,1,6.9271,79.8612,21169461.0,0.907,0.493,0.118,0.727,0.645531326618282,0.4007875185570533,0.11154137473290741,0.5463857991645416
Sri Lanka,LKA,2013,0,1,6.9271,79.8612,21358829.0,0.706,0.501,0.107,0.662,0.5341514490694873,0.4061315526513249,0.10165365372649983,0.5080216964332565
Sri Lanka,LKA,2014,0,1,6.9271,79.8612,21547454.0,0.594,0.449,0.13,0.792,0.4662465803680233,0.3708736633385453,0.12221763272424921,0.5833323145527387
Sri Lanka,LKA,2015,0,1,6.9271,79.8612,21729975.0,0.738,0.49,0.113,0.883,0.5527350268432003,0.3987761199573678,0.10705907229340778,0.6328662496750154
Sri Lanka,LKA,2016,0,1,6.9271,79.8612,21910763.0,0.663,0.469,0.104,1.02,0.5086232002107907,0.38458189719174024,0.09893994785490356,0.7030975114131134
Sri Lanka,LKA,2017,0,1,6.9271,79.8612,22087525.0,0.982,0.42,0.094,1.004,0.6841064359077962,0.35065687161316933,0.08984070399978947,0.6951451832226183
Sri Lanka,LKA,2018,0,1,6.9271,79.8612,22253116.0,0.624,0.459,0.088,0.905,0.4848922417394862,0.3777512695406486,0.08434114843375087,0.6444820085786643
Sri Lanka,LKA,2019,0,1,6.9271,79.8612,22410552.0,0.487,0.445,0.108,0.942,0.396760667478018,0.36810932156439546,0.10255658832509207,0.6637183698691331
Sri Lanka,LKA,2020,0,1,6.9271,79.8612,22561808.0,0.415,0.462,0.132,0.905,0.34712953109520095,0.3798053613275868,0.1239859797809912,0.6444820085786643
Sri Lanka,LKA,2021,0,1,6.9271,79.8612,22700377.0,0.368,0.472,0.104,0.917,0.3133498192003587,0.38662202030668447,0.09893994785490356,0.6507614640635074
Sri Lanka,LKA,2022,0,1,6.9271,79.8612,22834965.0,0.433,0.468,0.097,0.805,0.3597701488460348,0.38390093019232385,0.0925791812930932,0.5905605917848443
Sri Lanka,LKA,2023,0,1,6.9271,79.8612,22971615.0,0.447,0.471,0.094,0.834,0.3694924476493468,0.38594244161930047,0.08984070399978947,0.6064993738342731
Sri Lanka,LKA,2024,0,1,6.9271,79.8612,23103561.0,0.448,0.48,0.088,0.901,0.3701832939635246,0.3920420877760237,0.08434114843375087,0.6423800635062922
Syria,SYR,1961,0,0,33.5138,36.2765,4815459.0,3.678,0.713,0.197,0.636,1.5428706681619873,0.5382462193419828,0.1798184265758361,0.4922542381805553
Syria,SYR,1962,0,0,33.5138,36.2765,4959340.0,3.48,0.736,0.217,0.645,1.4996230464268938,0.5515836162381584,0.19638881400539013,0.49774038421733524
Syria,SYR,1963,0,0,33.5138,36.2765,5110471.0,3.341,0.803,0.234,0.706,1.4681047363174566,0.5894519442211802,0.21026092548319608,0.5341514490694873
Syria,SYR,1964,0,0,33.5138,36.2765,5269094.0,1.801,0.918,0.251,0.828,1.0299764962779714,0.6512829764612464,0.22394323148477407,0.6032224730319582
Syria,SYR,1965,0,0,33.5138,36.2765,5435268.0,-0.415,0.845,0.269,0.676,0.0,0.6124792774924905,0.23822918873225063,0.5164100020598913
Syria,SYR,1966,0,0,33.5138,36.2765,5609050.0,-0.386,1.001,0.267,0.876,0.0,0.6936470556015963,0.23665190133900202,0.6291418505840329
Syria,SYR,1967,0,0,33.5138,36.2765,5790195.0,-1.177,0.946,0.288,0.795,0.0,0.6657759837638133,0.25309062768216184,0.5850050219402422
Syria,SYR,1968,0,0,33.5138,36.2765,5978741.0,-0.683,1.089,0.3,0.996,0.0,0.7366854825744287,0.26236426446749106,0.6911451778892722
Syria,SYR,1969,0,0,33.5138,36.2765,6175173.0,-0.497,1.232,0.318,1.171,0.0,0.8028980445190645,0.27611543608031547,0.7751878908961548
Syria,SYR,1970,0,0,33.5138,36.2765,6380612.0,-0.475,1.215,0.285,1.042,0.0,0.795252403497099,0.2507587183471831,0.7139297197424739
Syria,SYR,1971,0,0,33.5138,36.2765,6598098.0,0.269,1.175,0.278,1.345,0.23822918873225063,0.7770286645406475,0.24529635595534308,0.8522854018982426
Syria,SYR,1972,0,0,33.5138,36.2765,6826032.0,-0.397,1.215,0.279,1.136,0.0,0.795252403497099,0.24607852259670565,0.7589349210979484
Syria,SYR,1973,0,0,33.5138,36.2765,7060328.0,0.581,1.13,0.258,1.117,0.45805755822733496,0.7561219797213337,0.2295231582782488,0.7499999921527281
Syria,SYR,1974,0,0,33.5138,36.2765,7302158.0,-1.245,1.232,0.282,1.322,0.0,0.8028980445190645,0.24842135849847827,0.8424288832756998
Syria,SYR,1975,0,0,33.5138,36.2765,7554368.0,-0.021,1.618,0.295,1.479,0.0,0.9624106674877082,0.25851069515150105,0.9078552530530535
Syria,SYR,1976,0,0,33.5138,36.2765,7817317.0,-0.787,1.645,0.307,1.758,0.0,0.9726710653102627,0.2677344346420849,1.01450577937111
Syria,SYR,1977,0,0,33.5138,36.2765,8090507.0,-0.37,1.506,0.31,1.81,0.0,0.9186878564738765,0.27002713721306015,1.0331844833456545
Syria,SYR,1978,0,0,33.5138,36.2765,8372761.0,0.051,1.565,0.319,1.815,0.04974209189481407,0.9419584786227329,0.2768738737351776,1.0349622615916536
Syria,SYR,1979,0,0,33.5138,36.2765,8661911.0,-0.273,1.408,0.33,2.599,0.0,0.8787965274465745,0.2851789422336624,1.2806560290968938
Syria,SYR,1980,0,0,33.5138,36.2765,8957664.0,0.042,1.44,0.345,2.318,0.04114194333117518,0.8919980393051105,0.2963940130538024,1.1993621917682529
Syria,SYR,1981,0,0,33.5138,36.2765,9260187.0,0.01,1.441,0.35,2.872,0.009950330853168083,0.892407791410823,0.30010459245033805,1.3537711694143306
Syria,SYR,1982,0,0,33.5138,36.2765,9572513.0,-0.531,1.377,0.348,2.553,0.0,0.8658391883780568,0.2986220124901153,1.26779231703889
Syria,SYR,1983,0,0,33.5138,36.2765,9904814.0,-0.236,1.401,0.367,2.816,0.0,0.8758853172391162,0.3126185577418125,1.33920275358604
Syria,SYR,1984,0,0,33.5138,36.2765,10258406.0,-0.366,1.36,0.342,3.218,0.0,0.8586616190375187,0.29416103854949005,1.4393610820565828
Syria,SYR,1985,0,0,33.5138,36.2765,10625673.0,-0.341,1.33,0.334,2.783,0.0,0.8458682675776092,0.288181947493432,1.330517345650892
Syria,SYR,1986,0,0,33.5138,36.2765,11002842.0,-0.279,1.365,0.331,2.842,0.0,0.8607780219438963,0.2859305394129746,1.345993064346365
Syria,SYR,1987,0,0,33.5138,36.2765,11388916.0,-0.474,1.516,0.332,3.173,0.0,0.922670338838194,0.2866815721181974,1.4286352016094155
Syria,SYR,1988,0,0,33.5138,36.2765,11782269.0,-0.4,1.652,0.346,3.128,0.0,0.975314072323616,0.29713723122253605,1.4177930281792617
Syria,SYR,1989,0,0,33.5138,36.2765,12179070.0,0.135,1.941,0.321,2.831,0.126632650933366,1.078749659571858,0.2783890255401883,1.343125865718512
Syria,SYR,1990,0,0,33.5138,36.2765,12579212.0,-0.145,2.101,0.339,2.962,0.0,1.1317246401183119,0.29192306670903545,1.3767489482763593
Syria,SYR,1991,0,0,33.5138,36.2765,12980824.0,-0.214,2.458,0.315,3.268,0.0,1.2406903872610988,0.27383666562972786,1.4511453334395068
Syria,SYR,1992,0,0,33.5138,36.2765,13385570.0,-0.377,2.35,0.312,3.198,0.0,1.208960345836975,0.2715526905218973,1.4346082213984412
Syria,SYR,1993,0,0,33.5138,36.2765,13795687.0,-0.114,2.493,0.301,3.3,0.0,1.250760965824695,0.26313319953036823,1.4586150226995167
Syria,SYR,1994,0,0,33.5138,36.2765,14208585.0,-0.133,2.47,0.312,3.234,0.0,1.244154593958768,0.2715526905218973,1.4431471727126735
Syria,SYR,1995,0,0,33.5138,36.2765,14616804.0,-0.209,2.382,0.321,3.174,0.0,1.2184672504763885,0.2783890255401883,1.428874808655009
Syria,SYR,1996,0,0,33.5138,36.2765,15018110.0,-0.04,2.306,0.321,3.159,0.0,1.1957389993988325,0.2783890255401883,1.4252746607607745
Syria,SYR,1997,0,0,33.5138,36.2765,15417539.0,-0.155,2.173,0.314,3.217,0.0,1.1546775126010584,0.27307592006241876,1.4391239747644229
Syria,SYR,1998,0,0,33.5138,36.2765,15820409.0,-0.073,2.054,0.325,3.381,0.0,1.1164522067964406,0.28141245943818555,1.4772770088317613
Syria,SYR,1999,0,0,33.5138,36.2765,16228064.0,-0.282,2.006,0.312,3.422,0.0,1.1006102913307827,0.2715526905218973,1.4865920824352545
Syria,SYR,2000,0,0,33.5138,36.2765,16637884.0,0.03,2.034,0.297,3.277,0.0295588022415444,1.1098818809263404,0.26005390533430683,1.4532518292447716
Syria,SYR,2001,0,0,33.5138,36.2765,17051337.0,-0.097,1.559,0.272,3.011,0.0,0.9396165571776517,0.24059046491793043,1.3890405867879159
Syria,SYR,2002,0,0,33.5138,36.2765,17468335.0,0.04,1.256,0.287,2.331,0.039220713153281295,0.8135933336358124,0.2523139286139896,1.2032725592115425
Syria,SYR,2003,0,0,33.5138,36.2765,17889297.0,0.384,1.223,0.297,3.096,0.32497785719547784,0.7988576349820595,0.26005390533430683,1.4100108877372066
Syria,SYR,2004,0,0,33.5138,36.2765,18336879.0,0.058,1.091,0.3,2.819,0.05638033343610764,0.7376424204464965,0.26236426446749106,1.3399886082433792
Syria,SYR,2005,0,0,33.5138,36.2765,18814092.0,0.046,1.091,0.324,2.719,0.044973365642731154,0.7376424204464965,0.28065745751481647,1.313454814942933
Syria,SYR,2006,0,0,33.5138,36.2765,19637016.0,0.203,0.999,0.327,2.752,0.18481843699254183,0.692647055518263,0.28292075535007044,1.322289031143978
Syria,SYR,2007,0,0,33.5138,36.2765,20884136.0,0.021,0.948,0.31,3.207,0.020782539182528505,0.6668032052203433,0.27002713721306015,1.4367498046083838
Syria,SYR,2008,0,0,33.5138,36.2765,21636566.0,-0.019,0.844,0.281,3.147,0.0,0.611937125134402,0.24764102291459722,1.4223851812642443
Syria,SYR,2009,0,0,33.5138,36.2765,21976971.0,0.036,0.896,0.257,2.879,0.035367143837291316,0.6397464038328301,0.22872792960811036,1.3555773884578302
Syria,SYR,2010,0,0,33.5138,36.2765,22482417.0,0.029,0.854,0.222,2.76,0.028587456851912555,0.6173454671436635,0.20048886074940359,1.324418957401803
Syria,SYR,2011,0,0,33.5138,36.2765,22878104.0,0.034,0.814,0.239,2.582,0.03343477608623739,0.5955343516929449,0.21430460264700538,1.27592130363852
Syria,SYR,2012,0,0,33.5138,36.2765,22759763.0,0.009,0.596,0.226,2.036,0.008959741371471904,0.46750049902761703,0.20375683751401966,1.1105408595333834
Syria,SYR,2013,0,0,33.5138,36.2765,21666921.0,-0.002,0.493,0.203,1.581,0.0,0.4007875185570533,0.18481843699254183,0.9481769207364767
Syria,SYR,2014,0,0,33.5138,36.2765,20273661.0,-0.023,0.491,0.208,1.72,0.0,0.3994470357826014,0.1889660995126232,1.000631880307906
Syria,SYR,2015,0,0,33.5138,36.2765,19424615.0,-0.025,0.489,0.206,1.602,0.0,0.3981047537018719,0.1873090983049937,0.9562803800903136
Syria,SYR,2016,0,0,33.5138,36.2765,19193835.0,-0.01,0.484,0.201,1.519,0.0,0.3947411447451887,0.1831545430978465,0.9238619973704731
Syria,SYR,2017,0,0,33.5138,36.2765,19224671.0,-0.03,0.457,0.182,1.793,0.0,0.3763795272130678,0.16720791898390644,1.0271162869630397
Syria,SYR,2018,0,0,33.5138,36.2765,19577849.0,-0.055,0.359,0.181,1.623,0.0,0.30674913516900665,0.16636153721522526,0.9643187008847366
Syria,SYR,2019,0,0,33.5138,36.2765,20353536.0,-0.036,0.342,0.194,1.645,0.0,0.29416103854949005,0.17730901497041035,0.9726710653102627
Syria,SYR,2020,0,0,33.5138,36.2765,21049431.0,-0.162,0.335,0.19,1.537,0.0,0.2889312918522129,0.173953307123438,0.9309822806171448
Syria,SYR,2021,0,0,33.5138,36.2765,21628837.0,-0.256,0.304,0.176,1.503,0.0,0.2654364635044612,0.16211884947643518,0.9174900124496371
Syria,SYR,2022,0,0,33.5138,36.2765,22462170.0,-0.261,0.282,0.174,1.399,0.0,0.24842135849847827,0.16041672140590468,0.8750519838575576
Syria,SYR,2023,0,0,33.5138,36.2765,23594623.0,-0.259,0.273,0.177,1.342,0.0,0.24137631957526948,0.16296882827813966,0.8510052651755257
Syria,SYR,2024,0,0,33.5138,36.2765,24672758.0,-0.259,0.249,0.165,1.288,0.0,0.22234323114344062,0.1527210870176639,0.8276780735175515
Tajikistan,TJK,1961,0,0,38.5598,68.787,2181813.0,1.315,1.363,0.42,2.229,0.8394096875381973,0.8599319982047707,0.35065687161316933,1.1721724917761382
Tajikistan,TJK,1962,0,0,38.5598,68.787,2255032.0,0.912,1.4,0.432,2.265,0.6481498146292095,0.8754687373538999,0.35907206853845386,1.1832597627283945
Tajikistan,TJK,1963,0,0,38.5598,68.787,2331737.0,0.659,1.422,0.429,2.35,0.5062150112083075,0.8845936451309004,0.3569748989477303,1.208960345836975
Tajikistan,TJK,1964,0,0,38.5598,68.787,2411270.0,0.563,1.364,0.417,2.417,0.44660705143933954,0.8603550995438518,0.3485419607085434,1.2287629731331546
Tajikistan,TJK,1965,0,0,38.5598,68.787,2493004.0,0.361,1.345,0.413,2.481,0.30821972366932904,0.8522854018982426,0.3457151037023904,1.2473196088293017
Tajikistan,TJK,1966,0,0,38.5598,68.787,2577187.0,0.327,1.373,0.438,2.534,0.28292075535007044,0.8641549774536265,0.36325325929885494,1.2624303738975047
Tajikistan,TJK,1967,0,0,38.5598,68.787,2664141.0,0.289,1.38,0.438,2.565,0.25386672395705034,0.8671004876833833,0.36325325929885494,1.2711640538662592
Tajikistan,TJK,1968,0,0,38.5598,68.787,2753847.0,0.289,1.352,0.436,2.552,0.25386672395705034,0.8552660300363806,0.36186147062603247,1.2675108251299236
Tajikistan,TJK,1969,0,0,38.5598,68.787,2845276.0,0.252,1.314,0.426,2.574,0.22474227267790678,0.8389776287714849,0.3548733219921042,1.2736854167372362
Tajikistan,TJK,1970,0,0,38.5598,68.787,2936784.0,0.194,1.262,0.434,2.623,0.17730901497041035,0.8162493776939287,0.3604677421774286,1.2873024119129401
Tajikistan,TJK,1971,0,0,38.5598,68.787,3028841.0,0.19,1.277,0.446,2.704,0.173953307123438,0.8228587870816025,0.3688011237365729,1.309413316783933
Tajikistan,TJK,1972,0,0,38.5598,68.787,3123696.0,0.166,1.271,0.446,2.764,0.15357908792830063,0.8202202631234213,0.3688011237365729,1.3254822217231332
Tajikistan,TJK,1973,0,0,38.5598,68.787,3222299.0,0.217,1.253,0.457,2.797,0.19638881400539013,0.8122626614501073,0.3763795272130678,1.3342112812496654
Tajikistan,TJK,1974,0,0,38.5598,68.787,3324503.0,0.153,1.244,0.454,2.82,0.14236724128692196,0.8082599876604499,0.37431837911132765,1.3402504226184837
Tajikistan,TJK,1975,0,0,38.5598,68.787,3430428.0,0.134,1.233,0.452,2.878,0.12575120530556033,0.8033459728580209,0.3729419164026044,1.3553195568204601
Tajikistan,TJK,1976,0,0,38.5598,68.787,3540077.0,0.141,1.208,0.445,2.899,0.13190507087993858,0.7920871284148489,0.36810932156439546,1.3607201100004602
Tajikistan,TJK,1977,0,0,38.5598,68.787,3653264.0,0.11,1.176,0.433,2.907,0.10436001532424277,0.7774883289936961,0.3597701488460348,1.3627698160729336
Tajikistan,TJK,1978,0,0,38.5598,68.787,3768514.0,0.068,1.163,0.435,2.918,0.0657877405380031,0.7714961469709217,0.3611648492115844,1.365581319522349
Tajikistan,TJK,1979,0,0,38.5598,68.787,3882697.0,0.08,1.146,0.415,2.857,0.07696104113612832,0.7636056442085067,0.34712953109520095,1.3498896792260908
Tajikistan,TJK,1980,0,0,38.5598,68.787,3995258.0,0.089,1.129,0.42,2.887,0.08525984395082342,0.7556523859113424,0.35065687161316933,1.3576376518700861
Tajikistan,TJK,1981,0,0,38.5598,68.787,4109026.0,0.083,1.097,0.406,2.76,0.07973496801885356,0.7405077519197829,0.3407487933884732,1.324418957401803
Tajikistan,TJK,1982,0,0,38.5598,68.787,4227177.0,0.089,1.075,0.41,2.734,0.08525984395082342,0.7299611536826616,0.3435897043900769,1.3174800451195308
Tajikistan,TJK,1983,0,0,38.5598,68.787,4350877.0,0.068,1.055,0.42,2.698,0.0657877405380031,0.7202758479481979,0.35065687161316933,1.3077921329649331
Tajikistan,TJK,1984,0,0,38.5598,68.787,4480027.0,0.07,1.044,0.409,2.647,0.06765864847381481,0.714908672341458,0.3428802329165431,1.293904911826543
Tajikistan,TJK,1985,0,0,38.5598,68.787,4619006.0,0.064,1.022,0.409,2.767,0.06203539091945264,0.7040871205982797,0.3428802329165431,1.326278928709904
Tajikistan,TJK,1986,0,0,38.5598,68.787,4772150.0,0.058,0.991,0.405,2.588,0.05638033343610764,0.6886370250820593,0.3400373027857091,1.2775949441965497
Tajikistan,TJK,1987,0,0,38.5598,68.787,4939063.0,0.028,0.969,0.397,2.433,0.027615167032973367,0.6775257996569884,0.3343270802748248,1.233434514475555
Tajikistan,TJK,1988,0,0,38.5598,68.787,5114988.0,-0.01,0.93,0.376,2.535,0.0,0.6575200029167942,0.31918073951115195,1.2627132993485362
Tajikistan,TJK,1989,0,0,38.5598,68.787,5267255.0,-0.013,0.911,0.348,2.441,0.0,0.647626665258136,0.2986220124901153,1.2357621268153434
Tajikistan,TJK,1990,0,0,38.5598,68.787,5398773.0,0.006,0.886,0.326,2.28,0.005982071677547464,0.6344581842112658,0.28216689176367077,1.1878434223960523
Tajikistan,TJK,1991,0,0,38.5598,68.787,5541200.0,0.038,0.821,0.295,1.807,0.037295784743696894,0.5993858007454709,0.25851069515150105,1.0321162973797453
Tajikistan,TJK,1992,0,0,38.5598,68.787,5649397.0,0.162,0.703,0.253,1.298,0.1501426584297195,0.5323914016805512,0.22554067591393126,0.8320391794265639
Tajikistan,TJK,1993,0,0,38.5598,68.787,5725001.0,-0.004,0.636,0.211,0.9,0.0,0.4922542381805553,0.19144646457095518,0.6418538861723948
Tajikistan,TJK,1994,0,0,38.5598,68.787,5825371.0,-0.104,0.6,0.198,0.403,0.0,0.4700036292457355,0.1806534996932576,0.3386128011203239
Tajikistan,TJK,1995,0,0,38.5598,68.787,5948588.0,-0.195,0.562,0.186,0.409,0.0,0.44596705141749426,0.1705863005755337,0.3428802329165431
Tajikistan,TJK,1996,0,0,38.5598,68.787,6066524.0,-0.075,0.526,0.168,0.465,0.0,0.42264993286226527,0.15529288440603534,0.38185524246903063
Tajikistan,TJK,1997,0,0,38.5598,68.787,6139829.0,-0.204,0.513,0.173,0.35,0.0,0.4140944348062189,0.1595645696713384,0.30010459245033805
Tajikistan,TJK,1998,0,0,38.5598,68.787,6176403.0,-0.191,0.497,0.155,0.404,0.0,0.4034631054374913,0.14410034397375687,0.3393253056036194
Tajikistan,TJK,1999,0,0,38.5598,68.787,6208373.0,-0.157,0.501,0.137,0.406,0.0,0.4061315526513249,0.128393214768399,0.3407487933884732
Tajikistan,TJK,2000,0,0,38.5598,68.787,6284737.0,-0.153,0.513,0.134,0.356,0.0,0.4140944348062189,0.12575120530556033,0.3045391895182038
Tajikistan,TJK,2001,0,0,38.5598,68.787,6407376.0,-0.137,0.511,0.136,0.357,0.0,0.41277168329060254,0.12751332029895962,0.30527638085273207
Tajikistan,TJK,2002,0,0,38.5598,68.787,6531674.0,-0.13,0.517,0.142,0.287,0.0,0.4167347003663952,0.13278111123381847,0.2523139286139896
Tajikistan,TJK,2003,0,0,38.5598,68.787,6658575.0,-0.128,0.528,0.138,0.311,0.0,0.42395969074432877,0.12927233570413918,0.2707902047815628
Tajikistan,TJK,2004,0,0,38.5598,68.787,6790555.0,-0.102,0.548,0.145,0.377,0.0,0.4369637751675354,0.13540463700620295,0.3199072197465178
Tajikistan,TJK,2005,0,0,38.5598,68.787,6924722.0,-0.058,0.571,0.146,0.352,0.0,0.4517123592734841,0.1362776182925478,0.30158497762077235
Tajikistan,TJK,2006,0,0,38.5598,68.787,7057566.0,-0.068,0.589,0.161,0.376,0.0,0.4631048875545789,0.14928170271575444,0.31918073951115195
Tajikistan,TJK,2007,0,0,38.5598,68.787,7194479.0,-0.044,0.606,0.163,0.449,0.0,0.4737466155245699,0.1510028735365274,0.3708736633385453
Tajikistan,TJK,2008,0,0,38.5598,68.787,7338402.0,0.052,0.666,0.181,0.395,0.050693114315518116,0.510425543744651,0.16636153721522526,0.33289441527332897
Tajikistan,TJK,2009,0,0,38.5598,68.787,7490232.0,-0.077,0.69,0.191,0.326,0.0,0.5247285289349821,0.17479329037316305,0.28216689176367077
Tajikistan,TJK,2010,0,0,38.5598,68.787,7652144.0,-0.106,0.687,0.19,0.331,0.0,0.5229518035638313,0.173953307123438,0.2859305394129746
Tajikistan,TJK,2011,0,0,38.5598,68.787,7824788.0,-0.119,0.695,0.188,0.299,0.0,0.5276827408324135,0.1722712209404532,0.2615947376884625
Tajikistan,TJK,2012,0,0,38.5598,68.787,8014087.0,0.12,0.725,0.198,0.366,0.11332868530700317,0.5452270504833231,0.1806534996932576,0.3118867611485983
Tajikistan,TJK,2013,0,0,38.5598,68.787,8216733.0,0.239,0.736,0.204,0.354,0.21430460264700538,0.5515836162381584,0.1856493468866293,0.30306317449008324
Tajikistan,TJK,2014,0,0,38.5598,68.787,8425559.0,0.311,0.752,0.206,0.547,0.2707902047815628,0.5607579925141997,0.1873090983049937,0.4363175715909291
Tajikistan,TJK,2015,0,0,38.5598,68.787,8643839.0,0.348,0.769,0.211,0.614,0.2986220124901153,0.5704144151776482,0.19144646457095518,0.47871556984775704
Tajikistan,TJK,2016,0,0,38.5598,68.787,8865623.0,0.382,0.785,0.207,0.679,0.32353172534547814,0.5794184152316024,0.18813794211539445,0.5181983780954038
Tajikistan,TJK,2017,0,0,38.5598,68.787,9085942.0,0.204,0.794,0.205,0.757,0.1856493468866293,0.5844477636366044,0.1864795669426183,0.5636078092049601
Tajikistan,TJK,2018,0,0,38.5598,68.787,9307345.0,0.111,0.787,0.202,0.868,0.10526051065749295,0.5805382361772911,0.18398683611301583,0.6248683398066509
Tajikistan,TJK,2019,0,0,38.5598,68.787,9529970.0,0.07,0.786,0.24,0.914,0.06765864847381481,0.5799784824543073,0.2151113796169455,0.6491952930307625
Tajikistan,TJK,2020,0,0,38.5598,68.787,9749312.0,0.044,0.784,0.241,0.967,0.04305948946044697,0.5788580341578177,0.21591750622247016,0.676509539406922
Tajikistan,TJK,2021,0,0,38.5598,68.787,9966912.0,0.025,0.771,0.243,0.942,0.0246926125903715,0.5715443588006965,0.21752781252857406,0.6637183698691331
Tajikistan,TJK,2022,0,0,38.5598,68.787,10182228.0,0.015,0.773,0.243,1.033,0.014888612493750654,0.5726730270920708,0.21752781252857406,0.7095125346462096
Tajikistan,TJK,2023,0,0,38.5598,68.787,10389807.0,0.01,0.768,0.242,0.988,0.009950330853168083,0.5698489642154517,0.21672298351128702,0.6871291082343823
Tajikistan,TJK,2024,0,0,38.5598,68.787,10590930.0,0.007,0.765,0.244,1.014,0.006975613736425242,0.5681506903852601,0.2183319943169877,0.7001227942963706
Thailand,THA,1961,1,1,13.7563,100.5018,27650335.0,7.846,1.835,0.241,0.15,2.179965379446135,1.0420419371797154,0.21591750622247016,0.13976194237515868
Thailand,THA,1962,1,1,13.7563,100.5018,28481048.0,10.502,1.87,0.242,0.177,2.4425209332915627,1.0543120297715298,0.21672298351128702,0.16296882827813966
Thailand,THA,1963,1,1,13.7563,100.5018,29342315.0,8.911,1.825,0.241,0.19,2.2936452514245715,1.0385083645984043,0.21591750622247016,0.173953307123438
Thailand,THA,1964,1,1,13.7563,100.5018,30232136.0,8.096,1.768,0.237,0.247,2.207834756448235,1.0181250377554232,0.21268909341035083,0.2207406666978994
Thailand,THA,1965,1,1,13.7563,100.5018,31149337.0,7.771,1.733,0.235,0.239,2.1714508249692446,1.005399906945931,0.2110709700799405,0.21430460264700538
Thailand,THA,1966,1,1,13.7563,100.5018,32086073.0,7.329,1.855,0.243,0.295,2.1197434009532032,1.0490718431079735,0.21752781252857406,0.25851069515150105
Thailand,THA,1967,1,1,13.7563,100.5018,33037797.0,6.876,1.699,0.239,0.368,2.063820160776879,0.9928813340358676,0.21430460264700538,0.3133498192003587
Thailand,THA,1968,1,1,13.7563,100.5018,34002562.0,6.444,1.743,0.24,0.502,2.0074083387800044,1.0090522119554661,0.2151113796169455,0.406797553341943
Thailand,THA,1969,1,1,13.7563,100.5018,34973784.0,7.076,1.758,0.242,0.416,2.088896700450591,1.01450577937111,0.21672298351128702,0.34783599527152803
Thailand,THA,1970,1,1,13.7563,100.5018,35954411.0,5.649,1.691,0.247,0.427,1.894466467420318,0.9899128717447688,0.2207406666978994,0.3555743384946994
Thailand,THA,1971,1,1,13.7563,100.5018,36937392.0,11.107,1.661,0.236,0.52,2.493783797725603,0.9787019919955522,0.211880359035499,0.41871033485818504
Thailand,THA,1972,1,1,13.7563,100.5018,37933932.0,13.559,1.582,0.226,0.574,2.6782093590911886,0.9485642924244508,0.20375683751401966,0.45362014999521144
Thailand,THA,1973,1,1,13.7563,100.5018,38947791.0,14.126,1.657,0.23,0.625,2.716415117433838,0.9771976667776765,0.20701416938432612,0.4855078157817008
Thailand,THA,1974,1,1,13.7563,100.5018,39952896.0,10.428,1.577,0.223,0.604,2.436066484368527,0.946625931670228,0.20130685670503531,0.47250050944432276
Thailand,THA,1975,1,1,13.7563,100.5018,40939999.0,8.614,1.671,0.224,0.592,2.263220369471769,0.9824529341278239,0.20212418409013436,0.46499108742219125
Thailand,THA,1976,1,1,13.7563,100.5018,41896511.0,8.256,1.642,0.233,0.682,2.2252719898913753,0.9715362061001336,0.20945022418220727,0.5199835615507563
Thailand,THA,1977,1,1,13.7563,100.5018,42843973.0,7.994,1.677,0.234,0.744,2.196557688348516,0.9846967645382154,0.21026092548319608,0.5561813254867879
Thailand,THA,1978,1,1,13.7563,100.5018,43788976.0,7.136,1.69,0.24,0.794,2.096298658746259,0.9895411936137477,0.2151113796169455,0.5844477636366044
Thailand,THA,1979,1,1,13.7563,100.5018,44718436.0,5.975,1.629,0.23,0.814,1.9423323277074294,0.9666035457477442,0.20701416938432612,0.5955343516929449
Thailand,THA,1980,1,1,13.7563,100.5018,45650031.0,6.553,1.63,0.22,0.871,2.0219448353313108,0.9669838461896731,0.1988508587451652,0.6264730472919525
Thailand,THA,1981,1,1,13.7563,100.5018,46575851.0,6.758,1.624,0.23,0.806,2.0487245690177756,0.9646998710818426,0.20701416938432612,0.5911144549947938
Thailand,THA,1982,1,1,13.7563,100.5018,47494577.0,4.8,1.593,0.239,0.787,1.7578579175523736,0.9528155065565274,0.21430460264700538,0.5805382361772911
Thailand,THA,1983,1,1,13.7563,100.5018,48423309.0,4.046,1.581,0.251,0.863,1.618595850218866,0.9481769207364767,0.22394323148477407,0.6221880916194514
Thailand,THA,1984,1,1,13.7563,100.5018,49351711.0,5.913,1.57,0.247,0.915,1.933403696963128,0.9439058989071285,0.2207406666978994,0.6497176226326093
Thailand,THA,1985,1,1,13.7563,100.5018,50270754.0,4.794,1.591,0.248,0.952,1.7568228993471586,0.9520439015799729,0.22154226994723591,0.6688544879909007
Thailand,THA,1986,1,1,13.7563,100.5018,51177832.0,5.713,1.538,0.253,0.957,1.9040459449566145,0.9313763692921959,0.22554067591393126,0.6714126884139392
Thailand,THA,1987,1,1,13.7563,100.5018,52074109.0,4.026,1.527,0.252,1.033,1.6146244391214004,0.9270328284060572,0.22474227267790678,0.7095125346462096
Thailand,THA,1988,1,1,13.7563,100.5018,52969595.0,2.728,1.58,0.262,1.147,1.3158718968233447,0.9477893989335261,0.23269776411902143,0.7640715188966439
Thailand,THA,1989,1,1,13.7563,100.5018,53848955.0,2.255,1.598,0.27,1.331,1.1801922756605325,0.9547419182484078,0.23901690047049992,0.8462973600536201
Thailand,THA,1990,1,1,13.7563,100.5018,54738329.0,2.379,1.513,0.276,1.581,1.217579807732153,0.9214772585614551,0.24373018492259815,0.9481769207364767
Thailand,THA,1991,1,1,13.7563,100.5018,55637436.0,1.546,1.563,0.283,1.708,0.9345235001352148,0.941178447381934,0.24920108563349935,0.9962103550500285
Thailand,THA,1992,1,1,13.7563,100.5018,56528832.0,1.157,1.542,0.292,1.867,0.7687183674070194,0.9329511727672624,0.2561914053604101,1.0532661869012327
Thailand,THA,1993,1,1,13.7563,100.5018,57408198.0,1.453,1.492,0.307,2.123,0.8973117652763523,0.9130856009252067,0.2677344346420849,1.1387940783009416
Thailand,THA,1994,1,1,13.7563,100.5018,58260855.0,1.684,1.464,0.305,2.349,0.9873082191094353,0.9017860456712733,0.26620304077465673,1.2086617938120676
Thailand,THA,1995,1,1,13.7563,100.5018,59098231.0,1.759,1.412,0.293,2.6,1.014868295235149,0.8804562788649389,0.25696509978972043,1.2809338454620642
Thailand,THA,1996,1,1,13.7563,100.5018,59920059.0,1.758,1.379,0.297,2.897,1.01450577937111,0.8666802313208206,0.26005390533430683,1.3602070263565722
Thailand,THA,1997,1,1,13.7563,100.5018,60724588.0,1.543,1.395,0.29,2.984,0.9333444864399826,0.8733832308628786,0.25464221837358075,1.3822863397223517
Thailand,THA,1998,1,1,13.7563,100.5018,61522632.0,1.539,1.322,0.282,2.596,0.9317703027225414,0.8424288832756998,0.24842135849847827,1.279822116609374
Thailand,THA,1999,1,1,13.7563,100.5018,62299039.0,1.433,1.335,0.29,2.684,0.8891250638013856,0.8480118911208606,0.25464221837358075,1.3039991183930604
Thailand,THA,2000,1,1,13.7563,100.5018,63007815.0,1.492,1.312,0.273,2.656,0.9130856009252067,0.838112950810131,0.24137631957526948,1.2963696535919036
Thailand,THA,2001,1,1,13.7563,100.5018,63651137.0,1.531,1.324,0.278,2.706,0.928614481562987,0.8432898389896648,0.24529635595534308,1.309953127863168
Thailand,THA,2002,1,1,13.7563,100.5018,64266433.0,1.481,1.3,0.289,2.873,0.908661704709664,0.832909122935104,0.25386672395705034,1.3540294005326152
Thailand,THA,2003,1,1,13.7563,100.5018,64868164.0,1.505,1.352,0.311,2.946,0.9182887345368281,0.8552660300363806,0.2707902047815628,1.3727024076004237
Thailand,THA,2004,1,1,13.7563,100.5018,65452049.0,1.537,1.369,0.313,3.168,0.9309822806171448,0.8624679251766484,0.27231459532065916,1.4274363044510658
Thailand,THA,2005,1,1,13.7563,100.5018,66017415.0,1.565,1.394,0.3,3.246,0.9419584786227329,0.8729656071357814,0.26236426446749106,1.4459773632810644
Thailand,THA,2006,1,1,13.7563,100.5018,66567685.0,1.545,1.4,0.3,3.242,0.9341306500024861,0.8754687373538999,0.26236426446749106,1.4450348561424906
Thailand,THA,2007,1,1,13.7563,100.5018,67102388.0,1.913,1.459,0.334,3.339,1.0691834779772975,0.8997547632340556,0.288181947493432,1.4676439068162137
Thailand,THA,2008,1,1,13.7563,100.5018,67619835.0,1.64,1.463,0.322,3.316,0.9707789171582247,0.9013801191384009,0.27914574142949455,1.462329047395888
Thailand,THA,2009,1,1,13.7563,100.5018,68121077.0,1.56,1.496,0.348,3.359,0.9400072584914712,0.9146894505071812,0.2986220124901153,1.4722426732562555
Thailand,THA,2010,1,1,13.7563,100.5018,68579443.0,1.662,1.566,0.361,3.514,0.9790777199729198,0.9423482661934447,0.30821972366932904,1.5071836783953438
Thailand,THA,2011,1,1,13.7563,100.5018,69007212.0,1.299,1.537,0.357,3.549,0.8324742457810445,0.9309822806171448,0.30527638085273207,1.514907428587867
Thailand,THA,2012,1,1,13.7563,100.5018,69436091.0,1.05,1.539,0.357,3.778,0.7178397931503169,0.9317703027225414,0.30527638085273207,1.5640220489036178
Thailand,THA,2013,1,1,13.7563,100.5018,69845112.0,0.959,1.512,0.358,3.776,0.6724341389624037,0.9210792486059522,0.30601302913650436,1.563603376090301
Thailand,THA,2014,1,1,13.7563,100.5018,70216362.0,1.1,1.426,0.34,3.881,0.7419373447293773,0.8862438105218584,0.29266961396282004,1.5853501169050104
Thailand,THA,2015,1,1,13.7563,100.5018,70540787.0,0.889,1.362,0.31,3.928,0.6360475885193725,0.8595087177751706,0.27002713721306015,1.5949332262312186
Thailand,THA,2016,1,1,13.7563,100.5018,70859835.0,0.787,1.374,0.328,4.009,0.5805382361772911,0.8645762961874763,0.2836740510542421,1.6112362943754799
Thailand,THA,2017,1,1,13.7563,100.5018,71160183.0,0.754,1.355,0.344,3.982,0.5618988939499913,0.8565407274683811,0.2956502421009578,1.6058314168399888
Thailand,THA,2018,1,1,13.7563,100.5018,71376081.0,1.247,1.306,0.319,4.039,0.8095959932031922,0.8355144218468673,0.2768738737351776,1.6172076496984609
Thailand,THA,2019,1,1,13.7563,100.5018,71522264.0,1.887,1.252,0.306,3.941,1.0602179006807981,0.8118187102774439,0.26696903085423934,1.597567739863613
Thailand,THA,2020,1,1,13.7563,100.5018,71641484.0,2.008,1.293,0.318,3.796,1.1012754060875933,0.8298610038757673,0.27611543608031547,1.5677822371652679
Thailand,THA,2021,1,1,13.7563,100.5018,71727338.0,1.254,1.304,0.306,3.724,0.8127064156175846,0.8346467428336448,0.26696903085423934,1.552655898335116
Thailand,THA,2022,1,1,13.7563,100.5018,71735321.0,1.472,1.324,0.288,3.8,0.9050275395954444,0.8432898389896648,0.25309062768216184,1.5686159179138452
Thailand,THA,2023,1,1,13.7563,100.5018,71702436.0,1.543,1.302,0.286,3.692,0.9333444864399826,0.833778310299691,0.25153662581542763,1.5458589307912292
Thailand,THA,2024,1,1,13.7563,100.5018,71668010.0,1.566,1.337,0.28,3.736,0.9423482661934447,0.8488680555567208,0.2468600779315258,1.5551928975817046
Turkey,TUR,1961,0,0,39.9334,32.8597,29119235.0,3.269,1.068,0.539,0.596,1.451379607775825,0.7265819566461827,0.4311328548567422,0.46750049902761703
Turkey,TUR,1962,0,0,39.9334,32.8597,29916149.0,4.723,1.042,0.521,0.722,1.7444931434269653,0.7139297197424739,0.41936801327715584,0.543486406005539
Turkey,TUR,1963,0,0,39.9334,32.8597,30726846.0,3.092,1.015,0.518,0.737,1.40903384808938,0.7006191953986463,0.4173936789734382,0.5521594872589679
Turkey,TUR,1964,0,0,39.9334,32.8597,31543074.0,2.599,0.998,0.507,0.834,1.2806560290968938,0.6921466802263617,0.41012091964435843,0.6064993738342731
Turkey,TUR,1965,0,0,39.9334,32.8597,32345213.0,2.717,0.998,0.514,0.846,1.312916891315115,0.6921466802263617,0.41475515501525706,0.6130211360806604
Turkey,TUR,1966,0,0,39.9334,32.8597,33177679.0,2.04,0.996,0.519,0.95,1.1118575154181303,0.6911451778892722,0.4180522236136358,0.6678293725756554
Turkey,TUR,1967,0,0,39.9334,32.8597,34050420.0,2.558,0.996,0.536,0.983,1.2691985892436433,0.6911451778892722,0.42918163472548043,0.6846108495376589
Turkey,TUR,1968,0,0,39.9334,32.8597,34921681.0,4.617,0.987,0.547,1.038,1.7257977135502958,0.6866259635696798,0.4363175715909291,0.7119689348005331
Turkey,TUR,1969,0,0,39.9334,32.8597,35787778.0,2.54,0.966,0.552,1.083,1.264126727145683,0.6760010217249748,0.43954442176102704,0.733809162278835
Turkey,TUR,1970,0,0,39.9334,32.8597,36638458.0,2.424,0.928,0.512,1.162,1.2308094582794957,0.6564831961883539,0.4134332777573413,0.7710337192170165
Turkey,TUR,1971,0,0,39.9334,32.8597,37518610.0,3.186,0.893,0.51,1.27,1.431745624023808,0.6381628722271858,0.412109650826833,0.8197798314933114
Turkey,TUR,1972,0,0,39.9334,32.8597,38430215.0,2.237,0.89,0.513,1.398,1.1746469749441073,0.636576829071551,0.4140944348062189,0.8746350566053225
Turkey,TUR,1973,0,0,39.9334,32.8597,39329533.0,1.548,0.882,0.513,1.509,0.935308737709917,0.632335041163188,0.4140944348062189,0.9198842673842852
Turkey,TUR,1974,0,0,39.9334,32.8597,40210234.0,1.166,0.878,0.491,1.516,0.7728821485787989,0.6302073807860712,0.3994470357826014,0.922670338838194
Turkey,TUR,1975,0,0,39.9334,32.8597,41053123.0,1.097,0.867,0.523,1.595,0.7405077519197829,0.6243328645595856,0.42068207391302476,0.953586516617852
Turkey,TUR,1976,0,0,39.9334,32.8597,41899990.0,1.322,0.869,0.547,1.752,0.8424288832756998,0.6254035284734257,0.4363175715909291,1.0123279200710973
Turkey,TUR,1977,0,0,39.9334,32.8597,42773301.0,1.152,0.865,0.556,1.898,0.766397642299538,0.6232610530957788,0.4421184257561999,1.0640208438984906
Turkey,TUR,1978,0,0,39.9334,32.8597,43645306.0,2.457,0.863,0.566,1.76,1.2404011609394874,0.6221880916194514,0.44852459756861135,1.0152306797290587
Turkey,TUR,1979,0,0,39.9334,32.8597,44510430.0,1.276,0.859,0.544,1.688,0.8224195162640845,0.620038708739307,0.4343764516025845,0.9887974226609031
Turkey,TUR,1980,0,0,39.9334,32.8597,45408818.0,1.07,0.862,0.559,1.659,0.7275486072772778,0.6216511788548753,0.4440445900756395,0.9779501122608828
Turkey,TUR,1981,0,0,39.9334,32.8597,46321190.0,0.159,0.873,0.56,1.712,0.14755756435761466,0.6275414234619514,0.44468582126144574,0.9976863700781491
Turkey,TUR,1982,0,0,39.9334,32.8597,47322104.0,-0.038,0.862,0.56,1.825,0.0,0.6216511788548753,0.44468582126144574,1.0385083645984043
Turkey,TUR,1983,0,0,39.9334,32.8597,48447413.0,1.432,0.809,0.548,1.857,0.8887139641039206,0.5927742064131581,0.4369637751675354,1.0497721232486361
Turkey,TUR,1984,0,0,39.9334,32.8597,49574065.0,1.068,0.786,0.527,1.918,0.7265819566461827,0.5799784824543073,0.4233050262364954,1.0708984501005938
Turkey,TUR,1985,0,0,39.9334,32.8597,50687118.0,0.772,0.714,0.48,2.089,0.5721088521828892,0.538829820175588,0.3920420877760237,1.1278474139364447
Turkey,TUR,1986,0,0,39.9334,32.8597,51777768.0,1.472,0.719,0.485,2.238,0.9050275395954444,0.5417427264007122,0.3954147722546629,1.1749558552554433
Turkey,TUR,1987,0,0,39.9334,32.8597,52843671.0,0.696,0.721,0.504,2.436,0.5282725373697112,0.5429055172294024,0.4081282255276481,1.234308004122009
Turkey,TUR,1988,0,0,39.9334,32.8597,53909628.0,1.007,0.698,0.489,2.32,0.696641069814201,0.5294510878891555,0.3981047537018719,1.199964782928397
Turkey,TUR,1989,0,0,39.9334,32.8597,54976719.0,0.493,0.693,0.48,2.509,0.4007875185570533,0.5265021031509982,0.3920420877760237,1.255331096601078
Turkey,TUR,1990,0,0,39.9334,32.8597,56015627.0,0.577,0.654,0.479,2.759,0.4555243079809013,0.5031965966014996,0.3913661837286627,1.324152964582041
Turkey,TUR,1991,0,0,39.9334,32.8597,57009892.0,0.322,0.617,0.464,2.826,0.27914574142949455,0.48057258059496977,0.38117241553911985,1.341819871018061
Turkey,TUR,1992,0,0,39.9334,32.8597,57990121.0,0.267,0.627,0.486,2.884,0.23665190133900202,0.48673782823690076,0.39608794629556743,1.3568655504290785
Turkey,TUR,1993,0,0,39.9334,32.8597,58999164.0,0.542,0.605,0.497,2.954,0.4330802751411378,0.4731237565819792,0.4034631054374913,1.3747277247484253
Turkey,TUR,1994,0,0,39.9334,32.8597,60033832.0,0.428,0.585,0.433,2.842,0.35627486391739266,0.46058440732924394,0.3597701488460348,1.345993064346365
Turkey,TUR,1995,0,0,39.9334,32.8597,61024501.0,0.163,0.601,0.463,3.026,0.1510028735365274,0.4706284340145776,0.3804891220379873,1.3927733272175997
Turkey,TUR,1996,0,0,39.9334,32.8597,61951134.0,0.104,0.657,0.464,3.278,0.09893994785490356,0.5050087384444258,0.38117241553911985,1.4534856106602139
Turkey,TUR,1997,0,0,39.9334,32.8597,62852968.0,0.487,0.721,0.448,3.429,0.396760667478018,0.5429055172294024,0.3701832939635246,1.4881738249410612
Turkey,TUR,1998,0,0,39.9334,32.8597,63734385.0,0.512,0.742,0.468,3.383,0.4134332777573413,0.555033878430311,0.38390093019232385,1.4777334214366722
Turkey,TUR,1999,0,0,39.9334,32.8597,64591916.0,0.264,0.776,0.464,3.27,0.2342812957246657,0.5743636445699783,0.38117241553911985,1.4516138272405332
Turkey,TUR,2000,0,0,39.9334,32.8597,65425957.0,0.282,0.817,0.455,3.56,0.24842135849847827,0.5971867894140341,0.37500590062345585,1.5173226235262947
Turkey,TUR,2001,0,0,39.9334,32.8597,66245125.0,0.399,0.819,0.41,3.274,0.3357576956833441,0.5982868995359851,0.3435897043900769,1.4525501568969559
Turkey,TUR,2002,0,0,39.9334,32.8597,67048792.0,0.028,0.725,0.414,3.346,0.027615167032973367,0.5452270504833231,0.346422567474381,1.4692558818342378
Turkey,TUR,2003,0,0,39.9334,32.8597,67831735.0,0.692,0.725,0.415,3.536,0.5259112611840315,0.5452270504833231,0.34712953109520095,1.5120455664254508
Turkey,TUR,2004,0,0,39.9334,32.8597,68592621.0,0.304,0.662,0.416,3.613,0.2654364635044612,0.5080216964332565,0.34783599527152803,1.5288784045756836
Turkey,TUR,2005,0,0,39.9334,32.8597,69329557.0,-0.059,0.679,0.409,3.861,0.0,0.5181983780954038,0.3428802329165431,1.5812441780633184
Turkey,TUR,2006,0,0,39.9334,32.8597,70045351.0,0.076,0.756,0.426,4.075,0.07325046173959267,0.5630384952129249,0.3548733219921042,1.6243265249278511
Turkey,TUR,2007,0,0,39.9334,32.8597,70750593.0,-0.185,0.8,0.412,4.473,0.0,0.5877866649021191,0.3450071390710503,1.699826912161781
Turkey,TUR,2008,0,0,39.9334,32.8597,71562343.0,-0.187,0.784,0.391,4.369,0.0,0.5788580341578177,0.33002291294130587,1.6806416714404324
Turkey,TUR,2009,0,0,39.9334,32.8597,72464846.0,-0.107,0.818,0.421,4.396,0.0,0.597736995755287,0.35136084911496357,1.6856579383455095
Turkey,TUR,2010,0,0,39.9334,32.8597,73346766.0,-0.197,0.88,0.406,4.345,0.0,0.6312717768418579,0.3407487933884732,1.6761615444770086
Turkey,TUR,2011,0,0,39.9334,32.8597,74215203.0,-0.117,0.905,0.402,4.638,0.0,0.6444820085786643,0.3378997886123984,1.7295293926919209
Turkey,TUR,2012,0,0,39.9334,32.8597,75197196.0,-0.189,0.964,0.417,4.769,0.0,0.6749832099322741,0.3485419607085434,1.7524987552747524
Turkey,TUR,2013,0,0,39.9334,32.8597,76403032.0,-0.054,0.999,0.438,4.589,0.0,0.692647055518263,0.36325325929885494,1.720800380287561
Turkey,TUR,2014,0,0,39.9334,32.8597,78036154.0,-0.16,1.029,0.428,4.706,0.0,0.7075430608436777,0.35627486391739266,1.7415182527913082
Turkey,TUR,2015,0,0,39.9334,32.8597,80014222.0,-0.052,1.029,0.423,4.845,0.0,0.7075430608436777,0.3527673191077153,1.7655865949240317
Turkey,TUR,2016,0,0,39.9334,32.8597,81652087.0,-0.112,1.042,0.448,4.967,0.0,0.7139297197424739,0.3701832939635246,1.7862442885399448
Turkey,TUR,2017,0,0,39.9334,32.8597,83083667.0,-0.088,1.065,0.439,5.183,0.0,0.7251302264129961,0.36394842790523074,1.8218035905764316
Turkey,TUR,2018,0,0,39.9334,32.8597,84415966.0,-0.457,1.138,0.44,5.021,0.0,0.7598708126028534,0.36464311358790924,1.7952533584823107
Turkey,TUR,2019,0,0,39.9334,32.8597,85357670.0,-0.33,1.152,0.457,4.763,0.0,0.766397642299538,0.3763795272130678,1.7514581724545293
Turkey,TUR,2020,0,0,39.9334,32.8597,86091691.0,-0.003,1.182,0.488,4.836,0.0,0.7802418874108791,0.3974329364109001,1.7640456306605392
Turkey,TUR,2021,0,0,39.9334,32.8597,86686254.0,0.23,1.214,0.474,5.276,0.20701416938432612,0.7948008342864451,0.38797979376714486,1.836732834870786
Turkey,TUR,2022,0,0,39.9334,32.8597,87058469.0,0.004,1.227,0.453,5.095,0.003992021269537453,0.8006553882752306,0.37363038458814585,1.8074687629332349
Turkey,TUR,2023,0,0,39.9334,32.8597,87270502.0,-0.07,1.244,0.459,5.58,0.0,0.8082599876604499,0.3777512695406486,1.884034745337226
Turkey,TUR,2024,0,0,39.9334,32.8597,87473800.0,-0.109,1.278,0.459,5.865,0.0,0.8232978650249904,0.3777512695406486,1.9264360392199344
Turkmenistan,TKM,1961,0,0,37.9601,58.3261,1695407.0,1.09,3.27,0.853,7.364,0.7371640659767197,1.4516138272405332,0.6168059473032227,2.123936781566387
Turkmenistan,TKM,1962,0,0,37.9601,58.3261,1749224.0,0.62,3.45,0.896,7.505,0.4824261492442927,1.4929040961781488,0.6397464038328301,2.140654225847825
Turkmenistan,TKM,1963,0,0,37.9601,58.3261,1804267.0,0.364,3.591,0.918,7.816,0.31042155942127037,1.5240978652670851,0.6512829764612464,2.1765682524105587
Turkmenistan,TKM,1964,0,0,37.9601,58.3261,1860001.0,0.232,3.598,0.932,8.075,0.20863886511132804,1.5256214263409897,0.6585557357903263,2.205523380150914
Turkmenistan,TKM,1965,0,0,37.9601,58.3261,1915919.0,0.059,3.638,0.96,8.321,0.0573250666192694,1.5342832388333398,0.6729444732424258,2.23226991907902
Turkmenistan,TKM,1966,0,0,37.9601,58.3261,1971746.0,0.039,3.73,1.029,8.542,0.03825871211709034,1.5539252025038417,0.7075430608436777,2.255703107093915
Turkmenistan,TKM,1967,0,0,37.9601,58.3261,2027402.0,0.013,3.812,1.056,8.697,0.012916225266546328,1.5711127981124324,0.7207623475929187,2.271816559322409
Turkmenistan,TKM,1968,0,0,37.9601,58.3261,2083075.0,0.07,3.805,1.077,8.713,0.06765864847381481,1.5696570424222558,0.7309245448939752,2.2734651944201936
Turkmenistan,TKM,1969,0,0,37.9601,58.3261,2139031.0,0.024,3.778,1.075,8.844,0.023716526617316044,1.5640220489036178,0.7299611536826616,2.2868621325288094
Turkmenistan,TKM,1970,0,0,37.9601,58.3261,2195617.0,0.049,3.782,1.083,9.056,0.04783732941416013,1.564858869036133,0.733809162278835,2.3081694712879464
Turkmenistan,TKM,1971,0,0,37.9601,58.3261,2253123.0,0.063,3.766,1.124,9.378,0.061095099359810875,1.5615073786765503,0.7533011033796925,2.339688180945548
Turkmenistan,TKM,1972,0,0,37.9601,58.3261,2311431.0,0.064,3.815,1.144,9.625,0.06203539091945264,1.5717360452500888,0.7626732432085556,2.3632097148104805
Turkmenistan,TKM,1973,0,0,37.9601,58.3261,2370918.0,0.089,3.867,1.195,9.789,0.08525984395082342,1.5824777308513172,0.7861820465271347,2.378527096569203
Turkmenistan,TKM,1974,0,0,37.9601,58.3261,2432032.0,0.006,3.895,1.212,9.917,0.005982071677547464,1.5882142759824738,0.7938970836600884,2.3903212072981326
Turkmenistan,TKM,1975,0,0,37.9601,58.3261,2494573.0,0.003,3.959,1.215,10.17,0.002995508979798479,1.601204107506997,0.795252403497099,2.413231613081109
Turkmenistan,TKM,1976,0,0,37.9601,58.3261,2558525.0,0.002,4.007,1.2,10.296,0.001998002662673056,1.6108369333478076,0.7884573603642702,2.4244486807508863
Turkmenistan,TKM,1977,0,0,37.9601,58.3261,2623946.0,-0.05,4.02,1.184,10.38,0.0,1.6134299337036377,0.7811580578826586,2.431857428698185
Turkmenistan,TKM,1978,0,0,37.9601,58.3261,2691095.0,-0.006,4.037,1.187,10.471,0.0,1.6168106667635134,0.7825307416946308,2.4398221112991307
Turkmenistan,TKM,1979,0,0,37.9601,58.3261,2760361.0,-0.045,4.036,1.141,10.291,0.0,1.6166121161821005,0.7612730096075457,2.4240059481983853
Turkmenistan,TKM,1980,0,0,37.9601,58.3261,2832201.0,-0.0,4.011,1.159,10.42,-0.0,1.6116354959775876,0.7696451515326703,2.435366204227864
Turkmenistan,TKM,1981,0,0,37.9601,58.3261,2907193.0,0.015,3.936,1.123,9.967,0.014888612493750654,1.5965552866030868,0.752830182721119,2.394890763778072
Turkmenistan,TKM,1982,0,0,37.9601,58.3261,2985566.0,0.022,3.904,1.125,9.888,0.02176149178151269,1.5900511986339103,0.7537718023763802,2.387661265349165
Turkmenistan,TKM,1983,0,0,37.9601,58.3261,3067535.0,0.005,3.868,1.159,9.762,0.004987541511039074,1.5826831751252808,0.7696451515326703,2.376021411067228
Turkmenistan,TKM,1984,0,0,37.9601,58.3261,3154080.0,0.023,3.84,1.128,9.58,0.02273948696948943,1.5769147207285403,0.7551825714793979,2.3589654264301534
Turkmenistan,TKM,1985,0,0,37.9601,58.3261,3247541.0,0.028,3.749,1.127,10.027,0.027615167032973367,1.5579340695669848,0.7547125362181002,2.4003468107765413
Turkmenistan,TKM,1986,0,0,37.9601,58.3261,3347813.0,0.033,3.739,1.114,10.7,0.032467190137501496,1.5558261429854512,0.748581887448046,2.4595888418037104
Turkmenistan,TKM,1987,0,0,37.9601,58.3261,3452736.0,0.003,3.704,1.094,10.539,0.002995508979798479,1.5484132105963258,0.7390761124483451,2.4457326022125305
Turkmenistan,TKM,1988,0,0,37.9601,58.3261,3559364.0,-0.055,3.639,1.039,10.451,0.0,1.5344988257696066,0.7124594915923181,2.4380770624312023
Turkmenistan,TKM,1989,0,0,37.9601,58.3261,3662464.0,-0.078,3.505,0.91,10.28,0.0,1.5051878910603012,0.6471032420585385,2.423031246069913
Turkmenistan,TKM,1990,0,0,37.9601,58.3261,3760561.0,0.0,3.688,0.84,8.871,0.0,1.5450060522747115,0.6097655716208943,2.289601165435751
Turkmenistan,TKM,1991,0,0,37.9601,58.3261,3855902.0,0.051,3.921,0.776,7.894,0.04974209189481407,1.593511761883841,0.5743636445699783,2.1853768920885046
Turkmenistan,TKM,1992,0,0,37.9601,58.3261,3944689.0,0.818,2.819,0.534,8.111,0.597736995755287,1.3399886082433792,0.42787870294506447,2.2094824747317214
Turkmenistan,TKM,1993,0,0,37.9601,58.3261,4032415.0,1.166,2.848,0.611,6.824,0.7728821485787989,1.34755353280346,0.47685510419483734,2.057195932732516
Turkmenistan,TKM,1994,0,0,37.9601,58.3261,4116662.0,1.346,2.34,0.57,8.312,0.8527117502312838,1.205970806988609,0.4510756193602167,2.231303890989082
Turkmenistan,TKM,1995,0,0,37.9601,58.3261,4191207.0,1.444,2.197,0.548,8.248,0.8936360413093488,1.1622128700777044,0.4369637751675354,2.2244073119300216
Turkmenistan,TKM,1996,0,0,37.9601,58.3261,4263818.0,1.515,2.549,0.547,7.424,0.9222728035517025,1.2666658736643595,0.4363175715909291,2.1310847748316744
Turkmenistan,TKM,1997,0,0,37.9601,58.3261,4336732.0,1.548,1.794,0.552,7.193,0.935308737709917,1.02747426083477,0.43954442176102704,2.1032801311596776
Turkmenistan,TKM,1998,0,0,37.9601,58.3261,4410511.0,1.47,2.459,0.477,7.583,0.9042181506398859,1.2409795299550317,0.39001300354924273,2.1497835027360828
Turkmenistan,TKM,1999,0,0,37.9601,58.3261,4492174.0,1.497,3.313,0.535,8.859,0.9150900112976362,1.4616337176657062,0.4285303810391605,2.2883847435929043
Turkmenistan,TKM,2000,0,0,37.9601,58.3261,4582675.0,0.825,3.518,0.59,8.589,0.6015799870344548,1.5080694180458114,0.4637340162321401,2.260616608171544
Turkmenistan,TKM,2001,0,0,37.9601,58.3261,4675416.0,1.221,3.49,0.595,7.279,0.7979575449122904,1.501852701754163,0.4668737362368079,2.113722188156669
Turkmenistan,TKM,2002,0,0,37.9601,58.3261,4769473.0,1.88,3.949,0.682,6.317,1.0577902941478545,1.5991855359697489,0.5199835615507563,1.990200407901893
Turkmenistan,TKM,2003,0,0,37.9601,58.3261,4863871.0,1.343,4.644,0.761,8.341,0.8514321595256585,1.7305930339905675,0.5658818295140691,2.2344133128907115
Turkmenistan,TKM,2004,0,0,37.9601,58.3261,4958091.0,2.773,4.61,0.79,9.954,1.3278704409821735,1.724550719534605,0.5822156198526637,2.3937046863615294
Turkmenistan,TKM,2005,0,0,37.9601,58.3261,5052260.0,1.723,4.304,0.85,9.487,1.0017342136916225,1.6684612528835614,0.6151856390902335,2.350136394852268
Turkmenistan,TKM,2006,0,0,37.9601,58.3261,5147103.0,0.379,4.369,1.032,9.617,0.32135859881116474,1.6806416714404324,0.7090205297162355,2.362456490031436
Turkmenistan,TKM,2007,0,0,37.9601,58.3261,5244047.0,0.15,4.152,0.945,9.379,0.13976194237515868,1.6393849888020524,0.6652619770704096,2.339784533983152
Turkmenistan,TKM,2008,0,0,37.9601,58.3261,5345033.0,-0.134,4.473,0.962,11.12,0.0,1.699826912161781,0.6739643611431714,2.4948569806411682
Turkmenistan,TKM,2009,0,0,37.9601,58.3261,5451597.0,-0.176,3.633,0.92,9.623,0.0,1.5332046064345113,0.6523251860396903,2.363021461797876
Turkmenistan,TKM,2010,0,0,37.9601,58.3261,5564356.0,-0.236,3.533,0.932,10.636,0.0,1.511383971958712,0.6585557357903263,2.4541037406329553
Turkmenistan,TKM,2011,0,0,37.9601,58.3261,5683413.0,0.036,3.835,0.892,11.464,0.035367143837291316,1.5758811289052577,0.6376344706296866,2.5228444891283925
Turkmenistan,TKM,2012,0,0,37.9601,58.3261,5808548.0,0.506,4.011,0.893,11.524,0.40945712937770185,1.6116354959775876,0.6381628722271858,2.527646803464159
Turkmenistan,TKM,2013,0,0,37.9601,58.3261,5939348.0,-0.382,4.144,0.991,10.833,0.0,1.6378309869353183,0.6886370250820593,2.470892238402422
Turkmenistan,TKM,2014,0,0,37.9601,58.3261,6075286.0,-0.013,4.123,1.0,10.337,0.0,1.6337402049570653,0.6931471805599453,2.4280717130354614
Turkmenistan,TKM,2015,0,0,37.9601,58.3261,6215773.0,0.564,4.131,1.065,10.15,0.4472466421231193,1.6353005719598277,0.7251302264129961,2.411439497906128
Turkmenistan,TKM,2016,0,0,37.9601,58.3261,6360041.0,0.148,3.881,0.988,9.763,0.13802129789737466,1.5853501169050104,0.6871291082343823,2.376114326282161
Turkmenistan,TKM,2017,0,0,37.9601,58.3261,6507065.0,-0.005,3.711,0.947,9.675,0.0,1.549900199717904,0.6662897263900626,2.367904559114688
Turkmenistan,TKM,2018,0,0,37.9601,58.3261,6655523.0,-0.04,3.594,0.941,9.211,0.0,1.5247511042669064,0.6632033041868731,2.323465570573401
Turkmenistan,TKM,2019,0,0,37.9601,58.3261,6803943.0,-0.078,3.535,0.893,9.15,0.0,1.5118250835670999,0.6381628722271858,2.3174737054877963
Turkmenistan,TKM,2020,0,0,37.9601,58.3261,6949915.0,-0.091,3.438,0.99,9.051,0.0,1.4902038245104021,0.688134638736401,2.307672132042603
Turkmenistan,TKM,2021,0,0,37.9601,58.3261,7092042.0,-0.092,3.357,0.895,12.929,0.0,1.471783747135305,0.6392188385343897,2.6339729977058943
Turkmenistan,TKM,2022,0,0,37.9601,58.3261,7230197.0,-0.007,3.304,0.964,14.116,0.0,1.4595448228594832,0.6749832099322741,2.7157537854872427
Turkmenistan,TKM,2023,0,0,37.9601,58.3261,7364437.0,-0.032,3.19,0.943,12.957,0.0,1.4327007339340463,0.664233170395303,2.635981174526507
Turkmenistan,TKM,2024,0,0,37.9601,58.3261,7494494.0,-0.043,3.134,0.96,10.809,0.0,1.4192454612595764,0.6729444732424258,2.4688619526191444
United Arab Emirates,ARE,1961,0,0,24.4539,54.3773,138002.0,-0.089,1.356,1.147,0.08,0.0,0.8569652657893403,0.7640715188966439,0.07696104113612832
United Arab Emirates,ARE,1962,0,0,24.4539,54.3773,144963.0,-0.073,1.324,1.126,0.126,0.0,0.8432898389896648,0.7542422799197561,0.11867152971749864
United Arab Emirates,ARE,1963,0,0,24.4539,54.3773,152223.0,-0.057,1.314,1.112,0.144,0.0,0.8389776287714849,0.7476353658440151,0.13453089295760615
United Arab Emirates,ARE,1964,0,0,24.4539,54.3773,159702.0,-0.007,1.31,1.104,0.115,0.0,0.8372475245337022,0.7438402948754634,0.10885440491208209
United Arab Emirates,ARE,1965,0,0,24.4539,54.3773,167121.0,0.018,1.299,1.097,0.132,0.017839918128331,0.8324742457810445,0.7405077519197829,0.1239859797809912
United Arab Emirates,ARE,1966,0,0,24.4539,54.3773,173988.0,-0.002,1.299,1.097,0.147,0.0,0.8324742457810445,0.7405077519197829,0.13714983814723364
United Arab Emirates,ARE,1967,0,0,24.4539,54.3773,179708.0,-0.009,1.292,1.112,5.097,0.0,0.8294247988524931,0.7476353658440151,1.807796846925679
United Arab Emirates,ARE,1968,0,0,24.4539,54.3773,199432.0,-0.014,1.217,1.053,6.228,0.0,0.7961549306341744,0.7193021380367964,1.977962372729982
United Arab Emirates,ARE,1969,0,0,24.4539,54.3773,239676.0,0.041,1.066,0.917,85.563,0.04018178963283183,0.7256143706974468,0.6507614640635074,4.460872472538261
United Arab Emirates,ARE,1970,0,0,24.4539,54.3773,286553.0,0.009,34.631,0.59,53.166,0.008959741371471904,3.573216045460213,0.4637340162321401,3.9920534053336345
United Arab Emirates,ARE,1971,0,0,24.4539,54.3773,335042.0,0.002,29.759,0.604,63.177,0.001998002662673056,3.426182634356064,0.47250050944432276,4.161644891055387
United Arab Emirates,ARE,1972,0,0,24.4539,54.3773,385025.0,0.014,29.323,0.579,60.866,0.013902905168991422,3.411906500470507,0.45679173527350503,4.1249707557638615
United Arab Emirates,ARE,1973,0,0,24.4539,54.3773,436407.0,0.019,32.824,0.629,70.13,0.01882175424058776,3.521170609687827,0.4879663296199081,4.264509188745424
United Arab Emirates,ARE,1974,0,0,24.4539,54.3773,489098.0,0.021,32.024,0.581,63.999,0.020782539182528505,3.4972345698590974,0.45805755822733496,4.174371885161908
United Arab Emirates,ARE,1975,0,0,24.4539,54.3773,542868.0,0.019,29.226,0.536,57.187,0.01882175424058776,3.408702481147929,0.42918163472548043,4.063661962089518
United Arab Emirates,ARE,1976,0,0,24.4539,54.3773,615871.0,0.019,29.49,0.537,64.328,0.01882175424058776,3.4173987610001633,0.42983246455645885,4.17942073457722
United Arab Emirates,ARE,1977,0,0,24.4539,54.3773,710216.0,0.019,26.546,0.491,54.565,0.01882175424058776,3.31585733449514,0.3994470357826014,4.01755350663761
United Arab Emirates,ARE,1978,0,0,24.4539,54.3773,809285.0,0.019,21.698,0.493,55.319,0.01882175424058776,3.1222768148789473,0.4007875185570533,4.0310319560103345
United Arab Emirates,ARE,1979,0,0,24.4539,54.3773,912016.0,0.039,19.45,0.398,40.095,0.03825871211709034,3.017982882488811,0.3350426438116185,3.7158864596004633
United Arab Emirates,ARE,1980,0,0,24.4539,54.3773,1015711.0,0.043,16.503,0.448,36.289,0.04210117601863539,2.8623722948086985,0.3701832939635246,3.6186983769901753
United Arab Emirates,ARE,1981,0,0,24.4539,54.3773,1099864.0,0.022,13.64,0.431,33.468,0.02176149178151269,2.6837575085331657,0.35837350057431383,3.5400313573775204
United Arab Emirates,ARE,1982,0,0,24.4539,54.3773,1166383.0,0.042,11.15,0.426,31.566,0.04114194333117518,2.4973291697865574,0.3548733219921042,3.4832687993420284
United Arab Emirates,ARE,1983,0,0,24.4539,54.3773,1235309.0,0.023,9.861,0.409,28.567,0.02273948696948943,2.385178391297899,0.3428802329165431,3.3866588745410326
United Arab Emirates,ARE,1984,0,0,24.4539,54.3773,1306005.0,0.03,9.275,0.433,35.456,0.0295588022415444,2.3297137603822984,0.3597701488460348,3.5961060539615817
United Arab Emirates,ARE,1985,0,0,24.4539,54.3773,1377918.0,0.031,8.993,0.426,36.162,0.030529205034822874,2.3018848478796525,0.3548733219921042,3.6152867338105628
United Arab Emirates,ARE,1986,0,0,24.4539,54.3773,1467386.0,0.018,9.494,0.398,32.136,0.017839918128331,2.35080366526452,0.3350426438116185,3.5006203046532285
United Arab Emirates,ARE,1987,0,0,24.4539,54.3773,1574258.0,0.016,9.929,0.395,30.24,0.01587334915629015,2.3914198066945365,0.33289441527332897,3.441699324971485
United Arab Emirates,ARE,1988,0,0,24.4539,54.3773,1681797.0,0.011,9.589,0.373,28.704,0.010939940038334364,2.3598157264483173,0.316998126785834,3.391281716874779
United Arab Emirates,ARE,1989,0,0,24.4539,54.3773,1789858.0,0.063,10.656,0.395,30.385,0.061095099359810875,2.4558210688929036,0.33289441527332897,3.446330071769495
United Arab Emirates,ARE,1990,0,0,24.4539,54.3773,1898220.0,0.046,11.166,0.388,27.346,0.044973365642731154,2.4986451758985138,0.32786386208461277,3.3444859267447136
United Arab Emirates,ARE,1991,0,0,24.4539,54.3773,2006630.0,0.052,10.732,0.407,28.354,0.050693114315518116,2.4623201511152044,0.341459778132252,3.379428823189007
United Arab Emirates,ARE,1992,0,0,24.4539,54.3773,2114738.0,0.043,10.978,0.397,27.429,0.04210117601863539,2.4830716338422705,0.3343270802748248,3.347409750932431
United Arab Emirates,ARE,1993,0,0,24.4539,54.3773,2222098.0,0.043,11.881,0.403,29.626,0.04210117601863539,2.555753357413951,0.3386128011203239,3.421849321393016
United Arab Emirates,ARE,1994,0,0,24.4539,54.3773,2328191.0,0.026,10.536,0.418,32.364,0.02566774674857779,2.445472580542593,0.34924742810993575,3.5074774743793653
United Arab Emirates,ARE,1995,0,0,24.4539,54.3773,2434667.0,0.025,10.204,0.43,29.932,0.0246926125903715,2.416270857397862,0.3576744442718159,3.431791246746789
United Arab Emirates,ARE,1996,0,0,24.4539,54.3773,2597570.0,0.032,10.08,0.428,29.195,0.03149866705937099,2.405141681319138,0.35627486391739266,3.4076763477598644
United Arab Emirates,ARE,1997,0,0,24.4539,54.3773,2817410.0,0.027,8.617,0.413,26.016,0.02664193094642118,2.2635323657303448,0.3457151037023904,3.2964292830832664
United Arab Emirates,ARE,1998,0,0,24.4539,54.3773,3040432.0,0.247,7.535,0.394,26.517,0.2207406666978994,2.144175356246404,0.33217731233833214,3.3148039954950366
United Arab Emirates,ARE,1999,0,0,24.4539,54.3773,3266011.0,0.165,6.896,0.382,23.835,0.1527210870176639,2.0663563021311804,0.32353172534547814,3.212253948559314
United Arab Emirates,ARE,2000,0,0,24.4539,54.3773,3493583.0,0.106,7.074,0.341,32.138,0.10074990310014305,2.088649022430749,0.2934156042995415,3.5006806601471054
United Arab Emirates,ARE,2001,0,0,24.4539,54.3773,3723596.0,0.063,6.333,0.348,27.365,0.061095099359810875,1.9923847091116624,0.2986220124901153,3.3451559907785304
United Arab Emirates,ARE,2002,0,0,24.4539,54.3773,3956829.0,0.027,5.577,0.358,21.536,0.02664193094642118,1.883578714319214,0.30601302913650436,3.1151140305740714
United Arab Emirates,ARE,2003,0,0,24.4539,54.3773,4192465.0,0.016,5.705,0.353,25.547,0.01587334915629015,1.9028535167336418,0.302324349188651,3.278916746953323
United Arab Emirates,ARE,2004,0,0,24.4539,54.3773,4428964.0,0.017,5.287,0.339,25.394,0.0168571170664229,1.838484009400924,0.29192306670903545,3.2731367115946375
United Arab Emirates,ARE,2005,0,0,24.4539,54.3773,4664797.0,-0.006,5.226,0.341,24.711,0.0,1.8287340720194165,0.2934156042995415,3.2469189158928433
United Arab Emirates,ARE,2006,0,0,24.4539,54.3773,5009106.0,-0.008,5.181,0.328,24.5,0.0,1.8214800706771364,0.2836740510542421,3.2386784521643803
United Arab Emirates,ARE,2007,0,0,24.4539,54.3773,5624640.0,0.016,4.634,0.313,23.842,0.01587334915629015,1.7288196694541809,0.27231459532065916,3.212535769122002
United Arab Emirates,ARE,2008,0,0,24.4539,54.3773,6302669.0,-0.057,4.171,0.306,24.598,0.0,1.6430660934140844,0.26696903085423934,3.2425142234336
United Arab Emirates,ARE,2009,0,0,24.4539,54.3773,6707063.0,-0.039,3.864,0.303,25.21,0.0,1.581861144663866,0.26466929814270806,3.266141017335315
United Arab Emirates,ARE,2010,0,0,24.4539,54.3773,6938372.0,-0.031,3.937,0.31,26.786,0.0,1.5967578592767258,0.27002713721306015,3.32453229672667
United Arab Emirates,ARE,2011,0,0,24.4539,54.3773,7199436.0,-0.029,4.1,0.298,27.574,0.0,1.62924053973028,0.26082461828189824,3.3524972134429665
United Arab Emirates,ARE,2012,0,0,24.4539,54.3773,7497122.0,-0.021,4.126,0.29,27.787,0.0,1.6343256279418794,0.25464221837358075,3.359923896346379
United Arab Emirates,ARE,2013,0,0,24.4539,54.3773,7831851.0,-0.014,4.132,0.298,27.348,0.0,1.63549544675339,0.26082461828189824,3.3445564809480097
United Arab Emirates,ARE,2014,0,0,24.4539,54.3773,8236880.0,-0.011,3.885,0.282,26.045,0.0,1.586169285494746,0.24842135849847827,3.2975021453233904
United Arab Emirates,ARE,2015,0,0,24.4539,54.3773,8674633.0,-0.009,3.969,0.261,25.943,0.0,1.6032186126201835,0.23190505698278252,3.2937235233569226
United Arab Emirates,ARE,2016,0,0,24.4539,54.3773,9030873.0,-0.007,3.925,0.26,25.235,0.0,1.5943242746240522,0.23111172096338664,3.267094397138675
United Arab Emirates,ARE,2017,0,0,24.4539,54.3773,9234330.0,-0.007,3.701,0.254,21.279,0.0,1.5477752520419934,0.22633844221072896,3.1036445307483866
United Arab Emirates,ARE,2018,0,0,24.4539,54.3773,9346870.0,-0.0,3.67,0.238,21.837,-0.0,1.541159071680806,0.21349717426240436,3.128382027649455
United Arab Emirates,ARE,2019,0,0,24.4539,54.3773,9377855.0,-0.003,3.758,0.242,21.76,0.0,1.559827411880766,0.21672298351128702,3.1250046092581303
United Arab Emirates,ARE,2020,0,0,24.4539,54.3773,9448529.0,-0.001,3.571,0.241,22.783,0.0,1.5197319993496075,0.21591750622247016,3.16897103973956
United Arab Emirates,ARE,2021,0,0,24.4539,54.3773,9789055.0,-0.002,3.465,0.243,21.675,0.0,1.4962692143284624,0.21752781252857406,3.1212629960012004
United Arab Emirates,ARE,2022,0,0,24.4539,54.3773,10242085.0,-0.001,3.649,0.245,20.221,0.0,1.5366521427084476,0.21913552991667093,3.0549912574289126
United Arab Emirates,ARE,2023,0,0,24.4539,54.3773,10642089.0,-0.0,3.474,0.24,19.773,-0.0,1.498282863067938,0.2151113796169455,3.0336540665525478
United Arab Emirates,ARE,2024,0,0,24.4539,54.3773,11027135.0,0.0,3.407,0.239,20.131,0.0,1.4831941858598499,0.21430460264700538,3.05074115658479
Uzbekistan,UZB,1961,0,0,41.2995,69.2401,8517722.0,1.122,1.578,0.564,4.439,0.7523590401917915,0.9470139045169956,0.4472466421231193,1.6935952204408238
Uzbekistan,UZB,1962,0,0,41.2995,69.2401,8854368.0,0.702,1.62,0.594,4.497,0.5318040301511824,0.9631743177730056,0.4662465803680233,1.7042024888785232
Uzbekistan,UZB,1963,0,0,41.2995,69.2401,9202243.0,0.459,1.647,0.616,4.657,0.3777512695406486,0.9734269232449643,0.4799539600989036,1.7328937163610187
Uzbekistan,UZB,1964,0,0,41.2995,69.2401,9557610.0,0.347,1.593,0.637,4.783,0.2978798974282269,0.9528155065565274,0.49286529838899784,1.7549225791760812
Uzbekistan,UZB,1965,0,0,41.2995,69.2401,9921681.0,0.182,1.576,0.676,4.895,0.16720791898390644,0.9462378082421072,0.5164100020598913,1.7741045339893342
Uzbekistan,UZB,1966,0,0,41.2995,69.2401,10289299.0,0.145,1.605,0.727,4.989,0.13540463700620295,0.9574326752053303,0.5463857991645416,1.7899244532823253
Uzbekistan,UZB,1967,0,0,41.2995,69.2401,10659181.0,0.114,1.615,0.757,5.045,0.10795714150509228,0.9612640975168862,0.5636078092049601,1.799231484066756
Uzbekistan,UZB,1968,0,0,41.2995,69.2401,11032154.0,0.141,1.586,0.778,5.021,0.13190507087993858,0.9501122803496658,0.5754891370917129,1.7952533584823107
Uzbekistan,UZB,1969,0,0,41.2995,69.2401,11403157.0,0.092,1.545,0.786,5.066,0.0880108773227133,0.9341306500024861,0.5799784824543073,1.8026994092663893
Uzbekistan,UZB,1970,0,0,41.2995,69.2401,11762643.0,0.079,1.504,0.848,5.154,0.0760346862759976,0.9178894532378521,0.6141039732194924,1.8171022768998502
Uzbekistan,UZB,1971,0,0,41.2995,69.2401,12111512.0,0.064,1.522,0.897,5.325,0.06203539091945264,0.9250522375427278,0.6402736909528771,1.8445100346135839
Uzbekistan,UZB,1972,0,0,41.2995,69.2401,12465108.0,0.046,1.529,0.92,5.444,0.044973365642731154,0.927823967687828,0.6523251860396903,1.863149465314728
Uzbekistan,UZB,1973,0,0,41.2995,69.2401,12831046.0,0.104,1.525,0.967,5.515,0.09893994785490356,0.9262410627273231,0.676509539406922,1.8741072105768084
Uzbekistan,UZB,1974,0,0,41.2995,69.2401,13209013.0,0.046,1.526,0.987,5.565,0.044973365642731154,0.9266370239282994,0.6866259635696798,1.8817525077547597
Uzbekistan,UZB,1975,0,0,41.2995,69.2401,13598521.0,0.052,1.527,1.017,5.684,0.050693114315518116,0.9270328284060572,0.7016112589720747,1.8997166107331473
Uzbekistan,UZB,1976,0,0,41.2995,69.2401,13998620.0,0.057,1.514,0.99,5.735,0.055434706888100586,0.9218751101680557,0.688134638736401,1.9073178098623274
Uzbekistan,UZB,1977,0,0,41.2995,69.2401,14408815.0,0.019,1.491,0.983,5.761,0.01882175424058776,0.9126842362800434,0.6846108495376589,1.9111708081085408
Uzbekistan,UZB,1978,0,0,41.2995,69.2401,14816350.0,-0.002,1.488,0.981,5.795,0.0,0.911479174876933,0.6836017677164139,1.916187047603107
Uzbekistan,UZB,1979,0,0,41.2995,69.2401,15215588.0,0.025,1.48,0.937,5.688,0.0246926125903715,0.9082585601768908,0.6611403844248589,1.9003148757824004
Uzbekistan,UZB,1980,0,0,41.2995,69.2401,15619935.0,0.033,1.471,0.979,5.754,0.032467190137501496,0.9046229270064731,0.6825916666204287,1.9101349219633759
Uzbekistan,UZB,1981,0,0,41.2995,69.2401,16035031.0,0.032,1.436,0.959,5.506,0.03149866705937099,0.8903573498476506,0.6724341389624037,1.8727248280511597
Uzbekistan,UZB,1982,0,0,41.2995,69.2401,16462742.0,0.041,1.417,0.987,5.465,0.04018178963283183,0.882527101721346,0.6866259635696798,1.8664030122238209
Uzbekistan,UZB,1983,0,0,41.2995,69.2401,16908402.0,0.021,1.399,1.057,5.397,0.020782539182528505,0.8750519838575576,0.7212486106708201,1.8558291304680006
Uzbekistan,UZB,1984,0,0,41.2995,69.2401,17378855.0,0.028,1.391,1.028,5.3,0.027615167032973367,0.8717116884761876,0.7070500857289368,1.840549633397487
Uzbekistan,UZB,1985,0,0,41.2995,69.2401,17875337.0,0.034,1.363,1.049,5.554,0.03343477608623739,0.8599319982047707,0.7173518692567626,1.8800755502766229
Uzbekistan,UZB,1986,0,0,41.2995,69.2401,18395621.0,0.033,1.335,1.062,5.177,0.032467190137501496,0.8480118911208606,0.7236763855947682,1.8208327167137621
Uzbekistan,UZB,1987,0,0,41.2995,69.2401,18930068.0,0.017,1.32,1.054,5.16,0.0168571170664229,0.8415671856782186,0.7197891115063665,1.8180767775454285
Uzbekistan,UZB,1988,0,0,41.2995,69.2401,19460634.0,-0.025,1.283,1.006,5.195,0.0,0.8254903675476585,0.6961426895397438,1.8237425150811057
Uzbekistan,UZB,1989,0,0,41.2995,69.2401,19977192.0,-0.04,1.253,0.881,5.212,0.0,0.8122626614501073,0.6318035503188933,1.8264829052864406
Uzbekistan,UZB,1990,0,0,41.2995,69.2401,20464963.0,-0.027,1.251,0.793,5.039,0.0,0.8113745619245951,0.5838901946229959,1.798238435325764
Uzbekistan,UZB,1991,0,0,41.2995,69.2401,20962908.0,0.016,1.219,0.704,4.881,0.01587334915629015,0.7970566439504569,0.532978428407124,1.771726815477819
Uzbekistan,UZB,1992,0,0,41.2995,69.2401,21485095.0,0.005,1.05,0.472,5.166,0.004987541511039074,0.7178397931503169,0.38662202030668447,1.8190503294639586
Uzbekistan,UZB,1993,0,0,41.2995,69.2401,21987960.0,-0.005,1.091,0.436,5.258,0.0,0.7376424204464965,0.36186147062603247,1.8338606452466903
Uzbekistan,UZB,1994,0,0,41.2995,69.2401,22463295.0,0.004,1.201,0.364,4.887,0.003992021269537453,0.7889118025443247,0.31042155942127037,1.7727465300461243
Uzbekistan,UZB,1995,0,0,41.2995,69.2401,22917588.0,0.005,1.229,0.383,4.573,0.004987541511039074,0.8015530544037318,0.32425505268262117,1.7179335085873995
Uzbekistan,UZB,1996,0,0,41.2995,69.2401,23351981.0,-0.001,1.276,0.398,4.633,0.0,0.8224195162640845,0.3350426438116185,1.728642159912577
Uzbekistan,UZB,1997,0,0,41.2995,69.2401,23758961.0,-0.006,1.213,0.352,4.589,0.0,0.7943490610689127,0.30158497762077235,1.720800380287561
Uzbekistan,UZB,1998,0,0,41.2995,69.2401,24134930.0,-0.008,1.219,0.334,5.012,0.0,0.7970566439504569,0.288181947493432,1.793757471890728
Uzbekistan,UZB,1999,0,0,41.2995,69.2401,24476013.0,-0.011,1.112,0.326,5.049,0.0,0.7476353658440151,0.28216689176367077,1.7998929691247771
Uzbekistan,UZB,2000,0,0,41.2995,69.2401,24787052.0,-0.014,1.178,0.32,4.982,0.0,0.7784070245107687,0.2776317365982795,1.7887549602077564
Uzbekistan,UZB,2001,0,0,41.2995,69.2401,25090289.0,-0.004,1.346,0.308,5.031,0.0,0.8527117502312838,0.26849925303500694,1.7969128344688496
Uzbekistan,UZB,2002,0,0,41.2995,69.2401,25399987.0,-0.033,1.578,0.309,5.22,0.0,0.9470139045169956,0.26926348692776286,1.827769906751088
Uzbekistan,UZB,2003,0,0,41.2995,69.2401,25711261.0,-0.058,1.414,0.308,5.068,0.0,0.8812851226753398,0.26849925303500694,1.8030290614862858
Uzbekistan,UZB,2004,0,0,41.2995,69.2401,26029350.0,-0.067,1.325,0.295,4.96,0.0,0.8437200390393196,0.25851069515150105,1.7850704810772584
Uzbekistan,UZB,2005,0,0,41.2995,69.2401,26356977.0,-0.086,1.579,0.311,4.614,0.0,0.9474017268992078,0.2707902047815628,1.7252634779396907
Uzbekistan,UZB,2006,0,0,41.2995,69.2401,26699046.0,-0.103,1.647,0.321,4.678,0.0,0.9734269232449643,0.2783890255401883,1.7365990580507795
Uzbekistan,UZB,2007,0,0,41.2995,69.2401,27076013.0,-0.112,1.483,0.329,4.573,0.0,0.9094675065260296,0.2844267797311083,1.7179335085873995
Uzbekistan,UZB,2008,0,0,41.2995,69.2401,27494780.0,-0.119,1.633,0.338,4.669,0.0,0.9681238805141723,0.2911759617060367,1.7350127353421665
Uzbekistan,UZB,2009,0,0,41.2995,69.2401,27939333.0,-0.126,1.389,0.352,3.91,0.0,0.8708748683436724,0.30158497762077235,1.5912739418064292
Uzbekistan,UZB,2010,0,0,41.2995,69.2401,28385509.0,-0.136,1.487,0.363,3.793,0.0,0.9110771648212677,0.30968815271439554,1.5671565201774942
Uzbekistan,UZB,2011,0,0,41.2995,69.2401,28823194.0,-0.129,1.536,0.375,4.051,0.0,0.9305880365749795,0.3184537311185346,1.6195862434859156
Uzbekistan,UZB,2012,0,0,41.2995,69.2401,29261908.0,-0.137,1.627,0.376,4.062,0.0,0.9658425107034028,0.31918073951115195,1.6217616621229323
Uzbekistan,UZB,2013,0,0,41.2995,69.2401,29724065.0,-0.114,1.596,0.389,3.781,0.0,0.9539717988418436,0.3285840637722067,1.5646497296439663
Uzbekistan,UZB,2014,0,0,41.2995,69.2401,30222994.0,-0.071,1.542,0.397,3.557,0.0,0.9329511727672624,0.3343270802748248,1.5166645122817455
Uzbekistan,UZB,2015,0,0,41.2995,69.2401,30749349.0,-0.062,1.521,0.399,3.362,0.0,0.9246556482057827,0.3357576956833441,1.4729306677794374
Uzbekistan,UZB,2016,0,0,41.2995,69.2401,31284565.0,-0.059,1.541,0.418,3.511,0.0,0.932557704338027,0.34924742810993575,1.506518858426259
Uzbekistan,UZB,2017,0,0,41.2995,69.2401,31819172.0,-0.049,1.56,0.417,3.422,0.0,0.9400072584914712,0.3485419607085434,1.4865920824352545
Uzbekistan,UZB,2018,0,0,41.2995,69.2401,32373489.0,-0.048,1.596,0.415,3.161,0.0,0.9539717988418436,0.34712953109520095,1.4257554300008042
Uzbekistan,UZB,2019,0,0,41.2995,69.2401,32964700.0,-0.04,1.598,0.438,3.275,0.0,0.9547419182484078,0.36325325929885494,1.4527841023887236
Uzbekistan,UZB,2020,0,0,41.2995,69.2401,33586373.0,-0.035,1.528,0.437,3.22,0.0,0.927428476284611,0.3625576070968879,1.4398351280479205
Uzbekistan,UZB,2021,0,0,41.2995,69.2401,34243696.0,-0.032,1.538,0.467,3.597,0.0,0.9313763692921959,0.3832194991608447,1.525403916824091
Uzbekistan,UZB,2022,0,0,41.2995,69.2401,34938953.0,-0.029,1.516,0.437,3.409,0.0,0.922670338838194,0.3625576070968879,1.4836479063758006
Uzbekistan,UZB,2023,0,0,41.2995,69.2401,35652311.0,-0.025,1.464,0.426,3.446,0.0,0.9017860456712733,0.3548733219921042,1.492004815542005
Uzbekistan,UZB,2024,0,0,41.2995,69.2401,36361859.0,-0.022,1.446,0.433,3.829,0.0,0.8944540372649806,0.3597701488460348,1.574639406891405
Vietnam,VNM,1961,1,1,21.0278,105.8342,33409060.0,1.96,1.132,0.135,0.239,1.085189268335969,0.7570605063035981,0.126632650933366,0.21430460264700538
Vietnam,VNM,1962,1,1,21.0278,105.8342,34288562.0,1.66,1.138,0.135,0.272,0.9783261227936076,0.7598708126028534,0.126632650933366,0.24059046491793043
Vietnam,VNM,1963,1,1,21.0278,105.8342,35249107.0,1.47,1.06,0.134,0.258,0.9042181506398859,0.7227059828014898,0.12575120530556033,0.2295231582782488
Vietnam,VNM,1964,1,1,21.0278,105.8342,36201568.0,1.33,1.107,0.133,0.326,0.8458682675776092,0.7452651348220519,0.12486898204586927,0.28216689176367077
Vietnam,VNM,1965,1,1,21.0278,105.8342,37129660.0,1.218,1.059,0.13,0.354,0.7966058889281753,0.7222204280456523,0.12221763272424921,0.30306317449008324
Vietnam,VNM,1966,1,1,21.0278,105.8342,38024835.0,1.253,1.018,0.125,0.504,0.8122626614501073,0.7021069219314172,0.11778303565638346,0.4081282255276481
Vietnam,VNM,1967,1,1,21.0278,105.8342,38895083.0,1.206,0.995,0.13,0.59,0.7911809208313108,0.6906440503418267,0.12221763272424921,0.4637340162321401
Vietnam,VNM,1968,1,1,21.0278,105.8342,39734609.0,1.124,0.988,0.13,0.594,0.7533011033796925,0.6871291082343823,0.12221763272424921,0.4662465803680233
Vietnam,VNM,1969,1,1,21.0278,105.8342,40582097.0,1.2,0.972,0.141,0.667,0.7884573603642702,0.6790482561804436,0.13190507087993858,0.511025603768657
Vietnam,VNM,1970,1,1,21.0278,105.8342,41475227.0,1.007,0.928,0.146,0.679,0.696641069814201,0.6564831961883539,0.1362776182925478,0.5181983780954038
Vietnam,VNM,1971,1,1,21.0278,105.8342,42449281.0,1.036,0.905,0.134,0.577,0.7109870986882764,0.6444820085786643,0.12575120530556033,0.4555243079809013
Vietnam,VNM,1972,1,1,21.0278,105.8342,43429169.0,1.104,0.896,0.138,0.53,0.7438402948754634,0.6397464038328301,0.12927233570413918,0.4252677354043441
Vietnam,VNM,1973,1,1,21.0278,105.8342,44409864.0,1.078,0.917,0.138,0.564,0.7314058926770357,0.6507614640635074,0.12927233570413918,0.4472466421231193
Vietnam,VNM,1974,1,1,21.0278,105.8342,45413538.0,0.943,0.92,0.131,0.42,0.664233170395303,0.6523251860396903,0.1231021971339834,0.35065687161316933
Vietnam,VNM,1975,1,1,21.0278,105.8342,46482905.0,1.89,0.874,0.128,0.468,1.0612565021243408,0.6280751838162304,0.12044615307586716,0.38390093019232385
Vietnam,VNM,1976,1,1,21.0278,105.8342,47684927.0,1.65,0.897,0.127,0.291,0.9745596399981308,0.6402736909528771,0.11955923505763925,0.25541711186450544
Vietnam,VNM,1977,1,1,21.0278,105.8342,48954875.0,1.306,0.916,0.138,0.311,0.8355144218468673,0.6502396795486688,0.12927233570413918,0.2707902047815628
Vietnam,VNM,1978,1,1,21.0278,105.8342,50249551.0,1.098,0.896,0.126,0.306,0.7409845099741055,0.6397464038328301,0.11867152971749864,0.26696903085423934
Vietnam,VNM,1979,1,1,21.0278,105.8342,51378214.0,0.972,0.877,0.115,0.316,0.6790482561804436,0.6296747576043717,0.10885440491208209,0.2745968329031255
Vietnam,VNM,1980,1,1,21.0278,105.8342,52490098.0,0.937,0.865,0.117,0.32,0.6611403844248589,0.6232610530957788,0.11064652008706366,0.2776317365982795
Vietnam,VNM,1981,1,1,21.0278,105.8342,53738141.0,0.863,0.866,0.125,0.329,0.6221880916194514,0.6237971024251521,0.11778303565638346,0.2844267797311083
Vietnam,VNM,1982,1,1,21.0278,105.8342,55011292.0,0.851,0.864,0.134,0.333,0.6157260335913605,0.6227247162633994,0.12575120530556033,0.2874320411965716
Vietnam,VNM,1983,1,1,21.0278,105.8342,56337918.0,0.785,0.852,0.152,0.342,0.5794184152316024,0.6162661362239876,0.1414995622736995,0.29416103854949005
Vietnam,VNM,1984,1,1,21.0278,105.8342,57706071.0,0.656,0.831,0.144,0.303,0.504405055963068,0.6048622656923737,0.13453089295760615,0.26466929814270806
Vietnam,VNM,1985,1,1,21.0278,105.8342,59060622.0,0.659,0.826,0.146,0.357,0.5062150112083075,0.6021277821727767,0.1362776182925478,0.30527638085273207
Vietnam,VNM,1986,1,1,21.0278,105.8342,60347044.0,0.684,0.822,0.152,0.341,0.521171915820135,0.5999347988377666,0.1414995622736995,0.2934156042995415
Vietnam,VNM,1987,1,1,21.0278,105.8342,61584645.0,0.715,0.812,0.147,0.378,0.5394130806179033,0.5944312076207876,0.13714983814723364,0.32063317259146684
Vietnam,VNM,1988,1,1,21.0278,105.8342,62843234.0,0.698,0.817,0.156,0.367,0.5294510878891555,0.5971867894140341,0.14496577025018573,0.3126185577418125
Vietnam,VNM,1989,1,1,21.0278,105.8342,64147354.0,0.652,0.821,0.154,0.271,0.5019866750987864,0.5993858007454709,0.1432341680859078,0.23980399220731702
Vietnam,VNM,1990,1,1,21.0278,105.8342,65504551.0,0.7,0.822,0.151,0.325,0.5306282510621704,0.5999347988377666,0.1406311297397456,0.28141245943818555
Vietnam,VNM,1991,1,1,21.0278,105.8342,66891778.0,1.539,0.848,0.166,0.32,0.9317703027225414,0.6141039732194924,0.15357908792830063,0.2776317365982795
Vietnam,VNM,1992,1,1,21.0278,105.8342,68260336.0,1.142,0.866,0.161,0.314,0.761739972025557,0.6237971024251521,0.14928170271575444,0.27307592006241876
Vietnam,VNM,1993,1,1,21.0278,105.8342,69586394.0,1.006,0.881,0.167,0.328,0.6961426895397438,0.6318035503188933,0.15443635330441893,0.2836740510542421
Vietnam,VNM,1994,1,1,21.0278,105.8342,70854393.0,0.828,0.877,0.191,0.386,0.6032224730319582,0.6296747576043717,0.17479329037316305,0.3264219007677115
Vietnam,VNM,1995,1,1,21.0278,105.8342,72049945.0,2.178,0.91,0.186,0.418,1.1562520681145243,0.6471032420585385,0.1705863005755337,0.34924742810993575
Vietnam,VNM,1996,1,1,21.0278,105.8342,73156456.0,1.787,0.922,0.203,0.485,1.0249657484998111,0.6533663105481008,0.18481843699254183,0.3954147722546629
Vietnam,VNM,1997,1,1,21.0278,105.8342,74226890.0,1.797,0.917,0.197,0.613,1.0285474142198225,0.6507614640635074,0.1798184265758361,0.4780957991430718
Vietnam,VNM,1998,1,1,21.0278,105.8342,75299665.0,2.315,0.933,0.219,0.636,1.1984576236378257,0.6590732002261939,0.19803085049913446,0.4922542381805553
Vietnam,VNM,1999,1,1,21.0278,105.8342,76287454.0,2.546,0.969,0.223,0.636,1.2658202076520162,0.6775257996569884,0.20130685670503531,0.4922542381805553
Vietnam,VNM,2000,1,1,21.0278,105.8342,77154016.0,3.61,0.961,0.232,0.699,1.5282278570085572,0.6734545472142092,0.20863886511132804,0.530039842689795
Vietnam,VNM,2001,1,1,21.0278,105.8342,77969357.0,2.07,0.95,0.211,0.782,1.1216775615991057,0.6678293725756554,0.19144646457095518,0.5777363290486176
Vietnam,VNM,2002,1,1,21.0278,105.8342,78772227.0,1.707,0.953,0.22,0.883,0.9958410106321641,0.6693666518945418,0.1988508587451652,0.6328662496750154
Vietnam,VNM,2003,1,1,21.0278,105.8342,79563778.0,1.979,0.972,0.233,0.971,1.0915876737311452,0.6790482561804436,0.20945022418220727,0.6785410281705831
Vietnam,VNM,2004,1,1,21.0278,105.8342,80338977.0,2.059,1.037,0.242,1.107,1.1180880651687664,0.7114781372446687,0.21672298351128702,0.7452651348220519
Vietnam,VNM,2005,1,1,21.0278,105.8342,81088309.0,1.449,1.074,0.23,1.182,0.8956797779700307,0.7294791098073357,0.20701416938432612,0.7802418874108791
Vietnam,VNM,2006,1,1,21.0278,105.8342,82167901.0,1.164,1.094,0.226,1.213,0.7719583609842351,0.7390761124483451,0.20375683751401966,0.7943490610689127
Vietnam,VNM,2007,1,1,21.0278,105.8342,83633374.0,1.47,1.101,0.239,1.213,0.9042181506398859,0.7424134218628634,0.21430460264700538,0.7943490610689127
Vietnam,VNM,2008,1,1,21.0278,105.8342,85175789.0,1.326,1.07,0.207,1.342,0.8441500540964727,0.7275486072772778,0.18813794211539445,0.8510052651755257
Vietnam,VNM,2009,1,1,21.0278,105.8342,86460023.0,2.232,1.087,0.262,1.44,1.173101140658849,0.7357276280950636,0.23269776411902143,0.8919980393051105
Vietnam,VNM,2010,1,1,21.0278,105.8342,87455148.0,1.507,1.08,0.237,1.596,0.9190868191761563,0.7323678937132266,0.21268909341035083,0.9539717988418436
Vietnam,VNM,2011,1,1,21.0278,105.8342,88468315.0,1.29,1.081,0.228,1.725,0.8285518175661483,0.7328485474114974,0.20538682972495073,1.0024684281152074
Vietnam,VNM,2012,1,1,21.0278,105.8342,89510355.0,1.281,1.059,0.241,1.612,0.8246139433022509,0.7222204280456523,0.21591750622247016,0.9601162114141847
Vietnam,VNM,2013,1,1,21.0278,105.8342,90573103.0,1.329,1.051,0.264,1.672,0.845438990902204,0.7183274790902435,0.2342812957246657,0.9828272556743992
Vietnam,VNM,2014,1,1,21.0278,105.8342,91679582.0,4.148,1.043,0.246,1.964,1.63860828973388,0.714419315835485,0.2199384203652614,1.0865397074338405
Vietnam,VNM,2015,1,1,21.0278,105.8342,92823254.0,2.457,1.002,0.281,2.299,1.2404011609394874,0.6941466808930289,0.24764102291459722,1.1936193922464444
Vietnam,VNM,2016,1,1,21.0278,105.8342,94000115.0,1.809,0.977,0.276,2.351,1.0328285481221067,0.6815805441884798,0.24373018492259815,1.2092588087551734
Vietnam,VNM,2017,1,1,21.0278,105.8342,95176978.0,1.496,0.962,0.271,2.392,0.9146894505071812,0.6739643611431714,0.23980399220731702,1.2214197179296566
Vietnam,VNM,2018,1,1,21.0278,105.8342,96237319.0,1.824,0.971,0.287,2.655,1.0381543196309957,0.6785410281705831,0.2523139286139896,1.2960960932017418
Vietnam,VNM,2019,1,1,21.0278,105.8342,97173778.0,1.364,0.965,0.295,3.492,0.8603550995438518,0.6754922453212245,0.25851069515150105,1.5022980368761967
Vietnam,VNM,2020,1,1,21.0278,105.8342,98079196.0,1.212,0.936,0.294,3.697,0.7938970836600884,0.6606239888543853,0.2577381960787088,1.546924007044858
Vietnam,VNM,2021,1,1,21.0278,105.8342,98935101.0,1.125,0.958,0.29,3.176,0.7537718023763802,0.6719235441083187,0.25464221837358075,1.4293538505803376
Vietnam,VNM,2022,1,1,21.0278,105.8342,99680656.0,1.146,0.945,0.292,3.237,0.7636056442085067,0.6652619770704096,0.2561914053604101,1.4438554716444223
Vietnam,VNM,2023,1,1,21.0278,105.8342,100352189.0,1.142,0.942,0.304,3.462,0.761739972025557,0.6637183698691331,0.2654364635044612,1.4955970960103409
Vietnam,VNM,2024,1,1,21.0278,105.8342,100987685.0,1.121,0.941,0.3,3.673,0.7518876755825454,0.6632033041868731,0.26236426446749106,1.5418012637182892
Yemen,YEM,1961,0,0,15.3694,44.191,5655237.0,-0.214,0.558,0.264,0.471,0.0,0.4434029474485566,0.2342812957246657,0.38594244161930047
Yemen,YEM,1962,0,0,15.3694,44.191,5782227.0,-0.152,0.548,0.261,0.672,0.0,0.4369637751675354,0.23190505698278252,0.5140205146625099
Yemen,YEM,1963,0,0,15.3694,44.191,5911141.0,-0.118,0.533,0.258,0.493,0.0,0.4272265998896771,0.2295231582782488,0.4007875185570533
Yemen,YEM,1964,0,0,15.3694,44.191,6048014.0,-0.088,0.526,0.259,0.6,0.0,0.42264993286226527,0.2303177550622101,0.4700036292457355
Yemen,YEM,1965,0,0,15.3694,44.191,6195597.0,-0.058,0.519,0.261,0.634,0.0,0.4180522236136358,0.23190505698278252,0.4910309964378112
Yemen,YEM,1966,0,0,15.3694,44.191,6351492.0,-0.054,0.495,0.251,0.545,0.0,0.40212620684264977,0.22394323148477407,0.43502391034970883
Yemen,YEM,1967,0,0,15.3694,44.191,6516449.0,-0.053,0.485,0.254,0.468,0.0,0.3954147722546629,0.22633844221072896,0.38390093019232385
Yemen,YEM,1968,0,0,15.3694,44.191,6690524.0,-0.022,0.442,0.234,1.739,0.0,0.36603103886275734,0.21026092548319608,1.0075928902809412
Yemen,YEM,1969,0,0,15.3694,44.191,6875859.0,-0.026,0.389,0.218,0.68,0.0,0.3285840637722067,0.19721016928770527,0.5187937934151676
Yemen,YEM,1970,0,0,15.3694,44.191,7065279.0,-0.007,0.382,0.202,0.355,0.0,0.32353172534547814,0.18398683611301583,0.3038014543316642
Yemen,YEM,1971,0,0,15.3694,44.191,7257468.0,0.02,0.401,0.211,0.272,0.019802627296179712,0.33718626735486995,0.19144646457095518,0.24059046491793043
Yemen,YEM,1972,0,0,15.3694,44.191,7460068.0,0.009,0.389,0.204,0.2,0.008959741371471904,0.3285840637722067,0.1856493468866293,0.18232155679395465
Yemen,YEM,1973,0,0,15.3694,44.191,7672798.0,0.009,0.365,0.194,0.356,0.008959741371471904,0.31115442863692305,0.17730901497041035,0.3045391895182038
Yemen,YEM,1974,0,0,15.3694,44.191,7896789.0,0.044,0.377,0.2,0.284,0.04305948946044697,0.3199072197465178,0.18232155679395465,0.2499802052677694
Yemen,YEM,1975,0,0,15.3694,44.191,8133602.0,0.012,0.374,0.205,0.267,0.011928570865273802,0.3177261938001576,0.1864795669426183,0.23665190133900202
Yemen,YEM,1976,0,0,15.3694,44.191,8384119.0,-0.001,0.346,0.19,0.306,0.0,0.29713723122253605,0.173953307123438,0.26696903085423934
Yemen,YEM,1977,0,0,15.3694,44.191,8648223.0,-0.0,0.343,0.186,0.344,-0.0,0.2949059175411005,0.1705863005755337,0.2956502421009578
Yemen,YEM,1978,0,0,15.3694,44.191,8926592.0,-0.002,0.338,0.187,0.348,0.0,0.2911759617060367,0.171429115627531,0.2986220124901153
Yemen,YEM,1979,0,0,15.3694,44.191,9224198.0,-0.005,0.331,0.186,0.349,0.0,0.2859305394129746,0.1705863005755337,0.2993635772256188
Yemen,YEM,1980,0,0,15.3694,44.191,9543358.0,0.001,0.329,0.184,0.347,0.0009995003330835331,0.2844267797311083,0.16889853646181394,0.2978798974282269
Yemen,YEM,1981,0,0,15.3694,44.191,9882368.0,-0.001,0.325,0.182,0.428,0.0,0.28141245943818555,0.16720791898390644,0.35627486391739266
Yemen,YEM,1982,0,0,15.3694,44.191,10241006.0,0.001,0.321,0.18,0.58,0.0009995003330835331,0.2783890255401883,0.16551443847757338,0.4574248470388754
Yemen,YEM,1983,0,0,15.3694,44.191,10621498.0,0.002,0.317,0.178,0.594,0.001998002662673056,0.27535642276114397,0.16381808522939495,0.4662465803680233
Yemen,YEM,1984,0,0,15.3694,44.191,11025596.0,0.019,0.312,0.176,0.648,0.01882175424058776,0.2715526905218973,0.16211884947643518,0.49956243148727997
Yemen,YEM,1985,0,0,15.3694,44.191,11453825.0,0.014,0.307,0.174,0.754,0.013902905168991422,0.2677344346420849,0.16041672140590468,0.5618988939499913
Yemen,YEM,1986,0,0,15.3694,44.191,11901045.0,0.037,0.318,0.172,0.693,0.036331929247390274,0.27611543608031547,0.15871169115482087,0.5265021031509982
Yemen,YEM,1987,0,0,15.3694,44.191,12369914.0,0.025,0.332,0.166,0.7,0.0246926125903715,0.2866815721181974,0.15357908792830063,0.5306282510621704
Yemen,YEM,1988,0,0,15.3694,44.191,12859720.0,0.024,0.568,0.17,0.745,0.023716526617316044,0.4498009219282161,0.15700374880966475,0.5567545556543905
Yemen,YEM,1989,0,0,15.3694,44.191,13364180.0,0.392,0.586,0.166,0.746,0.3307415619122279,0.46121512321265623,0.15357908792830063,0.5573274574174104
Yemen,YEM,1990,0,0,15.3694,44.191,13887863.0,0.219,0.61,0.183,0.689,0.19803085049913446,0.4762341789963716,0.16805358499624973,0.524136637825663
Yemen,YEM,1991,0,0,15.3694,44.191,14430205.0,0.011,0.594,0.172,0.636,0.010939940038334364,0.4662465803680233,0.15871169115482087,0.4922542381805553
Yemen,YEM,1992,0,0,15.3694,44.191,14989497.0,0.548,0.558,0.171,0.662,0.4369637751675354,0.4434029474485566,0.1578580846155803,0.5080216964332565
Yemen,YEM,1993,0,0,15.3694,44.191,15563919.0,0.284,0.597,0.167,0.558,0.2499802052677694,0.4681268692328754,0.15443635330441893,0.4434029474485566
Yemen,YEM,1994,0,0,15.3694,44.191,16149147.0,0.179,0.648,0.163,0.617,0.16466662155523387,0.49956243148727997,0.1510028735365274,0.48057258059496977
Yemen,YEM,1995,0,0,15.3694,44.191,16740057.0,0.169,0.585,0.165,0.665,0.15614868248993136,0.46058440732924394,0.1527210870176639,0.5098251234324072
Yemen,YEM,1996,0,0,15.3694,44.191,17313181.0,0.089,0.593,0.166,0.657,0.08525984395082342,0.46561903092791146,0.15357908792830063,0.5050087384444258
Yemen,YEM,1997,0,0,15.3694,44.191,17873943.0,0.038,0.609,0.172,0.686,0.037295784743696894,0.47561286801024616,0.15871169115482087,0.5223588595796638
Yemen,YEM,1998,0,0,15.3694,44.191,18446015.0,0.022,0.59,0.175,0.701,0.02176149178151269,0.4637340162321401,0.16126814759612226,0.5312163134137247
Yemen,YEM,1999,0,0,15.3694,44.191,19029421.0,0.058,0.626,0.174,0.778,0.05638033343610764,0.48612301112561884,0.16041672140590468,0.5754891370917129
Yemen,YEM,2000,0,0,15.3694,44.191,19624139.0,-0.021,0.685,0.171,0.807,0.0,0.521765563804325,0.1578580846155803,0.5916680116100914
Yemen,YEM,2001,0,0,15.3694,44.191,20226146.0,0.128,0.645,0.175,0.85,0.12044615307586716,0.49774038421733524,0.16126814759612226,0.6151856390902335
Yemen,YEM,2002,0,0,15.3694,44.191,20835092.0,-0.033,0.627,0.171,0.802,0.0,0.48673782823690076,0.1578580846155803,0.5888971591861462
Yemen,YEM,2003,0,0,15.3694,44.191,21456379.0,0.145,0.702,0.178,0.867,0.13540463700620295,0.5318040301511824,0.16381808522939495,0.6243328645595856
Yemen,YEM,2004,0,0,15.3694,44.191,22095161.0,0.131,0.67,0.18,0.91,0.1231021971339834,0.5128236264286637,0.16551443847757338,0.6471032420585385
Yemen,YEM,2005,0,0,15.3694,44.191,22790082.0,0.184,0.752,0.175,0.956,0.16889853646181394,0.5607579925141997,0.16126814759612226,0.6709015716126255
Yemen,YEM,2006,0,0,15.3694,44.191,23543090.0,0.105,0.872,0.175,1.015,0.09984533496971613,0.6270073780554003,0.16126814759612226,0.7006191953986463
Yemen,YEM,2007,0,0,15.3694,44.191,24318090.0,-0.013,0.87,0.181,0.974,0.0,0.6259384308664953,0.16636153721522526,0.6800619410112898
Yemen,YEM,2008,0,0,15.3694,44.191,25111941.0,-0.061,0.772,0.178,0.977,0.0,0.5721088521828892,0.16381808522939495,0.6815805441884798
Yemen,YEM,2009,0,0,15.3694,44.191,25927723.0,0.118,0.781,0.17,1.037,0.11154137473290741,0.5771750043075247,0.15700374880966475,0.7114781372446687
Yemen,YEM,2010,0,0,15.3694,44.191,26754383.0,-0.019,0.786,0.169,0.965,0.0,0.5799784824543073,0.15614868248993136,0.6754922453212245
Yemen,YEM,2011,0,0,15.3694,44.191,27582902.0,0.026,0.68,0.163,0.82,0.02566774674857779,0.5187937934151676,0.1510028735365274,0.598836501088704
Yemen,YEM,2012,0,0,15.3694,44.191,28433655.0,-0.007,0.591,0.159,0.72,0.0,0.4643627493556498,0.14755756435761466,0.5423242908253617
Yemen,YEM,2013,0,0,15.3694,44.191,29312955.0,-0.037,0.621,0.164,0.931,0.0,0.48304324275353905,0.15186234930924608,0.6580380034463774
Yemen,YEM,2014,0,0,15.3694,44.191,30226311.0,-0.041,0.567,0.16,0.88,0.0,0.44916296337388373,0.14842000511827327,0.6312717768418579
Yemen,YEM,2015,0,0,15.3694,44.191,31159378.0,-0.055,0.357,0.143,0.453,0.0,0.30527638085273207,0.13365638481267358,0.37363038458814585
Yemen,YEM,2016,0,0,15.3694,44.191,32109023.0,0.029,0.317,0.138,0.313,0.028587456851912555,0.27535642276114397,0.12927233570413918,0.27231459532065916
Yemen,YEM,2017,0,0,15.3694,44.191,33090923.0,0.005,0.353,0.134,0.278,0.004987541511039074,0.302324349188651,0.12575120530556033,0.24529635595534308
Yemen,YEM,2018,0,0,15.3694,44.191,34085181.0,-0.003,0.37,0.126,0.338,0.0,0.31481073984003355,0.11867152971749864,0.2911759617060367
Yemen,YEM,2019,0,0,15.3694,44.191,35111416.0,-0.004,0.379,0.134,0.336,0.0,0.32135859881116474,0.12575120530556033,0.289680075114454
Yemen,YEM,2020,0,0,15.3694,44.191,36134867.0,-0.004,0.362,0.132,0.298,0.0,0.30895420772732063,0.1239859797809912,0.26082461828189824
Yemen,YEM,2021,0,0,15.3694,44.191,37140234.0,-0.002,0.351,0.131,0.286,0.0,0.3008450589780618,0.1231021971339834,0.25153662581542763
Yemen,YEM,2022,0,0,15.3694,44.191,38222878.0,0.001,0.332,0.129,0.272,0.0009995003330835331,0.2866815721181974,0.12133228516752496,0.24059046491793043
Yemen,YEM,2023,0,0,15.3694,44.191,39390800.0,0.003,0.294,0.128,0.257,0.002995508979798479,0.2577381960787088,0.12044615307586716,0.22872792960811036
Yemen,YEM,2024,0,0,15.3694,44.191,40583173.0,0.005,0.285,0.126,0.249,0.004987541511039074,0.2507587183471831,0.11867152971749864,0.22234323114344062
